# Blender v3.3.0 OBJ File: 'Castle2.blend'
# www.blender.org
mtllib Pack_Towers.mtl
o Castle.004_Cube.003_Cube.014
v 1.672918 0.984421 9.348978
v 1.877221 0.777393 9.552650
v 1.518199 0.777393 9.911431
v 1.598582 0.000000 9.991066
v 1.970320 0.777394 6.447351
v 2.126165 0.000000 6.366977
v 1.570579 0.777394 6.088571
v 1.702943 0.000000 6.008934
v -1.586617 0.777394 6.088571
v -1.666999 0.000000 6.008934
v -1.945639 0.777394 6.447352
v -2.025275 0.000000 6.366977
v -1.945639 0.777393 9.552650
v -2.025275 0.000000 9.633023
v 1.956858 0.000000 9.633023
v -1.382899 0.984421 6.292874
v 1.723003 0.984421 6.651025
v 1.314480 0.984421 9.707129
v -1.382899 0.984421 9.707129
v -1.586617 0.777393 9.911431
v -1.741338 1.849184 9.350511
v -1.741338 0.984421 9.348978
v -1.741338 0.984421 6.651025
v 1.337879 0.984421 6.292874
v 1.672918 1.821443 6.649493
v 1.315971 1.849184 9.707129
v -1.384390 1.849184 9.707129
v -1.053958 2.173159 9.438541
v -1.384390 1.849185 6.292874
v -0.221577 4.404988 9.438542
v -0.221577 5.920161 9.438542
v -1.573426 7.939155 9.088518
v 1.672918 1.849184 9.350511
v 1.401580 2.173159 9.017492
v 1.315971 1.831685 6.292874
v 0.980031 2.111551 6.561458
v -1.741338 1.849185 6.649493
v -1.475508 2.173159 6.982507
v -1.691224 8.285707 9.230660
v 1.490045 9.026208 10.085654
v 1.912445 9.026208 9.635226
v 1.491689 9.000558 5.903097
v -1.986371 9.026208 6.365035
v 0.147649 5.920161 6.561458
v -1.239565 8.283043 9.683018
v -1.475508 5.920161 7.815384
v -1.124347 7.939153 9.536569
v 1.401580 5.836589 8.184611
v 1.613338 8.261110 9.225891
v 1.499495 7.914167 9.088518
v 1.915787 8.974057 6.341630
v 1.050415 7.930794 9.536569
v -1.563972 9.026208 5.914608
v 1.163942 8.274358 9.680867
v -1.986371 9.026208 9.635226
v -0.880413 9.550713 6.634224
v -1.100090 9.688925 6.409244
v 1.249047 9.546299 7.072776
v 1.461400 9.675535 6.832952
v 0.806506 9.550713 9.365723
v 1.026185 9.688925 9.590704
v -1.322681 9.550713 8.925390
v -1.534480 9.688925 9.161595
v -1.103941 9.884046 6.409244
v 1.461175 9.874320 6.828533
v 1.030036 9.884046 9.590704
v -1.534480 9.884046 9.167493
v -0.880413 9.550713 9.365723
v -1.552038 9.884046 5.914609
v 1.913689 9.864629 6.367363
v 1.478112 9.884046 10.085654
v -1.986371 9.884046 9.624184
v -1.100090 9.688925 9.590704
v -1.103941 9.884046 9.590704
v 1.912445 9.884046 9.624184
v 1.478531 9.877503 5.911674
v -1.986371 9.884046 6.376078
v -1.475508 2.173159 9.017492
v 1.401580 2.088208 6.982507
v -1.563972 9.026208 10.085654
v -1.475508 5.920161 8.184611
v 0.147648 5.910238 9.438542
v 1.401580 5.885257 7.815384
v -0.221577 5.920161 6.561458
v 1.026300 9.687059 6.408492
v 1.030084 9.883269 6.408931
v -1.552038 9.884046 10.085654
v 0.980031 2.173159 9.438541
v -1.053958 2.173159 6.561458
v -1.534480 9.688925 6.838352
v -1.534480 9.884046 6.832455
v 1.460576 9.688925 9.161595
v 1.460576 9.884046 9.167493
v -1.322681 9.550713 7.074555
v 1.248775 9.550713 8.925392
v 0.806506 9.550713 6.634224
v 0.147649 4.403838 6.561458
v 1.401580 4.387652 8.184611
v -1.475508 4.404988 7.815384
v -1.552038 10.225417 10.085654
v -1.103941 10.225417 9.590704
v -1.534480 10.225417 9.167493
v -1.986371 10.225417 9.624184
v -1.475508 4.404988 8.184611
v 0.147648 4.404988 9.438542
v -1.320861 4.404988 7.835230
v -1.320861 5.920161 7.835231
v 1.401580 4.391577 7.815384
v -0.221577 4.404988 6.561458
v 0.127803 4.404988 9.283897
v -0.201730 4.404988 9.283897
v -1.320861 5.920161 8.164764
v -1.320861 4.404988 8.164764
v 1.246933 5.838681 8.164764
v 1.246933 5.882488 7.835231
v 1.246933 4.392450 7.835230
v 1.246933 4.388299 8.164764
v 0.127803 5.920161 6.716105
v -0.201730 5.920161 6.716105
v -0.201730 4.404988 6.716104
v 0.127803 4.403809 6.716104
v -0.201730 5.920161 9.283897
v 0.127803 5.906881 9.283897
v -1.666999 0.000000 9.991066
v 1.030036 10.225417 6.409244
v 1.478124 10.225242 5.914532
v 1.030036 10.225417 9.590704
v 1.460576 10.225417 9.167493
v 1.912733 10.220916 6.374059
v -1.103941 10.225417 6.409244
v -1.552038 10.225417 5.914609
v -1.986371 10.225417 6.376078
v -1.534480 10.225417 6.832455
v 1.460630 10.224534 6.832098
v 1.478112 10.225417 10.085654
v 1.912445 10.225417 9.624184
v -0.811458 9.884046 9.590704
v -0.268323 9.884046 9.590704
v 0.194418 9.884046 9.590704
v 0.737553 9.884046 9.590704
v 0.768733 9.884046 10.085654
v 0.203725 9.884046 10.085654
v -0.277652 9.884046 10.085654
v -0.842659 9.884046 10.085654
v -1.986371 9.884046 8.862084
v -1.986371 9.884046 8.257625
v -1.986371 9.884046 7.742636
v -1.986371 9.884046 7.138177
v -1.534480 9.884046 7.225469
v -1.534480 9.884046 7.768603
v -1.534480 9.884046 8.231345
v -1.534480 9.884046 8.774480
v 0.737577 9.883376 6.408974
v 0.194442 9.883573 6.409053
v -0.268299 9.883742 6.409122
v -0.811434 9.883939 6.409201
v -0.842449 9.882514 5.913921
v -0.277442 9.881293 5.913374
v 0.203935 9.880254 5.912908
v 0.768942 9.879035 5.912361
v 1.460677 9.882403 8.772526
v 1.460816 9.880145 8.229385
v 1.460935 9.878221 7.766639
v 1.461074 9.875962 7.223499
v 1.913396 9.869199 7.133819
v 1.913165 9.872802 7.738279
v 1.912969 9.875873 8.253269
v 1.912737 9.879476 8.857730
v -0.267494 10.225417 9.589793
v -0.810629 10.225417 9.589793
v -0.841797 10.225417 10.084641
v -0.276789 10.225417 10.084641
v 0.204587 10.225417 10.084641
v 0.769595 10.225417 10.084641
v 0.738382 10.225417 9.589793
v 0.195247 10.225417 9.589793
v -1.533651 10.225417 7.767693
v -1.533651 10.225417 7.224558
v -1.985509 10.225417 7.137164
v -1.985509 10.225417 7.741623
v -1.985509 10.225417 8.256612
v -1.985509 10.225417 8.861071
v -1.533651 10.225417 8.773569
v -1.533651 10.225417 8.230434
v 0.195271 10.225415 6.408143
v 0.738406 10.225415 6.408063
v 0.769804 10.225415 5.911347
v 0.204797 10.225415 5.911895
v -0.276580 10.225415 5.912361
v -0.841587 10.225415 5.912909
v -0.810605 10.225415 6.408291
v -0.267470 10.225415 6.408211
v 1.461645 10.225417 8.228475
v 1.461506 10.225417 8.771615
v 1.913600 10.225417 8.856716
v 1.913831 10.225417 8.252256
v 1.914027 10.225417 7.737266
v 1.914259 10.225417 7.132805
v 1.461903 10.225417 7.222589
v 1.461764 10.225417 7.765729
v -1.055048 7.886867 9.438542
v -1.162923 8.337781 9.575659
v 1.087411 8.326392 9.573645
v 0.981119 7.875907 9.438542
v 0.981120 7.886859 6.561454
v 1.091940 8.336651 6.418607
v -1.586317 8.342163 6.847302
v -1.475508 7.886869 6.980957
v 1.401580 7.854105 9.019045
v 1.508168 8.309022 9.147664
v 1.516202 8.333198 6.837594
v 1.401764 7.883843 6.979751
v -1.055048 7.886868 6.561458
v -1.164149 8.339884 6.422840
v -1.585798 8.341275 9.152129
v -1.475508 7.886869 9.019046
v 1.050416 7.939147 6.463646
v 1.168779 8.282181 6.311077
v 1.621919 8.279548 6.758582
v 1.499691 7.936847 6.910415
v -1.124347 7.939155 6.463651
v -1.240874 8.284647 6.315598
v -1.691778 8.286385 6.768952
v -1.573426 7.939155 6.911704
v 1.027668 7.484358 9.513373
v 0.344304 7.484358 9.513373
v -0.118876 7.313954 9.497809
v -0.802241 7.313954 9.497809
v -0.801198 7.620941 9.496797
v -0.117834 7.620941 9.496797
v 0.345347 7.791345 9.512361
v 1.028711 7.791345 9.512361
v -0.802241 7.313613 9.341722
v -0.118876 7.313613 9.341722
v 0.344304 7.484017 9.340700
v 1.027668 7.484017 9.340700
v -0.801198 7.620600 9.340710
v -0.117834 7.620600 9.340710
v 0.345347 7.791004 9.339687
v 1.028711 7.791004 9.339687
v 0.574364 6.847481 9.513381
v -0.109000 6.847481 9.513381
v -0.107957 7.154468 9.512367
v 0.575407 7.154468 9.512367
v -0.109000 6.847140 9.332709
v 0.574364 6.847140 9.332709
v -0.107957 7.154127 9.331697
v 0.575407 7.154127 9.331697
v 0.031209 6.136748 9.469568
v -0.652155 6.136748 9.469568
v -0.651112 6.443735 9.468554
v 0.032252 6.443735 9.468554
v -0.652155 6.136407 9.341722
v 0.031209 6.136407 9.341722
v -0.651112 6.443394 9.340710
v 0.032252 6.443394 9.340710
v 1.077194 3.419108 9.469568
v 0.393830 3.419108 9.469568
v 0.394873 3.726095 9.468554
v 1.078237 3.726095 9.468554
v 0.393830 3.418767 9.341722
v 1.077194 3.418767 9.341722
v 0.394873 3.725754 9.340709
v 1.078237 3.725754 9.340709
v -0.054992 3.153783 9.488596
v -0.738356 3.153783 9.488596
v -0.737314 3.460769 9.487583
v -0.053949 3.460769 9.487583
v -0.738356 3.153442 9.377117
v -0.054992 3.153442 9.377117
v -0.737314 3.460428 9.376104
v -0.053949 3.460428 9.376104
v 0.876041 2.770405 9.469567
v 0.192676 2.770405 9.469567
v 0.193719 3.077391 9.468554
v 0.877083 3.077391 9.468554
v 0.192676 2.770063 9.341722
v 0.876041 2.770063 9.341722
v 0.193719 3.077050 9.340709
v 0.877083 3.077050 9.340709
v 0.017971 2.318445 9.507268
v -0.665393 2.318445 9.507268
v -0.664350 2.625431 9.506255
v 0.019014 2.625431 9.506255
v -0.665393 2.318104 9.379422
v 0.017971 2.318104 9.379422
v -0.664350 2.625090 9.378409
v 0.019014 2.625090 9.378409
v -0.412787 3.692972 9.469568
v -1.096151 3.692972 9.469568
v -1.095108 3.999958 9.468554
v -0.411744 3.999958 9.468554
v -1.096151 3.692631 9.341722
v -0.412787 3.692631 9.341722
v -1.095108 3.999617 9.340709
v -0.411744 3.999617 9.340709
v 0.516368 3.946741 9.469568
v -0.166996 3.946741 9.469568
v -0.165954 4.253727 9.468554
v 0.517411 4.253727 9.468554
v -0.166996 3.946400 9.341722
v 0.516368 3.946400 9.341722
v -0.165954 4.253386 9.340710
v 0.517411 4.253386 9.340710
v 1.052260 5.561743 9.469568
v 0.368896 5.561743 9.469568
v 0.369939 5.868730 9.468554
v 1.053303 5.868730 9.468554
v 0.368896 5.561402 9.341722
v 1.052260 5.561402 9.341722
v 0.369939 5.868389 9.340710
v 1.053303 5.868389 9.340710
v -0.295560 5.504989 9.488371
v -0.978924 5.504989 9.488371
v -0.977881 5.811976 9.487358
v -0.294517 5.811976 9.487358
v -0.978924 5.504648 9.341722
v -0.295560 5.504648 9.341722
v -0.977881 5.811635 9.340710
v -0.294517 5.811635 9.340710
v -0.462462 4.666687 9.475389
v -1.145826 4.666687 9.475389
v -1.144783 4.973674 9.474376
v -0.461419 4.973674 9.474376
v -1.145826 4.666347 9.347544
v -0.462462 4.666347 9.347544
v -1.144783 4.973333 9.346531
v -0.461419 4.973333 9.346531
v 0.894024 4.580164 9.502386
v 0.210660 4.580164 9.502386
v 0.211703 4.887151 9.501373
v 0.895067 4.887151 9.501373
v 0.210660 4.579823 9.341722
v 0.894024 4.579823 9.341722
v 0.211703 4.886810 9.340710
v 0.895067 4.886810 9.340710
v -1.546230 7.407313 9.026289
v -1.546230 7.407313 8.342925
v -1.529863 7.313955 7.926953
v -1.529863 7.313955 7.243589
v -1.528850 7.620942 7.244632
v -1.528850 7.620942 7.927996
v -1.545216 7.714300 8.343968
v -1.545216 7.714300 9.027332
v -1.418384 7.313613 7.243589
v -1.418384 7.313613 7.926953
v -1.418384 7.406972 8.342925
v -1.418384 7.406972 9.026289
v -1.417371 7.620600 7.244632
v -1.417371 7.620600 7.927996
v -1.417371 7.713959 8.343968
v -1.417371 7.713959 9.027332
v -1.599055 6.816130 8.494948
v -1.599055 6.816130 7.811584
v -1.598042 7.123116 7.812627
v -1.598042 7.123116 8.495991
v -1.418384 6.815789 7.811584
v -1.418384 6.815789 8.494948
v -1.417371 7.122776 7.812627
v -1.417371 7.122776 8.495991
v -1.546229 6.237635 7.672083
v -1.546229 6.237635 6.988719
v -1.545216 6.544622 6.989762
v -1.545216 6.544622 7.673126
v -1.418384 6.237294 6.988719
v -1.418384 6.237294 7.672083
v -1.417371 6.544281 6.989762
v -1.417371 6.544281 7.673126
v -1.529863 6.332571 8.960236
v -1.529863 6.332571 8.276871
v -1.528849 6.639557 8.277914
v -1.528849 6.639557 8.961278
v -1.418384 6.332229 8.276872
v -1.418384 6.332229 8.960236
v -1.417371 6.639216 8.277914
v -1.417371 6.639216 8.961278
v -1.546229 3.419108 9.123024
v -1.546229 3.419108 8.439660
v -1.545216 3.726095 8.440702
v -1.545216 3.726095 9.124066
v -1.418384 3.418767 8.439660
v -1.418384 3.418767 9.123024
v -1.417370 3.725754 8.440702
v -1.417370 3.725754 9.124066
v -1.540260 2.766604 9.016805
v -1.540260 2.766604 8.333441
v -1.539247 3.073591 8.334483
v -1.539247 3.073591 9.017848
v -1.412415 2.766263 8.333441
v -1.412415 2.766263 9.016805
v -1.411402 3.073250 8.334483
v -1.411402 3.073250 9.017848
v -1.583929 2.318445 8.063801
v -1.583929 2.318445 7.380437
v -1.582916 2.625431 7.381479
v -1.582916 2.625431 8.064843
v -1.456084 2.318104 7.380437
v -1.456084 2.318104 8.063801
v -1.455071 2.625090 7.381479
v -1.455071 2.625090 8.064843
v -1.546229 3.692972 7.633043
v -1.546229 3.692972 6.949679
v -1.545216 3.999958 6.950722
v -1.545216 3.999958 7.634086
v -1.418384 3.692631 6.949679
v -1.418384 3.692631 7.633043
v -1.417370 3.999617 6.950722
v -1.417370 3.999617 7.634086
v -1.546229 3.946741 8.562198
v -1.546229 3.946741 7.878833
v -1.545216 4.253727 7.879876
v -1.545216 4.253727 8.563240
v -1.418384 3.946400 7.878833
v -1.418384 3.946400 8.562198
v -1.417370 4.253386 7.879876
v -1.417370 4.253386 8.563240
v -1.546229 5.561743 9.098089
v -1.546229 5.561743 8.414725
v -1.545216 5.868730 8.415769
v -1.545216 5.868730 9.099133
v -1.418384 5.561402 8.414725
v -1.418384 5.561402 9.098089
v -1.417371 5.868389 8.415769
v -1.417371 5.868389 9.099133
v -1.514173 5.052041 7.570992
v -1.514173 5.052041 6.887629
v -1.513160 5.359028 6.888671
v -1.513160 5.359028 7.572035
v -1.367524 5.051700 6.887629
v -1.367524 5.051700 7.570992
v -1.366511 5.358687 6.888671
v -1.366511 5.358687 7.572035
v -1.529863 4.580164 8.939854
v -1.529863 4.580164 8.256490
v -1.528849 4.887151 8.257533
v -1.528849 4.887151 8.940897
v -1.418384 4.579823 8.256490
v -1.418384 4.579823 8.939854
v -1.417371 4.886810 8.257533
v -1.417371 4.886810 8.940897
v -0.980461 7.407313 6.530432
v -0.297096 7.407313 6.530432
v 0.118876 7.313955 6.497906
v 0.802240 7.313955 6.497906
v 0.801197 7.620942 6.498919
v 0.117833 7.620942 6.498919
v -0.298139 7.714300 6.531445
v -0.981503 7.714300 6.531445
v 0.802240 7.313613 6.658277
v 0.118876 7.313613 6.658277
v -0.297096 7.406971 6.658277
v -0.980461 7.406971 6.658278
v 0.801197 7.620600 6.659290
v 0.117833 7.620600 6.659290
v -0.298139 7.713958 6.659290
v -0.981503 7.713958 6.659290
v -0.530755 6.816130 6.477606
v 0.152609 6.816130 6.477606
v 0.151566 7.123117 6.478620
v -0.531798 7.123117 6.478620
v 0.152609 6.815789 6.658278
v -0.530755 6.815789 6.658278
v 0.151566 7.122775 6.659290
v -0.531798 7.122775 6.659290
v 0.373746 6.590317 6.530432
v 1.057110 6.590317 6.530432
v 1.056067 6.897304 6.531445
v 0.372703 6.897304 6.531445
v 1.057110 6.589975 6.658278
v 0.373746 6.589975 6.658278
v 1.056067 6.896962 6.659290
v 0.372703 6.896962 6.659290
v -0.031210 6.136749 6.530432
v 0.652154 6.136749 6.530432
v 0.651112 6.443736 6.531445
v -0.032253 6.443736 6.531445
v 0.652154 6.136407 6.658278
v -0.031210 6.136407 6.658278
v 0.651112 6.443394 6.659290
v -0.032253 6.443394 6.659290
v -1.077195 3.419108 6.510020
v -0.393830 3.419108 6.510020
v -0.394873 3.726095 6.511033
v -1.078238 3.726095 6.511033
v -0.393830 3.418767 6.658278
v -1.077195 3.418767 6.658278
v -0.394873 3.725754 6.659291
v -1.078238 3.725754 6.659291
v -0.696205 2.961637 6.477607
v -0.012841 2.961637 6.477607
v -0.013883 3.268624 6.478620
v -0.697247 3.268624 6.478620
v -0.012841 2.961296 6.658278
v -0.696205 2.961296 6.658278
v -0.013883 3.268282 6.659291
v -0.697247 3.268282 6.659291
v -0.017972 2.318445 6.492732
v 0.665393 2.318445 6.492732
v 0.664350 2.625431 6.493745
v -0.019014 2.625431 6.493745
v 0.665393 2.318104 6.620577
v -0.017972 2.318104 6.620577
v 0.664350 2.625090 6.621591
v -0.019014 2.625090 6.621591
v 0.412786 3.692972 6.530432
v 1.096150 3.692972 6.530432
v 1.095107 3.999958 6.531446
v 0.411744 3.999958 6.531446
v 1.096150 3.692631 6.658278
v 0.412786 3.692631 6.658278
v 1.095107 3.999617 6.659291
v 0.411744 3.999617 6.659291
v -0.516368 3.946741 6.530432
v 0.166996 3.946741 6.530432
v 0.165953 4.253727 6.531446
v -0.517411 4.253727 6.531446
v 0.166996 3.946400 6.658278
v -0.516368 3.946400 6.658278
v 0.165953 4.253386 6.659291
v -0.517411 4.253386 6.659291
v -1.087348 5.561744 6.482973
v -0.368896 5.561744 6.482973
v -0.369939 5.868731 6.483986
v -1.088390 5.868731 6.483986
v -0.368896 5.561402 6.658278
v -1.087348 5.561402 6.658278
v -0.369939 5.868389 6.659290
v -1.088390 5.868389 6.659290
v 0.295560 5.504990 6.511629
v 0.978924 5.504990 6.511629
v 0.977881 5.811976 6.512641
v 0.294517 5.811976 6.512642
v 0.978924 5.504648 6.658278
v 0.295560 5.504648 6.658278
v 0.977881 5.811635 6.659290
v 0.294517 5.811635 6.659290
v 0.462462 4.666688 6.524611
v 1.145826 4.666688 6.524611
v 1.144783 4.973675 6.525624
v 0.461419 4.973675 6.525624
v 1.145826 4.666347 6.652456
v 0.462462 4.666347 6.652456
v 1.144783 4.973333 6.653470
v 0.461419 4.973333 6.653470
v -1.137416 4.580164 6.546799
v -0.454052 4.580164 6.546799
v -0.455095 4.887151 6.547812
v -1.138459 4.887151 6.547812
v -0.454052 4.579823 6.658278
v -1.137416 4.579823 6.658278
v -0.455095 4.886809 6.659291
v -1.138459 4.886809 6.659291
v 1.469527 7.407312 6.973711
v 1.469527 7.407313 7.657074
v 1.453160 7.313955 8.073047
v 1.453160 7.313955 8.756411
v 1.452147 7.620942 8.755368
v 1.452146 7.620942 8.072003
v 1.468513 7.714300 7.656032
v 1.468513 7.714299 6.972668
v 1.341681 7.313614 8.756411
v 1.341681 7.313613 8.073047
v 1.341681 7.406972 7.657074
v 1.341681 7.406971 6.973711
v 1.340668 7.620601 8.755368
v 1.340668 7.620600 8.072004
v 1.340668 7.713959 7.656032
v 1.340668 7.713958 6.972668
v 1.469526 6.590317 8.327916
v 1.469526 6.590317 9.011281
v 1.468513 6.897304 9.010238
v 1.468513 6.897304 8.326874
v 1.341681 6.589976 9.011281
v 1.341681 6.589976 8.327916
v 1.340668 6.896963 9.010238
v 1.340668 6.896963 8.326874
v 1.453159 6.332570 7.039764
v 1.453159 6.332571 7.723129
v 1.452146 6.639557 7.722086
v 1.452146 6.639557 7.038722
v 1.341681 6.332229 7.723129
v 1.341681 6.332229 7.039764
v 1.340668 6.639216 7.722086
v 1.340668 6.639215 7.038722
v 1.469526 6.136748 7.922961
v 1.469526 6.136748 8.606325
v 1.468513 6.443735 8.605282
v 1.468513 6.443735 7.921918
v 1.341681 6.136407 8.606325
v 1.341681 6.136407 7.922961
v 1.340668 6.443394 8.605282
v 1.340668 6.443394 7.921918
v 1.469526 3.419108 6.876976
v 1.469526 3.419108 7.560340
v 1.468513 3.726095 7.559298
v 1.468513 3.726095 6.875933
v 1.341680 3.418767 7.560340
v 1.341680 3.418767 6.876976
v 1.340667 3.725754 7.559298
v 1.340667 3.725754 6.875933
v 1.488554 3.153783 8.009162
v 1.488554 3.153783 8.692527
v 1.487541 3.460769 8.691483
v 1.487541 3.460769 8.008120
v 1.377075 3.153442 8.692527
v 1.377075 3.153442 8.009162
v 1.376062 3.460428 8.691483
v 1.376062 3.460428 8.008120
v 1.469526 2.442110 7.078130
v 1.469526 2.442110 7.761494
v 1.468513 2.749097 7.760451
v 1.468512 2.749097 7.077086
v 1.341680 2.441769 7.761494
v 1.341680 2.441769 7.078130
v 1.340667 2.748755 7.760451
v 1.340667 2.748756 7.077086
v 1.507226 2.318445 7.936199
v 1.507226 2.318445 8.619563
v 1.506213 2.625432 8.618521
v 1.506213 2.625431 7.935156
v 1.379381 2.318104 8.619563
v 1.379381 2.318104 7.936199
v 1.378368 2.625090 8.618521
v 1.378368 2.625090 7.935156
v 1.469526 3.692972 8.366957
v 1.469526 3.692971 9.050321
v 1.468513 3.999958 9.049278
v 1.468513 3.999959 8.365914
v 1.341681 3.692630 9.050321
v 1.341680 3.692631 8.366957
v 1.340667 3.999617 9.049278
v 1.340667 3.999617 8.365914
v 1.469526 3.946741 7.437802
v 1.469526 3.946741 8.121166
v 1.468513 4.253727 8.120124
v 1.468513 4.253727 7.436759
v 1.341681 3.946400 8.121166
v 1.341681 3.946399 7.437802
v 1.340667 4.253386 8.120124
v 1.340667 4.253386 7.436759
v 1.469526 5.561743 6.901910
v 1.469526 5.561743 7.585274
v 1.468513 5.868730 7.584231
v 1.468513 5.868730 6.900867
v 1.341681 5.561402 7.585274
v 1.341681 5.561402 6.901910
v 1.340668 5.868389 7.584231
v 1.340667 5.868389 6.900867
v 1.475347 4.666687 8.416633
v 1.475347 4.666688 9.099997
v 1.474334 4.973675 9.098953
v 1.474334 4.973674 8.415589
v 1.347502 4.666348 9.099997
v 1.347502 4.666347 8.416633
v 1.346489 4.973334 9.098953
v 1.346488 4.973333 8.415589
v 1.453159 4.580164 7.060146
v 1.453159 4.580164 7.743510
v 1.452146 4.887151 7.742467
v 1.452146 4.887151 7.059103
v 1.341681 4.579823 7.743510
v 1.341680 4.579823 7.060146
v 1.340667 4.886810 7.742467
v 1.340668 4.886809 7.059103
vt 0.157060 0.970147
vt 0.157060 0.970147
vt 0.157060 0.970147
vt 0.157060 0.970147
vt 0.157061 0.970146
vt 0.157061 0.970146
vt 0.157061 0.970146
vt 0.157061 0.970146
vt 0.157061 0.970146
vt 0.157061 0.970146
vt 0.157061 0.970146
vt 0.157061 0.970146
vt 0.157060 0.970147
vt 0.157060 0.970147
vt 0.157060 0.970147
vt 0.157060 0.970147
vt 0.032665 0.967586
vt 0.032665 0.967586
vt 0.032665 0.967586
vt 0.032665 0.967586
vt 0.032665 0.967586
vt 0.032665 0.967586
vt 0.032665 0.967586
vt 0.032665 0.967586
vt 0.032665 0.967586
vt 0.032665 0.967586
vt 0.032665 0.967586
vt 0.032665 0.967586
vt 0.032665 0.967586
vt 0.032665 0.967586
vt 0.032665 0.967586
vt 0.032665 0.967586
vt 0.157061 0.970146
vt 0.157061 0.970146
vt 0.157061 0.970146
vt 0.157061 0.970146
vt 0.157060 0.970147
vt 0.157060 0.970147
vt 0.157060 0.970147
vt 0.157060 0.970147
vt 0.032665 0.967586
vt 0.032665 0.967586
vt 0.032665 0.967586
vt 0.032665 0.967586
vt 0.032665 0.967586
vt 0.032665 0.967586
vt 0.032665 0.967586
vt 0.032665 0.967586
vt 0.032665 0.967586
vt 0.032665 0.967586
vt 0.032665 0.967586
vt 0.032665 0.967586
vt 0.032665 0.967586
vt 0.032665 0.967586
vt 0.032665 0.967586
vt 0.032665 0.967586
vt 0.032665 0.967586
vt 0.032665 0.967586
vt 0.032665 0.967586
vt 0.032665 0.967586
vt 0.032665 0.967586
vt 0.032665 0.967586
vt 0.032665 0.967586
vt 0.096332 0.967586
vt 0.096332 0.967586
vt 0.096332 0.967586
vt 0.096332 0.967586
vt 0.096332 0.967586
vt 0.096332 0.967586
vt 0.096332 0.967586
vt 0.096332 0.967586
vt 0.032665 0.967586
vt 0.032665 0.967586
vt 0.032665 0.967586
vt 0.032665 0.967586
vt 0.032665 0.967586
vt 0.032665 0.967586
vt 0.032665 0.967586
vt 0.032665 0.967586
vt 0.032665 0.967586
vt 0.032665 0.967586
vt 0.032665 0.967586
vt 0.032665 0.967586
vt 0.032665 0.967586
vt 0.032665 0.967586
vt 0.032665 0.967586
vt 0.032665 0.967586
vt 0.032665 0.967586
vt 0.032665 0.967586
vt 0.032665 0.967586
vt 0.032665 0.967586
vt 0.032665 0.967586
vt 0.032665 0.967586
vt 0.032665 0.967586
vt 0.032665 0.967586
vt 0.032665 0.967586
vt 0.032665 0.967586
vt 0.032665 0.967586
vt 0.032665 0.967586
vt 0.032665 0.967586
vt 0.032665 0.967586
vt 0.032665 0.967586
vt 0.032665 0.967586
vt 0.032665 0.967586
vt 0.157060 0.970147
vt 0.157060 0.970147
vt 0.157060 0.970147
vt 0.157060 0.970147
vt 0.157061 0.970146
vt 0.157061 0.970146
vt 0.157061 0.970146
vt 0.157061 0.970146
vt 0.032665 0.967586
vt 0.032665 0.967586
vt 0.032665 0.967586
vt 0.032665 0.967586
vt 0.032665 0.967586
vt 0.032665 0.967586
vt 0.032665 0.967586
vt 0.032665 0.967586
vt 0.032665 0.967586
vt 0.032665 0.967586
vt 0.032665 0.967586
vt 0.032665 0.967586
vt 0.032665 0.967586
vt 0.032665 0.967586
vt 0.032665 0.967586
vt 0.032665 0.967586
vt 0.032665 0.967586
vt 0.096332 0.967586
vt 0.096332 0.967586
vt 0.096332 0.967586
vt 0.096332 0.967586
vt 0.096332 0.967586
vt 0.096332 0.967586
vt 0.096332 0.967586
vt 0.096332 0.967586
vt 0.032665 0.967586
vt 0.032665 0.967586
vt 0.032665 0.967586
vt 0.032665 0.967586
vt 0.032665 0.967586
vt 0.032665 0.967586
vt 0.032665 0.967586
vt 0.032665 0.967586
vt 0.032665 0.967586
vt 0.032665 0.967586
vt 0.032665 0.967586
vt 0.032665 0.967586
vt 0.032665 0.967586
vt 0.032665 0.967586
vt 0.032665 0.967586
vt 0.032665 0.967586
vt 0.032665 0.967586
vt 0.032665 0.967586
vt 0.032665 0.967586
vt 0.032665 0.967586
vt 0.032665 0.967586
vt 0.032665 0.967586
vt 0.032665 0.967586
vt 0.032665 0.967586
vt 0.032665 0.967586
vt 0.032665 0.967586
vt 0.032665 0.967586
vt 0.157061 0.970146
vt 0.157061 0.970146
vt 0.157061 0.970146
vt 0.157061 0.970146
vt 0.032665 0.967586
vt 0.032665 0.967586
vt 0.032665 0.967586
vt 0.032665 0.967586
vt 0.032665 0.967586
vt 0.032665 0.967586
vt 0.032665 0.967586
vt 0.032665 0.967586
vt 0.032665 0.967586
vt 0.032665 0.967586
vt 0.032665 0.967586
vt 0.032665 0.967586
vt 0.032665 0.967586
vt 0.032665 0.967586
vt 0.032665 0.967586
vt 0.032665 0.967586
vt 0.032665 0.967586
vt 0.032665 0.967586
vt 0.032665 0.967586
vt 0.032665 0.967586
vt 0.032665 0.967586
vt 0.032665 0.967586
vt 0.094245 0.967586
vt 0.094245 0.967586
vt 0.094245 0.967586
vt 0.094245 0.967586
vt 0.032665 0.967586
vt 0.032665 0.967586
vt 0.032665 0.967586
vt 0.032665 0.967586
vt 0.032665 0.967586
vt 0.032665 0.967586
vt 0.032665 0.967586
vt 0.032665 0.967586
vt 0.032665 0.967586
vt 0.032665 0.967586
vt 0.032665 0.967586
vt 0.094245 0.967586
vt 0.094245 0.967586
vt 0.094245 0.967586
vt 0.094245 0.967586
vt 0.032665 0.967586
vt 0.032665 0.967586
vt 0.032665 0.967586
vt 0.032665 0.967586
vt 0.032665 0.967586
vt 0.032665 0.967586
vt 0.032665 0.967586
vt 0.222531 0.967726
vt 0.222531 0.967726
vt 0.222531 0.967726
vt 0.222531 0.967726
vt 0.222531 0.967726
vt 0.222531 0.967726
vt 0.222531 0.967726
vt 0.222531 0.967726
vt 0.222531 0.967726
vt 0.222531 0.967726
vt 0.222531 0.967726
vt 0.222531 0.967726
vt 0.222531 0.967726
vt 0.222531 0.967726
vt 0.222531 0.967726
vt 0.222531 0.967726
vt 0.032665 0.967586
vt 0.032665 0.967586
vt 0.032665 0.967586
vt 0.032665 0.967586
vt 0.032665 0.967586
vt 0.032665 0.967586
vt 0.032665 0.967586
vt 0.032665 0.967586
vt 0.032665 0.967586
vt 0.032665 0.967586
vt 0.032665 0.967586
vt 0.032665 0.967586
vt 0.032665 0.967586
vt 0.032665 0.967586
vt 0.032665 0.967586
vt 0.032665 0.967586
vt 0.032665 0.967586
vt 0.032665 0.967586
vt 0.032665 0.967586
vt 0.032665 0.967586
vt 0.032665 0.967586
vt 0.032665 0.967586
vt 0.032665 0.967586
vt 0.032665 0.967586
vt 0.032665 0.967586
vt 0.032665 0.967586
vt 0.032665 0.967586
vt 0.032665 0.967586
vt 0.032665 0.967586
vt 0.032665 0.967586
vt 0.032665 0.967586
vt 0.032665 0.967586
vt 0.032665 0.967586
vt 0.032665 0.967586
vt 0.032665 0.967586
vt 0.032665 0.967586
vt 0.157061 0.970146
vt 0.157061 0.970146
vt 0.157061 0.970146
vt 0.157061 0.970146
vt 0.157061 0.970146
vt 0.157061 0.970146
vt 0.157061 0.970146
vt 0.157060 0.970146
vt 0.157060 0.970146
vt 0.157060 0.970146
vt 0.157061 0.970146
vt 0.157061 0.970146
vt 0.157061 0.970146
vt 0.157061 0.970146
vt 0.157061 0.970146
vt 0.157060 0.970146
vt 0.157060 0.970146
vt 0.157061 0.970146
vt 0.157061 0.970146
vt 0.157061 0.970146
vt 0.157061 0.970146
vt 0.157060 0.970146
vt 0.157060 0.970146
vt 0.157060 0.970146
vt 0.157061 0.970146
vt 0.157061 0.970146
vt 0.157061 0.970146
vt 0.157060 0.970146
vt 0.157060 0.970146
vt 0.157060 0.970146
vt 0.157060 0.970146
vt 0.157060 0.970146
vt 0.157060 0.970146
vt 0.157060 0.970146
vt 0.157060 0.970146
vt 0.157060 0.970146
vt 0.157060 0.970146
vt 0.157060 0.970146
vt 0.157060 0.970146
vt 0.157060 0.970146
vt 0.157060 0.970146
vt 0.157060 0.970146
vt 0.157060 0.970146
vt 0.157060 0.970146
vt 0.157060 0.970146
vt 0.157060 0.970146
vt 0.157060 0.970146
vt 0.157060 0.970146
vt 0.157060 0.970146
vt 0.157060 0.970146
vt 0.157060 0.970146
vt 0.157060 0.970146
vt 0.157060 0.970146
vt 0.157060 0.970146
vt 0.157060 0.970146
vt 0.157060 0.970146
vt 0.157060 0.970146
vt 0.157060 0.970146
vt 0.157060 0.970146
vt 0.157060 0.970146
vt 0.157060 0.970146
vt 0.157060 0.970146
vt 0.157060 0.970146
vt 0.157060 0.970146
vt 0.157060 0.970146
vt 0.157060 0.970146
vt 0.157060 0.970146
vt 0.157060 0.970146
vt 0.157060 0.970146
vt 0.157060 0.970146
vt 0.157060 0.970146
vt 0.157060 0.970146
vt 0.157060 0.970146
vt 0.157060 0.970146
vt 0.157060 0.970146
vt 0.157060 0.970146
vt 0.157060 0.970146
vt 0.157060 0.970146
vt 0.157060 0.970146
vt 0.157060 0.970146
vt 0.157060 0.970146
vt 0.157060 0.970146
vt 0.157060 0.970146
vt 0.157060 0.970146
vt 0.157060 0.970146
vt 0.157060 0.970146
vt 0.157060 0.970146
vt 0.157060 0.970146
vt 0.157060 0.970146
vt 0.157060 0.970146
vt 0.157060 0.970146
vt 0.157060 0.970146
vt 0.157060 0.970146
vt 0.157060 0.970146
vt 0.157060 0.970146
vt 0.157060 0.970146
vt 0.157060 0.970146
vt 0.157060 0.970146
vt 0.157060 0.970146
vt 0.157060 0.970146
vt 0.157060 0.970146
vt 0.157060 0.970146
vt 0.157060 0.970146
vt 0.157060 0.970146
vt 0.157060 0.970146
vt 0.157060 0.970146
vt 0.157060 0.970146
vt 0.157060 0.970146
vt 0.157060 0.970146
vt 0.157060 0.970146
vt 0.157060 0.970146
vt 0.157060 0.970146
vt 0.157060 0.970146
vt 0.157060 0.970146
vt 0.157060 0.970146
vt 0.157060 0.970146
vt 0.157060 0.970146
vt 0.157060 0.970146
vt 0.157060 0.970146
vt 0.157060 0.970146
vt 0.157060 0.970146
vt 0.157060 0.970146
vt 0.157060 0.970146
vt 0.157060 0.970146
vt 0.157060 0.970146
vt 0.157060 0.970146
vt 0.157060 0.970146
vt 0.157060 0.970146
vt 0.157060 0.970146
vt 0.157060 0.970146
vt 0.157060 0.970146
vt 0.157060 0.970146
vt 0.157060 0.970146
vt 0.157060 0.970146
vt 0.157060 0.970146
vt 0.157060 0.970146
vt 0.157060 0.970146
vt 0.157060 0.970146
vt 0.157060 0.970146
vt 0.157060 0.970146
vt 0.157060 0.970146
vt 0.157060 0.970146
vt 0.157060 0.970146
vt 0.157060 0.970146
vt 0.157060 0.970146
vt 0.157060 0.970146
vt 0.157060 0.970146
vt 0.157060 0.970146
vt 0.157060 0.970146
vt 0.157060 0.970146
vt 0.157060 0.970146
vt 0.157060 0.970146
vt 0.157060 0.970146
vt 0.157060 0.970146
vt 0.157060 0.970146
vt 0.157060 0.970146
vt 0.157060 0.970146
vt 0.157060 0.970146
vt 0.157060 0.970146
vt 0.157060 0.970146
vt 0.157060 0.970146
vt 0.157060 0.970146
vt 0.157060 0.970146
vt 0.157060 0.970146
vt 0.157060 0.970146
vt 0.157060 0.970146
vt 0.157060 0.970146
vt 0.157060 0.970146
vt 0.157060 0.970146
vt 0.157060 0.970146
vt 0.157060 0.970146
vt 0.157060 0.970146
vt 0.157060 0.970146
vt 0.157060 0.970146
vt 0.157060 0.970146
vt 0.157060 0.970146
vt 0.157060 0.970146
vt 0.157060 0.970146
vt 0.157060 0.970146
vt 0.157060 0.970146
vt 0.157060 0.970146
vt 0.157060 0.970146
vt 0.157060 0.970146
vt 0.157060 0.970146
vt 0.157060 0.970146
vt 0.157060 0.970146
vt 0.157060 0.970146
vt 0.157060 0.970146
vt 0.157060 0.970146
vt 0.157060 0.970146
vt 0.157060 0.970146
vt 0.157060 0.970146
vt 0.157060 0.970146
vt 0.157060 0.970146
vt 0.157060 0.970146
vt 0.157060 0.970146
vt 0.157060 0.970146
vt 0.157060 0.970146
vt 0.157060 0.970146
vt 0.157060 0.970146
vt 0.157060 0.970146
vt 0.157060 0.970146
vt 0.157060 0.970146
vt 0.157060 0.970146
vt 0.157060 0.970146
vt 0.157060 0.970146
vt 0.157060 0.970146
vt 0.157060 0.970146
vt 0.157060 0.970146
vt 0.157060 0.970146
vt 0.157060 0.970146
vt 0.157060 0.970146
vt 0.157060 0.970146
vt 0.157060 0.970146
vt 0.157060 0.970146
vt 0.157060 0.970146
vt 0.157060 0.970146
vt 0.157060 0.970146
vt 0.157060 0.970146
vt 0.157060 0.970146
vt 0.157060 0.970146
vt 0.157060 0.970146
vt 0.157060 0.970146
vt 0.157060 0.970146
vt 0.157060 0.970146
vt 0.157060 0.970146
vt 0.157060 0.970146
vt 0.157060 0.970146
vt 0.157060 0.970146
vt 0.157060 0.970146
vt 0.157060 0.970146
vt 0.157060 0.970146
vt 0.157060 0.970146
vt 0.157060 0.970146
vt 0.157060 0.970146
vt 0.157060 0.970146
vt 0.157060 0.970146
vt 0.157060 0.970146
vt 0.157060 0.970146
vt 0.157060 0.970146
vt 0.157060 0.970146
vt 0.157060 0.970146
vt 0.157060 0.970146
vt 0.157060 0.970146
vt 0.157060 0.970146
vt 0.157060 0.970146
vt 0.157060 0.970146
vt 0.157060 0.970146
vt 0.157060 0.970146
vt 0.157060 0.970146
vt 0.157060 0.970146
vt 0.157060 0.970146
vt 0.157060 0.970146
vt 0.157060 0.970146
vt 0.157060 0.970146
vt 0.157060 0.970146
vt 0.157060 0.970146
vt 0.157060 0.970146
vt 0.157060 0.970146
vt 0.157060 0.970146
vt 0.157060 0.970146
vt 0.157060 0.970146
vt 0.157060 0.970146
vt 0.157060 0.970146
vt 0.157060 0.970146
vt 0.157060 0.970146
vt 0.157060 0.970146
vt 0.157060 0.970146
vt 0.157060 0.970146
vt 0.157060 0.970146
vt 0.157060 0.970146
vt 0.157060 0.970146
vt 0.157060 0.970146
vt 0.157060 0.970146
vt 0.157060 0.970146
vt 0.157060 0.970146
vt 0.157060 0.970146
vt 0.157060 0.970146
vt 0.157060 0.970146
vt 0.157060 0.970146
vt 0.157060 0.970146
vt 0.157060 0.970146
vt 0.157060 0.970146
vt 0.157060 0.970146
vt 0.157060 0.970146
vt 0.157060 0.970146
vt 0.157060 0.970146
vt 0.157060 0.970146
vt 0.157060 0.970146
vt 0.157060 0.970146
vt 0.157060 0.970146
vt 0.157060 0.970146
vt 0.157060 0.970146
vt 0.157060 0.970146
vt 0.157060 0.970146
vt 0.157060 0.970146
vt 0.157060 0.970146
vt 0.157060 0.970146
vt 0.157060 0.970146
vt 0.157060 0.970146
vt 0.157060 0.970146
vt 0.157060 0.970146
vt 0.157060 0.970146
vt 0.157060 0.970146
vt 0.157060 0.970146
vt 0.157060 0.970146
vt 0.157060 0.970146
vt 0.157060 0.970146
vt 0.157060 0.970146
vt 0.157060 0.970146
vt 0.157060 0.970146
vt 0.157060 0.970146
vt 0.157060 0.970146
vt 0.157060 0.970146
vt 0.157060 0.970146
vt 0.157060 0.970146
vt 0.157060 0.970146
vt 0.157060 0.970146
vt 0.157060 0.970146
vt 0.157060 0.970146
vt 0.157060 0.970146
vt 0.157060 0.970146
vt 0.157060 0.970146
vt 0.157060 0.970146
vt 0.157060 0.970146
vt 0.157060 0.970146
vt 0.157060 0.970146
vt 0.157060 0.970146
vt 0.157060 0.970146
vt 0.157060 0.970146
vt 0.157060 0.970146
vt 0.157060 0.970146
vt 0.157060 0.970146
vt 0.157060 0.970146
vt 0.157060 0.970146
vt 0.157060 0.970146
vt 0.157060 0.970146
vt 0.157060 0.970146
vt 0.157060 0.970146
vt 0.157060 0.970146
vt 0.157060 0.970146
vt 0.157060 0.970146
vt 0.157060 0.970146
vt 0.157060 0.970146
vt 0.157060 0.970146
vt 0.157060 0.970146
vt 0.157060 0.970146
vt 0.157060 0.970146
vt 0.157060 0.970146
vt 0.157060 0.970146
vt 0.157060 0.970146
vt 0.157060 0.970146
vt 0.157060 0.970146
vt 0.157060 0.970146
vt 0.157060 0.970146
vt 0.157060 0.970146
vt 0.157060 0.970146
vt 0.157060 0.970146
vt 0.157060 0.970146
vt 0.157060 0.970146
vt 0.157060 0.970146
vt 0.157060 0.970146
vt 0.157060 0.970146
vt 0.157060 0.970146
vt 0.157060 0.970146
vt 0.157060 0.970146
vt 0.157060 0.970146
vt 0.157060 0.970146
vt 0.157060 0.970146
vt 0.157060 0.970146
vt 0.157060 0.970146
vt 0.157060 0.970146
vt 0.157060 0.970146
vt 0.157060 0.970146
vt 0.157060 0.970146
vt 0.157060 0.970146
vt 0.157060 0.970146
vt 0.157060 0.970146
vt 0.157060 0.970146
vt 0.157060 0.970146
vt 0.157060 0.970146
vt 0.157060 0.970146
vt 0.157060 0.970146
vt 0.157060 0.970146
vt 0.157060 0.970146
vt 0.157060 0.970146
vt 0.157060 0.970146
vt 0.157060 0.970146
vt 0.157060 0.970146
vt 0.157060 0.970146
vt 0.157060 0.970146
vt 0.157060 0.970146
vt 0.157060 0.970146
vt 0.157060 0.970146
vt 0.157060 0.970146
vt 0.157060 0.970146
vt 0.157060 0.970146
vt 0.157060 0.970146
vt 0.157060 0.970146
vt 0.157060 0.970146
vt 0.157060 0.970146
vt 0.157060 0.970146
vt 0.157060 0.970146
vt 0.157060 0.970146
vt 0.157060 0.970146
vt 0.157060 0.970146
vt 0.157060 0.970146
vt 0.157060 0.970146
vt 0.157060 0.970146
vt 0.157060 0.970146
vt 0.157060 0.970146
vt 0.157060 0.970146
vt 0.157060 0.970146
vt 0.157060 0.970146
vt 0.157060 0.970146
vt 0.157060 0.970146
vt 0.157060 0.970146
vt 0.157060 0.970146
vt 0.157060 0.970146
vt 0.157060 0.970146
vt 0.157060 0.970146
vt 0.157060 0.970146
vt 0.157060 0.970146
vt 0.157060 0.970146
vt 0.157060 0.970146
vt 0.157060 0.970146
vt 0.157060 0.970146
vt 0.157060 0.970146
vt 0.157060 0.970146
vt 0.157060 0.970146
vt 0.157060 0.970146
vt 0.157060 0.970146
vt 0.157060 0.970146
vt 0.157060 0.970146
vt 0.157060 0.970146
vt 0.157060 0.970146
vt 0.157060 0.970146
vt 0.157060 0.970146
vt 0.157060 0.970146
vt 0.157060 0.970146
vt 0.157060 0.970146
vt 0.157060 0.970146
vt 0.157060 0.970146
vt 0.157060 0.970146
vt 0.157060 0.970146
vt 0.157060 0.970146
vt 0.157060 0.970146
vt 0.157060 0.970146
vt 0.157060 0.970146
vt 0.157060 0.970146
vt 0.157060 0.970146
vt 0.157060 0.970146
vt 0.157060 0.970146
vt 0.157060 0.970146
vt 0.157060 0.970146
vt 0.157060 0.970146
vt 0.157060 0.970146
vt 0.157060 0.970146
vt 0.157060 0.970146
vt 0.157060 0.970146
vt 0.157060 0.970146
vt 0.157060 0.970146
vt 0.157060 0.970146
vt 0.157060 0.970146
vt 0.157060 0.970146
vt 0.157060 0.970146
vt 0.157060 0.970146
vt 0.157060 0.970146
vn 0.0000 0.1019 0.9948
vn 0.9879 0.1496 0.0407
vn 0.0000 0.1019 -0.9948
vn -0.9948 0.1019 0.0000
vn -0.7118 0.7024 0.0000
vn 0.0000 0.7024 0.7118
vn 0.0000 0.7024 -0.7118
vn 0.6757 0.7370 0.0167
vn -0.0000 0.0000 -1.0000
vn 0.0000 0.0000 1.0000
vn 0.0000 0.6382 0.7698
vn 0.0111 0.6647 -0.7471
vn 0.4945 -0.7012 -0.5137
vn 0.5288 -0.6693 0.5220
vn -0.5299 -0.6778 -0.5098
vn 0.0005 0.8540 0.5202
vn 0.0000 0.8521 -0.5234
vn -0.0023 0.0049 -1.0000
vn 0.0107 0.9999 -0.0051
vn 0.0000 1.0000 0.0000
vn 1.0000 -0.0000 0.0000
vn -1.0000 -0.0006 -0.0003
vn -1.0000 0.0000 0.0000
vn 0.9995 0.0294 0.0091
vn 0.7363 0.6764 -0.0161
vn -0.7731 0.6343 0.0000
vn 1.0000 -0.0000 0.0001
vn 0.8605 -0.5094 0.0043
vn 0.5465 0.8375 0.0000
vn -0.5334 0.8459 -0.0037
vn 0.0002 -0.0011 1.0000
vn 1.0000 0.0012 0.0007
vn 0.0013 1.0000 -0.0058
vn -0.7065 -0.0002 -0.7077
vn 0.6208 -0.4626 0.6330
vn -0.1273 -0.0000 0.9919
vn 0.7059 -0.0002 -0.7083
vn -0.1273 0.0000 -0.9919
vn 0.0000 -1.0000 0.0000
vn 0.0022 -0.9914 -0.1312
vn 0.1273 -0.0000 0.9919
vn 0.1273 0.0000 -0.9919
vn 0.9919 0.0000 -0.1273
vn -0.9919 0.0000 -0.1273
vn -0.0332 -0.9994 0.0109
vn -0.9919 0.0000 0.1273
vn 0.9919 0.0000 0.1273
vn 0.0049 0.9999 0.0116
vn 0.0033 1.0000 0.0001
vn 0.6441 0.1955 -0.7395
vn -0.6995 0.1440 -0.7000
vn -0.6995 0.1440 0.7000
vn 0.6995 0.1440 0.7000
vn 0.4121 0.8125 0.4124
vn -0.4121 0.8125 -0.4124
vn 0.3725 0.8336 -0.4078
vn -0.4121 0.8125 0.4124
vn -0.7068 -0.0012 0.7074
vn -0.7068 -0.0012 -0.7074
vn 0.6936 0.0290 -0.7197
vn 0.7068 -0.0012 0.7074
vn -0.4294 0.7943 0.4299
vn 0.4269 0.7969 0.4274
vn 0.3987 0.8423 -0.3628
vn -0.4294 0.7943 -0.4299
vn 0.7065 -0.0002 0.7077
vn -0.8632 -0.5048 0.0000
vn -0.0010 -0.5929 0.8053
vn 0.2825 0.9160 0.2848
vn -0.2618 0.9226 0.2833
vn 0.2824 0.9160 -0.2848
vn -0.2824 0.9160 -0.2848
vn 0.7018 0.0177 0.7122
vn -0.6977 0.0135 0.7163
vn 0.7018 0.0177 -0.7122
vn -0.7018 0.0177 -0.7122
vn -0.7419 0.0026 -0.6705
vn -0.7282 0.0000 0.6854
vn -0.7010 0.0000 -0.7132
vn 0.7249 0.0107 -0.6887
vn -0.7288 0.0095 0.6847
vn 0.7288 0.0095 0.6847
vn 0.7214 0.0197 -0.6923
vn -0.7288 0.0095 -0.6847
vn 0.0022 1.0000 -0.0004
vn -0.5298 -0.6778 0.5097
vn -0.0056 -0.6042 -0.7968
vn 0.0051 1.0000 0.0009
vn 0.7413 0.0000 0.6711
vn -0.6991 -0.0046 0.7150
vn -0.7413 0.0000 0.6711
vn -0.7108 0.0000 -0.7034
vn 0.7282 0.0000 0.6854
vn 0.7411 0.0000 -0.6714
vn 0.7109 0.0000 -0.7033
vn -0.7282 0.0000 -0.6854
vn -0.7106 0.0000 0.7036
vn 0.7010 0.0000 -0.7131
vn 0.7010 0.0000 0.7131
vn 0.7127 -0.0087 0.7015
vn 0.0016 1.0000 -0.0022
vn 0.0149 0.9999 -0.0053
vn 0.0016 1.0000 -0.0094
vn 0.0064 1.0000 -0.0053
vn 0.1898 -0.0032 -0.9818
vn 0.0001 0.0027 1.0000
vn 1.0000 -0.0024 0.0000
vn -0.9980 0.0026 0.0625
vn -0.9998 0.0025 0.0188
vn -0.0010 -0.0029 -1.0000
vn 0.0000 -0.0027 -1.0000
vn -0.9998 0.0024 -0.0192
vn 0.9998 -0.0025 -0.0184
vn -1.0000 0.0025 0.0000
vn -1.0000 0.0024 -0.0003
vn -0.0575 0.0030 0.9983
vn -0.1851 0.0032 0.9827
vn 1.0000 -0.0025 0.0004
vn 0.1902 0.0023 0.9817
vn 0.0526 -0.0029 -0.9986
vn -0.9980 0.0023 -0.0629
vn 1.0000 -0.0024 0.0004
vn -0.0579 -0.0027 -0.9983
vn 0.0000 0.0030 1.0000
vn -0.1946 -0.0022 -0.9809
vn 0.9998 -0.0024 0.0188
vn 0.9980 -0.0023 0.0631
vn 0.0627 0.0026 0.9980
vn 0.9980 -0.0026 -0.0629
vn 0.5000 -0.8660 -0.0107
vn 0.2722 0.9239 -0.2691
vn 0.0043 0.8953 0.4455
vn 0.2885 -0.8992 0.3290
vn -0.2858 -0.9145 -0.2864
vn -0.0040 -0.8774 0.4797
vn -0.2762 0.9197 -0.2790
vn -0.2854 -0.9147 0.2861
vn -0.7065 -0.0002 0.7077
vn -0.6243 -0.4711 0.6231
vn 0.6122 -0.4902 -0.6204
vn -0.0011 -0.4001 -0.9165
vn -0.0010 -0.3895 0.9210
vn 0.9461 -0.3239 -0.0011
vn -0.9467 -0.3222 0.0001
vn -0.6240 -0.4728 -0.6221
vn 0.2720 0.9328 0.2362
vn 0.4339 0.9009 0.0095
vn 0.2841 -0.9135 -0.2913
vn -0.0000 -0.8819 -0.4715
vn -0.2729 0.9207 0.2790
vn -0.4710 -0.8821 -0.0000
vn -0.4669 0.8843 0.0004
vn 0.0002 0.8905 -0.4549
vn 0.0000 -0.0033 -1.0000
vn -1.0000 0.0034 -0.0000
vn 1.0000 -0.0034 0.0000
vn 0.0000 -1.0000 0.0022
vn 0.0000 1.0000 -0.0022
vn 0.0000 -1.0000 0.0020
vn 0.0000 1.0000 -0.0020
vn 0.0000 -1.0000 0.0019
vn 0.0000 1.0000 -0.0019
vn 0.0000 -1.0000 0.0027
vn 0.0000 1.0000 -0.0027
vn 0.0000 -1.0000 0.0031
vn 0.0000 1.0000 -0.0031
vn 0.0000 -1.0000 0.0023
vn 0.0000 1.0000 -0.0023
vn 0.0000 -1.0000 0.0021
vn 0.0000 1.0000 -0.0021
vn 1.0000 -0.0033 0.0000
vn 0.0000 0.0034 -1.0000
vn -0.0000 -0.0034 1.0000
vn -0.0031 -1.0000 0.0000
vn 0.0031 1.0000 0.0000
vn -0.0027 -1.0000 0.0000
vn 0.0027 1.0000 0.0000
vn -0.0019 -1.0000 0.0000
vn 0.0019 1.0000 0.0000
vn -0.0023 -1.0000 0.0000
vn 0.0023 1.0000 0.0000
vn 0.0000 -0.0033 1.0000
vn 1.0000 0.0034 0.0000
vn -1.0000 -0.0034 -0.0000
vn 0.0000 -1.0000 -0.0021
vn 0.0000 1.0000 0.0021
vn 0.0000 -1.0000 -0.0027
vn 0.0000 1.0000 0.0027
vn 0.0000 -1.0000 -0.0019
vn 0.0000 1.0000 0.0019
vn 0.0000 -1.0000 -0.0023
vn 0.0000 1.0000 0.0023
vn 0.0000 -1.0000 -0.0031
vn 0.0000 1.0000 0.0031
vn -1.0000 -0.0033 0.0000
vn -0.0000 0.0034 1.0000
vn 0.0000 -0.0034 -1.0000
vn 0.0031 -1.0000 0.0000
vn -0.0031 1.0000 -0.0000
vn 0.0027 -1.0000 0.0000
vn -0.0027 1.0000 -0.0000
usemtl Medieval
s off
f 3/1/1 20/2/1 124/3/1 4/4/1
f 5/5/2 2/6/2 15/7/2 6/8/2
f 9/9/3 7/10/3 8/11/3 10/12/3
f 13/13/4 11/14/4 12/15/4 14/16/4
f 22/17/5 23/18/5 11/19/5 13/20/5
f 18/21/6 19/22/6 20/23/6 3/24/6
f 16/25/7 24/26/7 7/27/7 9/28/7
f 17/29/8 1/30/8 2/31/8 5/32/8
f 29/33/9 35/34/9 24/35/9 16/36/9
f 26/37/10 27/38/10 19/39/10 18/40/10
f 27/41/11 26/42/11 88/43/11 28/44/11
f 28/44/10 30/45/10 31/46/10 201/47/10
f 35/48/12 29/49/12 89/50/12 36/51/12
f 206/52/13 42/53/13 51/54/13 211/55/13
f 210/56/14 41/57/14 40/58/14 203/59/14
f 207/60/15 43/61/15 53/62/15 214/63/15
f 56/64/16 96/65/16 85/66/16 57/67/16
f 60/68/17 68/69/17 73/70/17 61/71/17
f 42/53/18 53/62/18 69/72/18 157/73/18 158/74/18 159/75/18 160/76/18 76/77/18
f 80/78/10 40/58/10 71/79/10 141/80/10 142/81/10 143/82/10 144/83/10 87/84/10
f 162/85/19 167/86/19 166/87/19 163/88/19
f 150/89/20 147/90/20 146/91/20 151/92/20
f 63/93/21 90/94/21 91/95/21 149/96/21 150/89/21 151/92/21 152/97/21 67/98/21
f 59/99/22 92/100/22 93/101/22 161/102/22 162/85/22 163/88/22 164/103/22 65/104/22
f 21/105/23 37/106/23 23/107/23 22/108/23
f 25/109/24 33/110/24 1/111/24 17/112/24
f 33/113/25 25/114/25 79/115/25 34/116/25
f 37/117/26 21/118/26 78/119/26 38/120/26
f 34/116/21 98/121/21 48/122/21 209/123/21
f 38/120/23 99/124/23 46/125/23 208/126/23
f 108/127/27 79/115/27 212/128/27 83/129/27
f 210/56/28 211/55/28 51/54/28 41/57/28
f 62/130/29 94/131/29 90/132/29 63/133/29
f 58/134/30 95/135/30 92/136/30 59/137/30
f 57/138/31 85/139/31 86/140/31 153/141/31 154/142/31 155/143/31 156/144/31 64/145/31
f 41/57/32 51/54/32 70/146/32 165/147/32 166/87/32 167/86/32 168/148/32 75/149/32
f 154/142/33 159/75/33 158/74/33 155/143/33
f 43/61/23 55/150/23 72/151/23 145/152/23 146/91/23 147/90/23 148/153/23 77/154/23
f 31/46/10 82/155/10 204/156/10 201/47/10
f 44/157/9 84/158/9 213/159/9 205/160/9
f 38/120/34 208/126/34 213/159/34 89/50/34
f 100/161/20 101/162/20 102/163/20 103/164/20
f 48/122/27 83/129/27 212/128/27 209/123/27
f 52/165/35 50/166/35 49/167/35 54/168/35
f 28/44/10 88/43/10 105/169/10 30/45/10
f 46/125/36 99/124/36 106/170/36 107/171/36
f 109/172/9 89/50/9 213/159/9 84/158/9
f 36/51/9 89/50/9 109/172/9 97/173/9
f 30/45/20 105/169/20 110/174/20 111/175/20
f 36/51/37 205/160/37 212/128/37 79/115/37
f 34/116/21 79/115/21 108/127/21 98/121/21
f 104/176/38 81/177/38 112/178/38 113/179/38
f 104/176/23 78/119/23 216/180/23 81/177/23
f 38/120/23 78/119/23 104/176/23 99/124/23
f 81/177/39 46/125/39 107/171/39 112/178/39
f 83/129/40 48/122/40 114/181/40 115/182/40
f 108/127/41 83/129/41 115/182/41 116/183/41
f 48/122/42 98/121/42 117/184/42 114/181/42
f 84/158/39 44/157/39 118/185/39 119/186/39
f 109/172/43 84/158/43 119/186/43 120/187/43
f 44/157/44 97/173/44 121/188/44 118/185/44
f 82/155/45 31/46/45 122/189/45 123/190/45
f 99/124/20 104/176/20 113/179/20 106/170/20
f 105/169/46 82/155/46 123/190/46 110/174/46
f 31/46/47 30/45/47 111/175/47 122/189/47
f 98/121/48 108/127/48 116/183/48 117/184/48
f 97/173/49 109/172/49 120/187/49 121/188/49
f 60/191/20 95/192/20 56/193/20 94/194/20
f 5/5/50 6/8/50 8/11/50 7/10/50
f 12/15/51 11/14/51 9/9/51 10/12/51
f 13/13/52 14/16/52 124/3/52 20/2/52
f 15/7/53 2/6/53 3/1/53 4/4/53
f 18/21/54 3/24/54 2/31/54 1/30/54
f 11/19/55 23/18/55 16/25/55 9/28/55
f 7/27/56 24/26/56 17/29/56 5/32/56
f 22/17/57 13/20/57 20/23/57 19/22/57
f 19/39/58 27/38/58 21/105/58 22/108/58
f 29/33/59 16/36/59 23/107/59 37/106/59
f 25/109/60 17/112/60 24/35/60 35/34/60
f 26/37/61 18/40/61 1/111/61 33/110/61
f 78/119/62 21/118/62 27/41/62 28/44/62
f 33/113/63 34/116/63 88/43/63 26/42/63
f 35/48/64 36/51/64 79/115/64 25/114/64
f 37/117/65 38/120/65 89/50/65 29/49/65
f 34/116/66 209/123/66 204/156/66 88/43/66
f 36/51/9 97/173/9 44/157/9 205/160/9
f 207/60/67 215/195/67 55/150/67 43/61/67
f 202/196/68 203/59/68 40/58/68 80/78/68
f 90/132/69 94/131/69 56/64/69 57/67/69
f 85/66/70 96/65/70 58/134/70 59/137/70
f 62/130/71 63/133/71 73/70/71 68/69/71
f 92/136/72 95/135/72 60/68/72 61/71/72
f 91/95/73 90/94/73 57/138/73 64/145/73
f 86/140/74 85/139/74 59/99/74 65/104/74
f 63/93/75 67/98/75 74/197/75 73/198/75
f 93/101/76 92/100/76 61/199/76 66/200/76
f 76/77/77 86/140/77 125/201/77 126/202/77
f 72/151/78 87/84/78 100/161/78 103/164/78
f 93/101/79 66/200/79 127/203/79 128/204/79
f 70/146/80 76/77/80 126/202/80 129/205/80
f 72/151/81 55/150/81 80/78/81 87/84/81
f 41/57/82 75/149/82 71/79/82 40/58/82
f 42/53/83 76/77/83 70/146/83 51/54/83
f 43/61/84 77/154/84 69/72/84 53/62/84
f 68/206/20 60/191/20 94/194/20 62/207/20
f 95/192/85 58/208/85 96/209/85 56/193/85
f 202/196/86 80/78/86 55/150/86 215/195/86
f 105/169/10 88/43/10 204/156/10 82/155/10
f 206/52/87 214/63/87 53/62/87 42/53/87
f 46/125/23 81/177/23 216/180/23 208/126/23
f 130/210/20 131/211/20 132/212/20 133/213/20
f 134/214/88 129/205/88 126/202/88 125/201/88
f 127/203/20 135/215/20 136/216/20 128/204/20
f 87/84/89 74/197/89 101/162/89 100/161/89
f 86/140/90 65/104/90 134/214/90 125/201/90
f 66/200/91 71/79/91 135/215/91 127/203/91
f 67/98/92 72/151/92 103/164/92 102/163/92
f 71/79/93 75/149/93 136/216/93 135/215/93
f 64/145/94 69/72/94 131/211/94 130/210/94
f 75/149/95 93/101/95 128/204/95 136/216/95
f 69/72/96 77/154/96 132/212/96 131/211/96
f 77/154/97 91/95/97 133/213/97 132/212/97
f 74/197/98 67/98/98 102/163/98 101/162/98
f 91/95/99 64/145/99 130/210/99 133/213/99
f 65/104/100 70/146/100 129/205/100 134/214/100
f 111/217/10 110/218/10 123/219/10 122/220/10
f 121/221/9 120/222/9 119/223/9 118/224/9
f 117/225/21 116/226/21 115/227/21 114/228/21
f 106/229/23 113/230/23 112/231/23 107/232/23
f 66/200/20 140/233/20 141/80/20 71/79/20
f 148/153/20 149/96/20 91/95/20 77/154/20
f 64/145/101 156/144/101 157/73/101 69/72/101
f 65/104/102 164/103/102 165/147/102 70/146/102
f 144/83/20 137/234/20 74/197/20 87/84/20
f 67/98/20 152/97/20 145/152/20 72/151/20
f 160/76/103 153/141/103 86/140/103 76/77/103
f 168/148/104 161/102/104 93/101/104 75/149/104
f 61/199/9 73/198/9 74/197/9 137/234/9 138/235/9 139/236/9 140/233/9 66/200/9
f 149/96/105 148/153/105 179/237/105 178/238/105
f 156/144/106 155/143/106 192/239/106 191/240/106
f 150/89/107 149/96/107 178/238/107 177/241/107
f 157/73/108 156/144/108 191/240/108 190/242/108
f 139/236/109 142/81/109 173/243/109 176/244/109
f 158/74/110 157/73/110 190/242/110 189/245/110
f 140/233/111 139/236/111 176/244/111 175/246/111
f 159/75/112 154/142/112 185/247/112 188/248/112
f 138/235/20 143/82/20 142/81/20 139/236/20
f 170/249/20 171/250/20 172/251/20 169/252/20
f 174/253/20 175/246/20 176/244/20 173/243/20
f 178/238/20 179/237/20 180/254/20 177/241/20
f 182/255/20 183/256/20 184/257/20 181/258/20
f 186/259/20 187/260/20 188/248/20 185/247/20
f 190/242/20 191/240/20 192/239/20 189/245/20
f 194/261/20 195/262/20 196/263/20 193/264/20
f 198/265/20 199/266/20 200/267/20 197/268/20
f 155/143/113 158/74/113 189/245/113 192/239/113
f 148/153/114 147/90/114 180/254/114 179/237/114
f 162/85/115 161/102/115 194/261/115 193/264/115
f 147/90/116 150/89/116 177/241/116 180/254/116
f 161/102/117 168/148/117 195/262/117 194/261/117
f 146/91/114 145/152/114 182/255/114 181/258/114
f 168/148/118 167/86/118 196/263/118 195/262/118
f 145/152/119 152/97/119 183/256/119 182/255/119
f 138/235/111 137/234/111 170/249/111 169/252/111
f 167/86/120 162/85/120 193/264/120 196/263/120
f 152/97/107 151/92/107 184/257/107 183/256/107
f 137/234/121 144/83/121 171/250/121 170/249/121
f 166/87/122 165/147/122 198/265/122 197/268/122
f 151/92/123 146/91/123 181/258/123 184/257/123
f 144/83/124 143/82/124 172/251/124 171/250/124
f 165/147/125 164/103/125 199/266/125 198/265/125
f 154/142/106 153/141/106 186/259/106 185/247/106
f 143/82/126 138/235/126 169/252/126 172/251/126
f 164/103/115 163/88/115 200/267/115 199/266/115
f 153/141/127 160/76/127 187/260/127 186/259/127
f 142/81/124 141/80/124 174/253/124 173/243/124
f 163/88/128 166/87/128 197/268/128 200/267/128
f 160/76/110 159/75/110 188/248/110 187/260/110
f 141/80/129 140/233/129 175/246/129 174/253/129
f 209/269/130 212/270/130 220/271/130 50/166/130
f 206/272/131 211/273/131 219/274/131 218/275/131
f 203/276/132 202/277/132 45/278/132 54/168/132
f 204/279/133 209/269/133 50/166/133 52/165/133
f 213/280/134 208/281/134 224/282/134 221/283/134
f 201/284/135 204/279/135 52/165/135 47/285/135
f 207/286/136 214/287/136 222/288/136 223/289/136
f 216/290/137 201/284/137 47/285/137 32/291/137
f 28/44/138 201/47/138 216/180/138 78/119/138
f 45/278/139 39/292/139 32/291/139 47/285/139
f 218/275/140 219/274/140 220/271/140 217/293/140
f 217/293/141 221/283/141 222/288/141 218/275/141
f 47/285/142 52/165/142 54/168/142 45/278/142
f 50/166/143 220/271/143 219/274/143 49/167/143
f 224/282/144 32/291/144 39/292/144 223/289/144
f 223/289/145 222/288/145 221/283/145 224/282/145
f 210/294/146 203/276/146 54/168/146 49/167/146
f 211/273/147 210/294/147 49/167/147 219/274/147
f 212/270/148 205/295/148 217/293/148 220/271/148
f 205/295/149 213/280/149 221/283/149 217/293/149
f 202/277/150 215/296/150 39/292/150 45/278/150
f 208/281/151 216/290/151 32/291/151 224/282/151
f 215/296/152 207/286/152 223/289/152 39/292/152
f 214/287/153 206/272/153 218/275/153 222/288/153
f 228/297/154 229/298/154 230/299/154 227/300/154
f 226/301/154 231/302/154 232/303/154 225/304/154
f 227/300/155 230/299/155 238/305/155 234/306/155
f 231/302/156 226/301/156 235/307/156 239/308/156
f 230/299/157 229/298/157 237/309/157 238/305/157
f 228/297/158 227/300/158 234/306/158 233/310/158
f 225/304/155 232/303/155 240/311/155 236/312/155
f 229/298/156 228/297/156 233/310/156 237/309/156
f 232/303/159 231/302/159 239/308/159 240/311/159
f 226/301/160 225/304/160 236/312/160 235/307/160
f 242/313/154 243/314/154 244/315/154 241/316/154
f 241/316/155 244/315/155 248/317/155 246/318/155
f 244/315/161 243/314/161 247/319/161 248/317/161
f 242/313/162 241/316/162 246/318/162 245/320/162
f 243/314/156 242/313/156 245/320/156 247/319/156
f 250/321/154 251/322/154 252/323/154 249/324/154
f 249/324/155 252/323/155 256/325/155 254/326/155
f 252/323/163 251/322/163 255/327/163 256/325/163
f 250/321/164 249/324/164 254/326/164 253/328/164
f 251/322/156 250/321/156 253/328/156 255/327/156
f 258/329/154 259/330/154 260/331/154 257/332/154
f 259/330/156 258/329/156 261/333/156 263/334/156
f 257/332/155 260/331/155 264/335/155 262/336/155
f 260/331/163 259/330/163 263/334/163 264/335/163
f 258/329/164 257/332/164 262/336/164 261/333/164
f 266/337/154 267/338/154 268/339/154 265/340/154
f 265/340/155 268/339/155 272/341/155 270/342/155
f 268/339/165 267/338/165 271/343/165 272/341/165
f 266/337/166 265/340/166 270/342/166 269/344/166
f 267/338/156 266/337/156 269/344/156 271/343/156
f 274/345/154 275/346/154 276/347/154 273/348/154
f 273/348/155 276/347/155 280/349/155 278/350/155
f 276/347/163 275/346/163 279/351/163 280/349/163
f 274/345/164 273/348/164 278/350/164 277/352/164
f 275/346/156 274/345/156 277/352/156 279/351/156
f 282/353/154 283/354/154 284/355/154 281/356/154
f 281/356/155 284/355/155 288/357/155 286/358/155
f 284/355/163 283/354/163 287/359/163 288/357/163
f 282/353/164 281/356/164 286/358/164 285/360/164
f 283/354/156 282/353/156 285/360/156 287/359/156
f 290/361/154 291/362/154 292/363/154 289/364/154
f 289/364/155 292/363/155 296/365/155 294/366/155
f 292/363/163 291/362/163 295/367/163 296/365/163
f 290/361/164 289/364/164 294/366/164 293/368/164
f 291/362/156 290/361/156 293/368/156 295/367/156
f 298/369/154 299/370/154 300/371/154 297/372/154
f 297/372/155 300/371/155 304/373/155 302/374/155
f 300/371/163 299/370/163 303/375/163 304/373/163
f 298/369/164 297/372/164 302/374/164 301/376/164
f 299/370/156 298/369/156 301/376/156 303/375/156
f 306/377/154 307/378/154 308/379/154 305/380/154
f 305/380/155 308/379/155 312/381/155 310/382/155
f 308/379/163 307/378/163 311/383/163 312/381/163
f 306/377/164 305/380/164 310/382/164 309/384/164
f 307/378/156 306/377/156 309/384/156 311/383/156
f 314/385/154 315/386/154 316/387/154 313/388/154
f 313/388/155 316/387/155 320/389/155 318/390/155
f 316/387/167 315/386/167 319/391/167 320/389/167
f 314/385/168 313/388/168 318/390/168 317/392/168
f 315/386/156 314/385/156 317/392/156 319/391/156
f 322/393/154 323/394/154 324/395/154 321/396/154
f 321/396/155 324/395/155 328/397/155 326/398/155
f 324/395/163 323/394/163 327/399/163 328/397/163
f 322/393/164 321/396/164 326/398/164 325/400/164
f 323/394/156 322/393/156 325/400/156 327/399/156
f 330/401/154 331/402/154 332/403/154 329/404/154
f 329/404/155 332/403/155 336/405/155 334/406/155
f 332/403/169 331/402/169 335/407/169 336/405/169
f 330/401/170 329/404/170 334/406/170 333/408/170
f 331/402/156 330/401/156 333/408/156 335/407/156
f 340/409/171 341/410/171 342/411/171 339/412/171
f 338/413/171 343/414/171 344/415/171 337/416/171
f 339/412/172 342/411/172 350/417/172 346/418/172
f 343/414/173 338/413/173 347/419/173 351/420/173
f 342/411/174 341/410/174 349/421/174 350/417/174
f 340/409/175 339/412/175 346/418/175 345/422/175
f 337/416/172 344/415/172 352/423/172 348/424/172
f 341/410/173 340/409/173 345/422/173 349/421/173
f 344/415/176 343/414/176 351/420/176 352/423/176
f 338/413/177 337/416/177 348/424/177 347/419/177
f 354/425/171 355/426/171 356/427/171 353/428/171
f 353/428/172 356/427/172 360/429/172 358/430/172
f 356/427/178 355/426/178 359/431/178 360/429/178
f 354/425/179 353/428/179 358/430/179 357/432/179
f 355/426/173 354/425/173 357/432/173 359/431/173
f 362/433/171 363/434/171 364/435/171 361/436/171
f 361/436/172 364/435/172 368/437/172 366/438/172
f 364/435/176 363/434/176 367/439/176 368/437/176
f 362/433/177 361/436/177 366/438/177 365/440/177
f 363/434/173 362/433/173 365/440/173 367/439/173
f 370/441/171 371/442/171 372/443/171 369/444/171
f 369/444/172 372/443/172 376/445/172 374/446/172
f 372/443/174 371/442/174 375/447/174 376/445/174
f 370/441/175 369/444/175 374/446/175 373/448/175
f 371/442/173 370/441/173 373/448/173 375/447/173
f 378/449/171 379/450/171 380/451/171 377/452/171
f 379/450/173 378/449/173 381/453/173 383/454/173
f 377/452/172 380/451/172 384/455/172 382/456/172
f 380/451/176 379/450/176 383/454/176 384/455/176
f 378/449/177 377/452/177 382/456/177 381/453/177
f 386/457/171 387/458/171 388/459/171 385/460/171
f 385/460/172 388/459/172 392/461/172 390/462/172
f 388/459/176 387/458/176 391/463/176 392/461/176
f 386/457/177 385/460/177 390/462/177 389/464/177
f 387/458/173 386/457/173 389/464/173 391/463/173
f 394/465/171 395/466/171 396/467/171 393/468/171
f 393/468/172 396/467/172 400/469/172 398/470/172
f 396/467/176 395/466/176 399/471/176 400/469/176
f 394/465/177 393/468/177 398/470/177 397/472/177
f 395/466/173 394/465/173 397/472/173 399/471/173
f 402/473/171 403/474/171 404/475/171 401/476/171
f 401/476/172 404/475/172 408/477/172 406/478/172
f 404/475/176 403/474/176 407/479/176 408/477/176
f 402/473/177 401/476/177 406/478/177 405/480/177
f 403/474/173 402/473/173 405/480/173 407/479/173
f 410/481/171 411/482/171 412/483/171 409/484/171
f 409/484/172 412/483/172 416/485/172 414/486/172
f 412/483/176 411/482/176 415/487/176 416/485/176
f 410/481/177 409/484/177 414/486/177 413/488/177
f 411/482/173 410/481/173 413/488/173 415/487/173
f 418/489/171 419/490/171 420/491/171 417/492/171
f 417/492/172 420/491/172 424/493/172 422/494/172
f 420/491/176 419/490/176 423/495/176 424/493/176
f 418/489/177 417/492/177 422/494/177 421/496/177
f 419/490/173 418/489/173 421/496/173 423/495/173
f 426/497/171 427/498/171 428/499/171 425/500/171
f 425/500/172 428/499/172 432/501/172 430/502/172
f 428/499/180 427/498/180 431/503/180 432/501/180
f 426/497/181 425/500/181 430/502/181 429/504/181
f 427/498/173 426/497/173 429/504/173 431/503/173
f 434/505/171 435/506/171 436/507/171 433/508/171
f 433/508/172 436/507/172 440/509/172 438/510/172
f 436/507/174 435/506/174 439/511/174 440/509/174
f 434/505/175 433/508/175 438/510/175 437/512/175
f 435/506/173 434/505/173 437/512/173 439/511/173
f 444/513/182 445/514/182 446/515/182 443/516/182
f 442/517/182 447/518/182 448/519/182 441/520/182
f 443/516/183 446/515/183 454/521/183 450/522/183
f 447/518/184 442/517/184 451/523/184 455/524/184
f 446/515/185 445/514/185 453/525/185 454/521/185
f 444/513/186 443/516/186 450/522/186 449/526/186
f 441/520/183 448/519/183 456/527/183 452/528/183
f 445/514/184 444/513/184 449/526/184 453/525/184
f 448/519/187 447/518/187 455/524/187 456/527/187
f 442/517/188 441/520/188 452/528/188 451/523/188
f 458/529/182 459/530/182 460/531/182 457/532/182
f 457/532/183 460/531/183 464/533/183 462/534/183
f 460/531/189 459/530/189 463/535/189 464/533/189
f 458/529/190 457/532/190 462/534/190 461/536/190
f 459/530/184 458/529/184 461/536/184 463/535/184
f 466/537/182 467/538/182 468/539/182 465/540/182
f 465/540/183 468/539/183 472/541/183 470/542/183
f 468/539/187 467/538/187 471/543/187 472/541/187
f 466/537/188 465/540/188 470/542/188 469/544/188
f 467/538/184 466/537/184 469/544/184 471/543/184
f 474/545/182 475/546/182 476/547/182 473/548/182
f 473/548/183 476/547/183 480/549/183 478/550/183
f 476/547/187 475/546/187 479/551/187 480/549/187
f 474/545/188 473/548/188 478/550/188 477/552/188
f 475/546/184 474/545/184 477/552/184 479/551/184
f 482/553/182 483/554/182 484/555/182 481/556/182
f 483/554/184 482/553/184 485/557/184 487/558/184
f 481/556/183 484/555/183 488/559/183 486/560/183
f 484/555/191 483/554/191 487/558/191 488/559/191
f 482/553/192 481/556/192 486/560/192 485/557/192
f 490/561/182 491/562/182 492/563/182 489/564/182
f 489/564/183 492/563/183 496/565/183 494/566/183
f 492/563/189 491/562/189 495/567/189 496/565/189
f 490/561/190 489/564/190 494/566/190 493/568/190
f 491/562/184 490/561/184 493/568/184 495/567/184
f 498/569/182 499/570/182 500/571/182 497/572/182
f 497/572/183 500/571/183 504/573/183 502/574/183
f 500/571/187 499/570/187 503/575/187 504/573/187
f 498/569/188 497/572/188 502/574/188 501/576/188
f 499/570/184 498/569/184 501/576/184 503/575/184
f 506/577/182 507/578/182 508/579/182 505/580/182
f 505/580/183 508/579/183 512/581/183 510/582/183
f 508/579/187 507/578/187 511/583/187 512/581/187
f 506/577/188 505/580/188 510/582/188 509/584/188
f 507/578/184 506/577/184 509/584/184 511/583/184
f 514/585/182 515/586/182 516/587/182 513/588/182
f 513/588/183 516/587/183 520/589/183 518/590/183
f 516/587/187 515/586/187 519/591/187 520/589/187
f 514/585/188 513/588/188 518/590/188 517/592/188
f 515/586/184 514/585/184 517/592/184 519/591/184
f 522/593/182 523/594/182 524/595/182 521/596/182
f 521/596/183 524/595/183 528/597/183 526/598/183
f 524/595/189 523/594/189 527/599/189 528/597/189
f 522/593/190 521/596/190 526/598/190 525/600/190
f 523/594/184 522/593/184 525/600/184 527/599/184
f 530/601/182 531/602/182 532/603/182 529/604/182
f 529/604/183 532/603/183 536/605/183 534/606/183
f 532/603/191 531/602/191 535/607/191 536/605/191
f 530/601/192 529/604/192 534/606/192 533/608/192
f 531/602/184 530/601/184 533/608/184 535/607/184
f 538/609/182 539/610/182 540/611/182 537/612/182
f 537/612/183 540/611/183 544/613/183 542/614/183
f 540/611/187 539/610/187 543/615/187 544/613/187
f 538/609/188 537/612/188 542/614/188 541/616/188
f 539/610/184 538/609/184 541/616/184 543/615/184
f 546/617/182 547/618/182 548/619/182 545/620/182
f 545/620/183 548/619/183 552/621/183 550/622/183
f 548/619/193 547/618/193 551/623/193 552/621/193
f 546/617/194 545/620/194 550/622/194 549/624/194
f 547/618/184 546/617/184 549/624/184 551/623/184
f 556/625/195 557/626/195 558/627/195 555/628/195
f 554/629/195 559/630/195 560/631/195 553/632/195
f 555/628/196 558/627/196 566/633/196 562/634/196
f 559/630/197 554/629/197 563/635/197 567/636/197
f 558/627/198 557/626/198 565/637/198 566/633/198
f 556/625/199 555/628/199 562/634/199 561/638/199
f 553/632/196 560/631/196 568/639/196 564/640/196
f 557/626/197 556/625/197 561/638/197 565/637/197
f 560/631/200 559/630/200 567/636/200 568/639/200
f 554/629/201 553/632/201 564/640/201 563/635/201
f 570/641/195 571/642/195 572/643/195 569/644/195
f 569/644/196 572/643/196 576/645/196 574/646/196
f 572/643/200 571/642/200 575/647/200 576/645/200
f 570/641/201 569/644/201 574/646/201 573/648/201
f 571/642/197 570/641/197 573/648/197 575/647/197
f 578/649/195 579/650/195 580/651/195 577/652/195
f 577/652/196 580/651/196 584/653/196 582/654/196
f 580/651/198 579/650/198 583/655/198 584/653/198
f 578/649/199 577/652/199 582/654/199 581/656/199
f 579/650/197 578/649/197 581/656/197 583/655/197
f 586/657/195 587/658/195 588/659/195 585/660/195
f 585/660/196 588/659/196 592/661/196 590/662/196
f 588/659/200 587/658/200 591/663/200 592/661/200
f 586/657/201 585/660/201 590/662/201 589/664/201
f 587/658/197 586/657/197 589/664/197 591/663/197
f 594/665/195 595/666/195 596/667/195 593/668/195
f 595/666/197 594/665/197 597/669/197 599/670/197
f 593/668/196 596/667/196 600/671/196 598/672/196
f 596/667/200 595/666/200 599/670/200 600/671/200
f 594/665/201 593/668/201 598/672/201 597/669/201
f 602/673/195 603/674/195 604/675/195 601/676/195
f 601/676/196 604/675/196 608/677/196 606/678/196
f 604/675/198 603/674/198 607/679/198 608/677/198
f 602/673/199 601/676/199 606/678/199 605/680/199
f 603/674/197 602/673/197 605/680/197 607/679/197
f 610/681/195 611/682/195 612/683/195 609/684/195
f 609/684/196 612/683/196 616/685/196 614/686/196
f 612/683/200 611/682/200 615/687/200 616/685/200
f 610/681/201 609/684/201 614/686/201 613/688/201
f 611/682/197 610/681/197 613/688/197 615/687/197
f 618/689/195 619/690/195 620/691/195 617/692/195
f 617/692/196 620/691/196 624/693/196 622/694/196
f 620/691/200 619/690/200 623/695/200 624/693/200
f 618/689/201 617/692/201 622/694/201 621/696/201
f 619/690/197 618/689/197 621/696/197 623/695/197
f 626/697/195 627/698/195 628/699/195 625/700/195
f 625/700/196 628/699/196 632/701/196 630/702/196
f 628/699/200 627/698/200 631/703/200 632/701/200
f 626/697/201 625/700/201 630/702/201 629/704/201
f 627/698/197 626/697/197 629/704/197 631/703/197
f 634/705/195 635/706/195 636/707/195 633/708/195
f 633/708/196 636/707/196 640/709/196 638/710/196
f 636/707/200 635/706/200 639/711/200 640/709/200
f 634/705/201 633/708/201 638/710/201 637/712/201
f 635/706/197 634/705/197 637/712/197 639/711/197
f 642/713/195 643/714/195 644/715/195 641/716/195
f 641/716/196 644/715/196 648/717/196 646/718/196
f 644/715/200 643/714/200 647/719/200 648/717/200
f 642/713/201 641/716/201 646/718/201 645/720/201
f 643/714/197 642/713/197 645/720/197 647/719/197
f 650/721/195 651/722/195 652/723/195 649/724/195
f 649/724/196 652/723/196 656/725/196 654/726/196
f 652/723/200 651/722/200 655/727/200 656/725/200
f 650/721/201 649/724/201 654/726/201 653/728/201
f 651/722/197 650/721/197 653/728/197 655/727/197
f 658/729/195 659/730/195 660/731/195 657/732/195
f 657/732/196 660/731/196 664/733/196 662/734/196
f 660/731/198 659/730/198 663/735/198 664/733/198
f 658/729/199 657/732/199 662/734/199 661/736/199
f 659/730/197 658/729/197 661/736/197 663/735/197
o Castle.008_Cube.003_Cube.016
v -1.436950 1.472273 -0.287344
v 0.254569 7.931249 -1.291191
v 0.728635 7.931249 -1.095195
v 0.529378 3.694676 -1.242097
v 1.091755 7.931249 -0.732638
v 0.969307 3.694676 -0.918567
v -0.001889 8.511705 -0.001887
v 1.288812 7.931249 -0.258625
v 1.289761 7.931249 0.255036
v 1.094025 7.931249 0.730380
v 1.135744 5.218124 0.758255
v 0.730857 7.931249 1.094746
v 0.759051 5.218124 1.136940
v 0.255477 7.931249 1.291981
v -0.259260 7.931249 1.292002
v -0.734417 7.931249 1.094415
v -0.745613 6.722185 1.111172
v -1.097474 7.931249 0.730156
v -1.114135 6.722185 0.741288
v -1.293268 7.931249 0.254980
v -1.292395 7.931249 -0.258589
v -1.095331 7.931249 -0.732506
v -0.732321 7.931249 -1.095059
v 1.436101 8.063845 0.284147
v 1.557603 8.133535 0.308315
v -0.258354 7.931249 -1.291236
v -0.288943 1.472273 1.441229
v 1.436389 1.472273 0.284202
v 0.283225 1.472273 -1.435254
v -1.300100 8.511703 0.535846
v -1.060972 8.474139 0.439576
v 0.317980 8.511703 -1.609977
v -0.001889 8.736829 -1.637786
v 0.317280 8.736829 -1.606458
v -0.993771 8.511703 -0.993772
v -0.779450 8.736829 -1.165594
v -0.991585 8.736829 -0.991586
v 0.811305 8.063845 -1.218920
v 0.879888 8.133535 -1.321562
v 0.319262 8.511703 1.612653
v 0.318509 8.736829 1.608865
v -0.001890 8.736829 1.640543
v 1.434986 8.063845 -0.287700
v 1.556296 8.133535 -0.311832
v 0.536630 8.511703 1.298216
v 0.535373 8.736829 1.295181
v 0.777974 8.736829 1.165260
v -0.814970 8.063845 -1.218755
v -0.883537 8.133535 -1.321370
v 1.609379 8.511703 0.318613
v 1.636557 8.736829 -0.001887
v 1.605727 8.736829 0.317887
v -1.439563 8.063845 0.284081
v -1.560939 8.133535 0.308224
v -0.996199 8.511703 0.992421
v -1.167994 8.736829 0.777278
v -0.993909 8.736829 0.990131
v 0.814020 8.063845 1.219205
v 0.883059 8.133535 1.322533
v -1.612694 8.511703 0.318518
v -1.609070 8.736829 0.317798
v -1.639923 8.736829 -0.001890
v -0.287380 8.063845 -1.437159
v -0.311460 8.133535 -1.558223
v 1.294803 8.511703 -0.538997
v 1.291922 8.736829 -0.537803
v 1.162269 8.736829 -0.779752
v -0.817524 8.063845 1.218794
v -0.886541 8.133535 1.322083
v 0.624250 8.736829 -1.513522
v 1.218265 8.063845 0.813391
v 1.321390 8.133535 0.882298
v -1.165872 8.736829 -0.779639
v -1.219123 8.063845 -0.815222
v -1.321827 8.133535 -0.883845
v -1.221704 8.063845 0.813164
v -1.324804 8.133535 0.882053
v -0.323040 8.511703 1.612641
v -0.322287 8.736829 1.608851
v 0.283597 8.063845 -1.437126
v 0.307682 8.133535 -1.558201
v 0.992720 8.511703 0.992721
v 0.990418 8.736829 0.990419
v -1.438515 8.063845 -0.287653
v -1.559733 8.133535 -0.311764
v 1.513071 8.736829 0.625630
v -0.288478 8.063845 1.438887
v -0.312738 8.133535 1.560845
v -1.611485 8.511703 -0.322058
v -1.607912 8.736829 -0.321347
v -0.781535 8.736829 1.164931
v -0.438782 8.474139 -1.059301
v -0.434772 9.475055 -1.049598
v 1.296619 8.511703 0.535972
v 1.061315 8.474139 0.439694
v -0.812470 8.474139 0.812599
v 1.402516 8.511703 -0.001887
v 1.148037 8.474139 0.000096
v -0.540342 8.511703 1.298046
v -0.439931 8.474139 1.062268
v 1.060104 8.474139 -0.439002
v -1.298422 8.511703 -0.538932
v -1.059825 8.474139 -0.438915
v 0.990186 8.511703 -0.993963
v 0.811085 8.474139 -0.810960
v -0.001890 8.511703 1.405535
v 0.000035 8.474139 1.149999
v -0.538640 8.511703 -1.297724
v -1.406065 8.511703 -0.001890
v -1.147725 8.474139 0.000093
v 0.534888 8.511703 -1.297783
v 0.438856 8.474139 -1.059325
v 0.440023 8.474139 1.062325
v -0.810897 8.474139 -0.810835
v -0.001889 8.511703 -1.404320
v 0.000030 8.474139 -1.146450
v 0.812776 8.474139 0.812839
v 0.000014 9.475055 -1.135976
v 0.000017 10.528137 -1.622418
v -0.435709 9.475055 1.052016
v 1.137271 9.475055 0.000077
v -0.803465 9.475055 -0.803404
v 0.000017 9.475055 1.138859
v 1.050254 9.475055 -0.434947
v -1.050039 9.475055 -0.434873
v 0.803589 9.475055 -0.803499
v 0.435761 9.475055 1.052058
v -1.137026 9.475055 0.000075
v 0.434810 9.475055 -1.049617
v 0.804962 9.475055 0.805024
v -1.050972 9.475055 0.435409
v 1.051236 9.475055 0.435508
v -0.804752 9.475055 0.804846
v -1.149489 10.528137 1.149554
v 1.501340 10.528137 0.621912
v -0.620916 10.528137 -1.499031
v -0.622379 10.528137 1.502651
v 1.624146 10.528137 0.000045
v -1.147424 10.528137 -1.147401
v 0.000021 10.528137 1.626803
v 1.499803 10.528137 -0.621188
v -1.499638 10.528137 -0.621137
v 1.147573 10.528137 -1.147512
v 0.622488 10.528137 1.502818
v -1.623876 10.528137 0.000043
v 0.620974 10.528137 -1.499081
v 1.149761 10.528137 1.149785
v -1.501064 10.528137 0.621812
v -1.408886 12.608696 -0.583557
v 1.078989 12.608696 1.079013
v 0.000001 12.608696 -1.524682
v 1.409455 12.608696 0.583841
v -0.583497 12.608696 -1.408666
v 1.525268 12.608696 0.000027
v -1.078207 12.608696 -1.078187
v 1.408929 12.608696 -0.583570
v 1.078241 12.608696 -1.078215
v -1.525207 12.608696 0.000025
v 0.583504 12.608696 -1.408676
v -1.409378 12.608696 0.583810
v -1.078914 12.608696 1.078941
v -0.584009 12.608696 1.409952
v 0.000001 12.608696 1.526222
v 0.584028 12.608696 1.409992
v -1.450939 11.148924 0.601061
v -1.442320 11.981153 0.597459
v -0.000025 11.148924 -1.568609
v -0.596980 11.981153 -1.441227
v -0.642911 11.773096 -1.195506
v 1.111120 11.148923 1.111218
v 1.104373 11.981153 1.104396
v 0.000006 11.981153 -1.559905
v -1.110985 11.148924 1.111039
v 1.441639 11.981153 -0.597115
v 1.449891 11.148923 -0.600501
v 1.197675 11.356980 -0.638404
v 1.193968 11.773096 -0.636878
v 1.451081 11.148923 0.601141
v -1.103140 11.981153 -1.103122
v -0.866029 11.773096 -1.046472
v -0.600369 11.148923 -1.449293
v -0.601496 11.148924 1.452161
v -0.597765 11.981153 1.443180
v 1.569935 11.148923 0.000075
v 1.560814 11.981153 0.000030
v -1.109398 11.148923 -1.109305
v -0.000022 11.148924 1.572056
v 1.442459 11.981153 0.597511
v 1.299486 11.356980 0.399159
v 1.295638 11.773096 0.397595
v 0.597001 11.981153 -1.441249
v 0.391115 11.773096 -1.296473
v -1.449841 11.148923 -0.600464
v -0.401157 11.356981 1.306437
v -0.399586 11.773096 1.302539
v 1.109446 11.148923 -1.109396
v 1.103214 11.981153 -1.103181
v 0.601498 11.148924 1.452277
v -1.569824 11.148923 0.000073
v -1.560701 11.981153 0.000027
v 0.600336 11.148923 -1.449329
v -1.104240 11.981153 1.104276
v -1.053574 11.773096 0.865000
v 0.128008 11.356981 -1.352660
v -1.206333 11.356981 0.643186
v -1.355510 11.773096 -0.129809
v -1.359470 11.356980 -0.129819
v 0.597809 11.981153 1.443254
v 0.644296 11.354424 1.204775
v 0.642625 11.770538 1.200865
v -1.441558 11.981153 -0.597091
v -0.644348 11.356981 -1.199104
v 0.000008 11.981153 1.562254
v -0.868734 11.356981 -1.049236
v 1.047611 11.356980 -0.862733
v -1.202608 11.773096 0.641634
v 0.127960 11.773096 -1.348781
v -0.136080 11.356981 1.359254
v 1.351907 11.356980 0.134232
v -1.306601 11.356980 -0.394531
v -1.303008 11.773096 -0.393012
v 0.392650 11.356981 -1.300075
v 1.044794 11.773096 -0.859953
v -1.056468 11.356981 0.867932
v -0.136127 11.773096 1.355004
v 1.347830 11.773096 0.134243
v -1.368694 8.511703 0.911378
v -0.321758 8.511703 -1.609991
v 1.608063 8.511703 -0.322126
v -0.912860 8.511703 -1.365256
v 0.308958 8.133535 1.560847
v 0.909207 8.511703 -1.365441
v 1.365278 8.511703 0.911624
v -0.915882 8.511703 1.365997
v 1.318166 8.133535 -0.883920
v 1.362061 8.511703 -0.913251
v -1.365711 8.511703 -0.913169
v 0.912395 8.511703 1.366435
v 0.284697 8.063845 1.438878
v 1.215492 8.063845 -0.815318
v 0.987993 8.736829 -0.991771
v 0.907209 8.736829 -1.362450
v -0.630203 8.736829 1.514992
v -1.295539 8.736829 -0.537738
v 1.164528 8.736829 0.777487
v 1.362138 8.736829 0.909526
v -0.539089 8.736829 1.295022
v -1.514307 8.736829 -0.628354
v 0.775759 8.736829 -1.165722
v 1.155295 8.736829 -1.159072
v -0.913760 8.736829 1.362820
v -1.375582 8.736829 -0.275133
v 1.293658 8.736829 0.534745
v 1.158636 8.736829 1.158636
v -0.321058 8.736829 -1.606472
v -0.275807 8.736829 1.375180
v -1.362707 8.736829 -0.911161
v 0.622893 8.969222 -1.510248
v 0.905238 8.969222 -1.359501
v -0.910868 8.736829 -1.362276
v -0.908904 8.969222 -1.359337
v -0.777758 8.969222 -1.163062
v 0.271123 8.736829 -1.374413
v 0.533705 8.736829 -1.294927
v -1.376447 8.736829 0.271528
v -1.402913 8.736829 -0.001890
v 1.399352 8.736829 -0.001887
v 1.372928 8.736829 0.271580
v 1.369850 8.969222 0.270967
v 1.396238 8.969222 -0.001887
v 0.272025 8.736829 1.375174
v -0.001890 8.736829 1.402242
v -0.537458 8.736829 -1.294871
v -0.274905 8.736829 -1.374444
v -0.274312 8.969222 -1.371459
v -0.536293 8.969222 -1.292057
v -1.365566 8.736829 0.909288
v -1.362474 8.969222 0.907223
v -1.165350 8.969222 0.775512
v 1.371986 8.736829 -0.275169
v 1.604468 8.736829 -0.321411
v 1.509644 8.969222 0.624210
v 1.359034 8.969222 0.907452
v -1.297148 8.736829 0.534623
v -1.516466 8.736829 0.625468
v 1.161874 8.969222 0.775714
v 0.626545 8.736829 1.515292
v 0.910259 8.736829 1.363239
v -0.001889 8.736829 -1.401240
v 0.270529 8.969222 -1.371430
v -0.001889 8.969222 -1.398203
v 1.510757 8.736829 -0.628448
v 1.359049 8.736829 -0.911239
v -1.373375 8.969222 0.270917
v -1.294232 8.969222 0.533415
v -1.158927 8.736829 -1.158931
v -0.989434 8.969222 -0.989434
v -1.156419 8.969222 -1.156422
v -0.627990 8.736829 -1.513436
v -0.628750 8.969222 1.511485
v -0.911661 8.969222 1.359679
v 0.908148 8.969222 1.360079
v 0.776175 8.969222 1.162568
v 0.271391 8.969222 1.371987
v 0.534130 8.969222 1.292181
v -0.537851 8.969222 1.292033
v -0.626636 8.969222 -1.510167
v -0.320368 8.969222 -1.603002
v -1.162068 8.736829 1.158287
v -1.511002 8.969222 -0.626985
v -1.359743 8.969222 -0.909181
v -0.001890 8.969222 1.398986
v -0.275173 8.969222 1.371991
v -0.321541 8.969222 1.605103
v -0.001890 8.969222 1.636714
v 1.602120 8.969222 0.317169
v 1.632911 8.969222 -0.001887
v 0.316590 8.969222 -1.602989
v -0.001889 8.969222 -1.634256
v -1.605492 8.969222 0.317086
v -1.513064 8.969222 0.624059
v 0.317763 8.969222 1.605118
v 0.625084 8.969222 1.511764
v 1.289078 8.969222 -0.536625
v 1.368951 8.969222 -0.274565
v 1.600920 8.969222 -0.320705
v 1.507437 8.969222 -0.627073
v -0.991646 8.969222 0.987868
v -1.159415 8.969222 1.155634
v -1.399801 8.969222 -0.001890
v -1.372548 8.969222 -0.274529
v -1.604385 8.969222 -0.320645
v -1.636304 8.969222 -0.001890
v 0.532538 8.969222 -1.292110
v 0.774062 8.969222 -1.163182
v 1.290733 8.969222 0.533534
v -0.779751 8.969222 1.162261
v -1.292696 8.969222 -0.536560
v -1.163326 8.969222 -0.777937
v 0.985830 8.969222 -0.989607
v 1.159721 8.969222 -0.778049
v 1.356078 8.969222 -0.909254
v 1.152785 8.969222 -1.156562
v 0.988143 8.969222 0.988144
v 1.155971 8.969222 1.155971
v 0.541990 2.581789 -1.268982
v 0.991409 2.581789 -0.938726
v 1.214373 1.472273 -0.814569
v 1.157299 4.105237 0.772658
v 0.773634 4.105237 1.158766
v 0.815154 1.472273 1.220905
v -0.757767 5.609297 1.129361
v -1.132194 5.609297 0.753354
v -1.222241 1.472273 0.813521
v -0.813460 1.472273 -1.216492
v 0.958319 4.383459 0.791824
v 0.948568 4.939902 0.785175
v -0.711746 6.448464 0.897554
v -0.716735 5.883018 0.905884
v -0.881534 5.883018 0.740431
v -0.873931 6.448464 0.734778
v 0.738794 2.848684 -0.891239
v 0.538191 3.405127 -1.023168
v 0.544208 2.848684 -1.034475
v 0.728743 3.405127 -0.882942
v 0.785392 4.939902 0.949078
v 0.792110 4.383459 0.958928
v 0.878677 11.765366 1.049280
v 0.883731 11.349363 1.054742
v 1.540277 0.912550 -1.032333
v 1.035351 0.912549 1.550452
v 1.042972 0.490758 1.561858
v 1.822418 0.912549 0.360987
v 1.839734 0.490757 0.364431
v -1.822687 0.912550 -0.364073
v -1.565654 0.490758 1.042981
v 0.363257 0.490758 -1.837603
v 1.553595 0.490758 -1.041231
v -1.839618 0.490757 -0.367441
v -1.610781 1.403307 -0.321921
v 1.610751 1.403307 0.318884
v 1.361881 1.403308 -0.913131
v 0.914652 1.403307 1.369814
v -0.323958 1.403307 1.617259
v 0.317805 1.403308 -1.609102
v -0.912033 1.403308 -1.364017
v -1.369999 1.403307 0.912249
v 1.169636 0.421792 1.751425
v 1.185821 -0.046237 1.775647
v 1.625209 0.981515 0.321760
v 0.922986 0.981515 1.382287
v -0.920271 0.981516 -1.376347
v -0.326905 0.981515 1.632072
v -1.625569 0.981515 -0.324863
v 1.374341 0.981516 -0.921457
v 0.320728 0.981516 -1.623793
v -1.167793 0.421792 -1.746790
v -1.382269 0.981515 0.920448
v -1.189598 -0.046237 -1.779424
v -0.413149 0.421792 2.065654
v -0.418958 -0.046237 2.094855
v 0.359854 0.912550 -1.820492
v -1.550942 0.912549 1.033151
v -1.041505 0.490758 -1.557786
v -1.031892 0.912550 -1.543400
v -0.369259 0.490758 1.845001
v -0.366481 0.912550 1.831034
v 2.094854 -0.046237 0.415178
v 2.062584 0.421792 0.408758
v -1.754990 0.421792 1.169491
v -1.779425 -0.046237 1.185818
v 0.407525 0.421792 -2.060151
v 0.415180 -0.046237 -2.098633
v 1.742973 0.421792 -1.167770
v 1.775643 -0.046237 -1.189599
v -2.060071 0.421792 -0.411292
v -2.098634 -0.046237 -0.418963
v 1.994820 12.833526 0.396816
v -1.362710 13.292763 0.910556
v 1.156911 12.696362 -1.107677
v 0.000002 13.566149 -2.107372
v 0.411148 13.566149 -2.066946
v -0.910270 13.292763 -1.362304
v -0.909964 13.566149 -1.361846
v -1.158170 13.566149 -1.158155
v 1.129508 12.833526 -1.690402
v 0.411366 13.566149 2.068085
v 0.000002 13.566149 2.108557
v 1.994415 12.833526 -0.396695
v 0.910663 13.292763 1.362920
v 0.627028 13.566149 1.513796
v 0.910287 13.566149 1.362358
v -1.129484 12.833526 -1.690380
v 2.107811 13.566149 0.000020
v 2.067470 13.566149 0.411264
v -1.994711 12.833526 0.396792
v -1.362211 13.566149 0.910222
v -1.158509 13.566149 1.158531
v 1.130524 12.833526 1.691964
v -2.067450 13.566149 0.411258
v -2.107792 13.566149 0.000017
v -0.396609 12.833526 -1.993906
v 1.362372 13.292763 -0.910284
v 1.513300 13.566149 -0.626810
v 1.361912 13.566149 -0.909978
v -1.130443 12.833526 1.691853
v 0.806481 13.566149 -1.946995
v 1.691533 12.833526 1.130262
v -1.362357 13.292763 -0.910282
v -1.361899 13.566149 -0.909976
v -1.690514 12.833526 -1.129550
v -1.691435 12.833526 1.130203
v -0.411362 13.566149 2.068083
v 0.396621 12.833526 -1.993904
v 1.158523 13.566149 1.158540
v -1.994342 12.833526 -0.396682
v 1.947585 13.566149 0.806735
v -0.397025 12.833526 1.996023
v -2.067236 13.566149 -0.411182
v -0.910639 13.292763 1.362891
v -0.910279 13.566149 1.362350
v 0.581048 12.696362 1.494048
v 1.362745 13.292763 0.910576
v -0.034922 12.696362 1.602697
v -1.601594 12.696362 -0.034809
v 1.607279 13.292763 0.319727
v 0.034771 12.696362 -1.601149
v -0.319797 13.292763 1.607756
v -1.157576 12.696362 1.108259
v 1.607130 13.292763 -0.319658
v -1.466163 12.696362 -0.644955
v 1.466862 12.696362 0.645373
v -0.645492 12.696362 1.467152
v 0.319802 13.292763 1.607758
v -0.580625 12.696362 -1.492600
v -0.319634 13.292763 -1.606917
v -1.607132 13.292763 -0.249708
v 1.108453 12.696362 1.157844
v 0.910278 13.292763 -1.362304
v -1.493273 12.696362 0.580823
v -1.107671 12.696362 -1.156841
v 1.492935 12.696362 -0.580681
v -1.607260 13.292763 0.319724
v 0.319641 13.292763 -1.606913
v 0.644894 12.696362 -1.466008
v 1.601813 12.696362 0.034877
v 0.397038 12.833526 1.996040
v 1.690546 12.833526 -1.129563
v 1.158181 13.566149 -1.158159
v 1.170865 13.566149 -1.752302
v -0.806876 13.566149 1.947995
v -1.513293 13.566149 -0.626811
v 1.362229 13.566149 0.910231
v 1.752917 13.566149 1.171280
v -0.627024 13.566149 1.513792
v -1.947172 13.566149 -0.806529
v 0.909971 13.566149 -1.361847
v 1.490213 13.566149 -1.490191
v -1.171374 13.566149 1.753106
v -1.606574 13.566149 -0.319549
v 1.513541 13.566149 0.626948
v 1.490778 13.566149 1.490793
v -0.411139 13.566149 -2.066946
v -0.319661 13.566149 1.607070
v -1.752385 13.566149 -1.170895
v 0.806276 13.850275 -1.946501
v 1.170560 13.850275 -1.751847
v -1.170856 13.566149 -1.752300
v -1.170552 13.850275 -1.751845
v -0.909710 13.850275 -1.361464
v 0.319533 13.566149 -1.606374
v 0.626787 13.566149 -1.513174
v -1.606704 13.566149 0.319613
v -1.638099 13.566149 0.000018
v 1.638108 13.566149 0.000021
v 1.606714 13.566149 0.319614
v 1.606254 13.850275 0.319522
v 1.637630 13.850275 0.000020
v 0.319665 13.566149 1.607069
v 0.000002 13.566149 1.638541
v -0.626780 13.566149 -1.513172
v -0.319528 13.566149 -1.606377
v -0.319439 13.850275 -1.605928
v -0.626601 13.850275 -1.512737
v -1.752904 13.566149 1.171270
v -1.752432 13.850275 1.170954
v -1.361820 13.850275 0.909960
v 1.606584 13.566149 -0.319550
v 2.067254 13.566149 -0.411181
v 1.947074 13.850275 0.806523
v 1.752444 13.850275 1.170964
v -1.513533 13.566149 0.626943
v -1.947566 13.566149 0.806726
v 1.361836 13.850275 0.909968
v 0.806884 13.566149 1.948011
v 1.171391 13.566149 1.753125
v 0.000002 13.566149 -1.637818
v 0.319443 13.850275 -1.605924
v 0.000002 13.850275 -1.637348
v 1.947186 13.566149 -0.806533
v 1.752395 13.566149 -1.170894
v -1.606246 13.850275 0.319521
v -1.513089 13.850275 0.626758
v -1.490203 13.566149 -1.490192
v -1.157837 13.850275 -1.157822
v -1.489825 13.850275 -1.489814
v -0.806473 13.566149 -1.946992
v -0.806659 13.850275 1.947470
v -1.171056 13.850275 1.752629
v 1.171069 13.850275 1.752644
v 0.910022 13.850275 1.361962
v 0.319571 13.850275 1.606599
v 0.626840 13.850275 1.513343
v -0.626838 13.850275 1.513340
v -0.806269 13.850275 -1.946499
v -0.411033 13.850275 -2.066410
v -1.490766 13.566149 1.490784
v -1.946674 13.850275 -0.806324
v -1.751928 13.850275 -1.170589
v 0.000001 13.850275 1.638049
v -0.319569 13.850275 1.606600
v -0.411248 13.850275 2.067504
v 0.000001 13.850275 2.107975
v 2.066919 13.850275 0.411154
v 2.107265 13.850275 0.000019
v 0.411041 13.850275 -2.066410
v 0.000002 13.850275 -2.106839
v -2.066901 13.850275 0.411148
v -1.947057 13.850275 0.806514
v 0.411250 13.850275 2.067504
v 0.806664 13.850275 1.947479
v 1.512861 13.850275 -0.626629
v 1.606128 13.850275 -0.319460
v 2.066709 13.850275 -0.411073
v 1.946687 13.850275 -0.806327
v -1.158167 13.850275 1.158187
v -1.490372 13.850275 1.490388
v -1.637622 13.850275 0.000017
v -1.606119 13.850275 -0.319459
v -2.066694 13.850275 -0.411074
v -2.107249 13.850275 0.000016
v 0.626606 13.850275 -1.512739
v 0.909715 13.850275 -1.361465
v 1.513095 13.850275 0.626763
v -0.910016 13.850275 1.361955
v -1.512856 13.850275 -0.626630
v -1.361517 13.850275 -0.909721
v 1.157846 13.850275 -1.157826
v 1.361529 13.850275 -0.909723
v 1.751937 13.850275 -1.170589
v 1.489833 13.850275 -1.489813
v 1.158179 13.850275 1.158196
v 1.490384 13.850275 1.490398
v 0.363751 13.292764 -0.243028
v 0.245303 13.292764 -0.338980
v 0.088325 13.292764 -0.395400
v -0.075451 13.292764 -0.395401
v -0.219615 13.292764 -0.334897
v -0.335431 13.292764 -0.219091
v -0.406566 13.292764 -0.060906
v -1.385682 13.142763 -0.854711
v -1.607414 13.142763 -0.319715
v -0.369983 13.142764 -0.228197
v -0.429166 13.142763 -0.085346
v -1.342495 12.992764 -0.897010
v -0.363908 12.992764 -0.243137
v -0.261513 12.992764 -0.341773
v -0.926948 12.992764 -1.308726
v 0.307844 12.831679 -1.563377
v -0.243217 12.842765 -0.363986
v -0.865058 12.842764 -1.294639
v -0.101308 12.842765 -0.422758
v -0.360331 12.842764 -1.503664
v 0.910846 12.842764 -1.363151
v 1.362823 13.031678 -0.910584
v 0.061096 12.692765 -0.430421
v 0.240951 12.692764 -1.402547
v -0.085429 12.692765 -0.429486
v -0.275788 12.692764 -1.386493
v 0.807707 12.692764 -1.208791
v 1.208905 12.692764 -0.807738
v 0.085472 12.542766 -0.429643
v 0.273492 12.486394 -1.374887
v 0.233355 12.542766 -0.368396
v 0.745801 12.539181 -1.177534
v 0.364437 12.392766 -0.243480
v 0.243499 12.392766 -0.364388
v 1.152615 12.392765 -0.770124
v 0.770083 12.392765 -1.152479
v 0.363892 13.031678 -0.243120
v 0.799898 13.292763 -1.500530
v 0.800027 13.142763 -1.538544
v 0.235699 13.142763 -0.360057
v 1.159389 5.150449 -0.714467
vt 0.032027 0.968587
vt 0.032027 0.968587
vt 0.032027 0.968587
vt 0.032027 0.968587
vt 0.032027 0.968587
vt 0.032027 0.968587
vt 0.032027 0.968587
vt 0.032027 0.968587
vt 0.032027 0.968587
vt 0.032027 0.968587
vt 0.032027 0.968587
vt 0.032027 0.968587
vt 0.032027 0.968587
vt 0.032027 0.968587
vt 0.032027 0.968587
vt 0.032027 0.968587
vt 0.032027 0.968587
vt 0.032027 0.968587
vt 0.158072 0.969440
vt 0.158072 0.969440
vt 0.158072 0.969440
vt 0.158072 0.969440
vt 0.032027 0.968587
vt 0.032028 0.968587
vt 0.032027 0.968587
vt 0.032028 0.968587
vt 0.032028 0.968587
vt 0.032028 0.968587
vt 0.158072 0.969440
vt 0.158072 0.969440
vt 0.158072 0.969440
vt 0.158072 0.969440
vt 0.158072 0.969440
vt 0.158072 0.969440
vt 0.158072 0.969440
vt 0.158072 0.969440
vt 0.158072 0.969440
vt 0.158072 0.969440
vt 0.158072 0.969440
vt 0.158072 0.969440
vt 0.158071 0.969441
vt 0.158071 0.969441
vt 0.158071 0.969441
vt 0.158072 0.969440
vt 0.158072 0.969440
vt 0.158072 0.969440
vt 0.158072 0.969440
vt 0.158072 0.969440
vt 0.158072 0.969441
vt 0.158072 0.969441
vt 0.158072 0.969441
vt 0.158072 0.969441
vt 0.158072 0.969440
vt 0.158072 0.969440
vt 0.158072 0.969440
vt 0.158072 0.969440
vt 0.158072 0.969440
vt 0.158072 0.969440
vt 0.158072 0.969440
vt 0.158072 0.969440
vt 0.158071 0.969441
vt 0.158071 0.969441
vt 0.158071 0.969441
vt 0.158072 0.969441
vt 0.158072 0.969441
vt 0.158072 0.969441
vt 0.158072 0.969440
vt 0.158072 0.969440
vt 0.158072 0.969440
vt 0.158072 0.969440
vt 0.158072 0.969440
vt 0.158072 0.969440
vt 0.158071 0.969441
vt 0.158071 0.969441
vt 0.158072 0.969440
vt 0.158072 0.969440
vt 0.158072 0.969440
vt 0.158072 0.969440
vt 0.158071 0.969441
vt 0.158072 0.969440
vt 0.158072 0.969440
vt 0.158071 0.969441
vt 0.158071 0.969441
vt 0.158072 0.969440
vt 0.032027 0.968587
vt 0.032027 0.968587
vt 0.032027 0.968587
vt 0.032027 0.968587
vt 0.032028 0.968586
vt 0.032028 0.968586
vt 0.032028 0.968587
vt 0.032028 0.968586
vt 0.032028 0.968586
vt 0.032028 0.968587
vt 0.032028 0.968587
vt 0.032028 0.968586
vt 0.032028 0.968586
vt 0.032027 0.968587
vt 0.032028 0.968586
vt 0.032028 0.968587
vt 0.032028 0.968586
vt 0.032028 0.968587
vt 0.032027 0.968587
vt 0.032027 0.968587
vt 0.032027 0.968587
vt 0.032028 0.968587
vt 0.032028 0.968587
vt 0.032028 0.968587
vt 0.032028 0.968587
vt 0.032027 0.968587
vt 0.032027 0.968587
vt 0.032027 0.968587
vt 0.032027 0.968587
vt 0.032027 0.968587
vt 0.032027 0.968587
vt 0.032027 0.968587
vt 0.032027 0.968587
vt 0.032028 0.968587
vt 0.032028 0.968587
vt 0.032027 0.968587
vt 0.032027 0.968587
vt 0.032027 0.968587
vt 0.032027 0.968587
vt 0.032027 0.968587
vt 0.032027 0.968587
vt 0.032027 0.968587
vt 0.032027 0.968587
vt 0.032027 0.968587
vt 0.032027 0.968587
vt 0.032027 0.968587
vt 0.032027 0.968587
vt 0.032027 0.968587
vt 0.032027 0.968587
vt 0.032027 0.968587
vt 0.032027 0.968587
vt 0.032028 0.968587
vt 0.032027 0.968587
vt 0.032027 0.968587
vt 0.032027 0.968587
vt 0.032027 0.968587
vt 0.032028 0.968587
vt 0.032027 0.968587
vt 0.032027 0.968587
vt 0.032027 0.968587
vt 0.032027 0.968587
vt 0.032027 0.968587
vt 0.032028 0.968587
vt 0.032028 0.968587
vt 0.032028 0.968587
vt 0.032028 0.968587
vt 0.032027 0.968587
vt 0.032027 0.968587
vt 0.032027 0.968587
vt 0.032027 0.968587
vt 0.032027 0.968587
vt 0.032027 0.968587
vt 0.032027 0.968587
vt 0.032027 0.968587
vt 0.032027 0.968587
vt 0.032027 0.968587
vt 0.032027 0.968587
vt 0.032027 0.968587
vt 0.032027 0.968587
vt 0.032028 0.968587
vt 0.032028 0.968587
vt 0.032028 0.968587
vt 0.032027 0.968587
vt 0.032027 0.968587
vt 0.032028 0.968587
vt 0.032028 0.968587
vt 0.032027 0.968587
vt 0.032028 0.968587
vt 0.032028 0.968587
vt 0.032028 0.968587
vt 0.032027 0.968587
vt 0.032027 0.968587
vt 0.032027 0.968587
vt 0.032027 0.968587
vt 0.032027 0.968587
vt 0.032027 0.968587
vt 0.032028 0.968587
vt 0.032028 0.968587
vt 0.032028 0.968587
vt 0.032027 0.968587
vt 0.032027 0.968587
vt 0.032028 0.968587
vt 0.032028 0.968587
vt 0.032027 0.968587
vt 0.032027 0.968587
vt 0.032027 0.968587
vt 0.032027 0.968587
vt 0.032027 0.968587
vt 0.032027 0.968587
vt 0.032027 0.968587
vt 0.032028 0.968587
vt 0.032028 0.968587
vt 0.032027 0.968587
vt 0.032028 0.968587
vt 0.032028 0.968587
vt 0.032028 0.968587
vt 0.032027 0.968587
vt 0.032027 0.968587
vt 0.032027 0.968587
vt 0.032028 0.968587
vt 0.032027 0.968587
vt 0.032028 0.968586
vt 0.032028 0.968587
vt 0.032027 0.968587
vt 0.032028 0.968587
vt 0.032027 0.968587
vt 0.158071 0.969441
vt 0.158071 0.969441
vt 0.158072 0.969440
vt 0.158072 0.969440
vt 0.158072 0.969440
vt 0.158072 0.969440
vt 0.158072 0.969440
vt 0.158071 0.969441
vt 0.158071 0.969441
vt 0.158072 0.969440
vt 0.158071 0.969441
vt 0.158071 0.969441
vt 0.158071 0.969441
vt 0.032027 0.968587
vt 0.032027 0.968587
vt 0.032027 0.968587
vt 0.032027 0.968587
vt 0.032027 0.968587
vt 0.032027 0.968587
vt 0.032027 0.968587
vt 0.032027 0.968587
vt 0.032027 0.968587
vt 0.032027 0.968587
vt 0.032027 0.968587
vt 0.032027 0.968587
vt 0.032027 0.968587
vt 0.032027 0.968586
vt 0.032027 0.968587
vt 0.032027 0.968587
vt 0.032027 0.968587
vt 0.032027 0.968587
vt 0.032027 0.968587
vt 0.032028 0.968587
vt 0.158072 0.969441
vt 0.158072 0.969441
vt 0.158072 0.969440
vt 0.158071 0.969441
vt 0.158072 0.969440
vt 0.158072 0.969440
vt 0.158072 0.969440
vt 0.158072 0.969440
vt 0.158072 0.969440
vt 0.158072 0.969440
vt 0.158071 0.969441
vt 0.158072 0.969440
vt 0.158072 0.969440
vt 0.158072 0.969440
vt 0.158072 0.969440
vt 0.158072 0.969440
vt 0.158072 0.969441
vt 0.158072 0.969440
vt 0.158071 0.969441
vt 0.158072 0.969440
vt 0.158072 0.969440
vt 0.158072 0.969440
vt 0.158071 0.969441
vt 0.158072 0.969440
vt 0.158072 0.969440
vt 0.158072 0.969440
vt 0.158072 0.969440
vt 0.158072 0.969440
vt 0.158072 0.969440
vt 0.158072 0.969440
vt 0.158072 0.969440
vt 0.158072 0.969441
vt 0.158072 0.969441
vt 0.158071 0.969440
vt 0.158071 0.969440
vt 0.158071 0.969441
vt 0.158071 0.969441
vt 0.158071 0.969441
vt 0.158071 0.969441
vt 0.158072 0.969440
vt 0.158072 0.969440
vt 0.158072 0.969440
vt 0.158072 0.969440
vt 0.158072 0.969440
vt 0.158072 0.969440
vt 0.158072 0.969440
vt 0.158072 0.969440
vt 0.158072 0.969440
vt 0.158071 0.969440
vt 0.158071 0.969440
vt 0.158071 0.969441
vt 0.158071 0.969441
vt 0.158072 0.969441
vt 0.158072 0.969441
vt 0.158071 0.969441
vt 0.158072 0.969441
vt 0.158072 0.969441
vt 0.158072 0.969441
vt 0.158072 0.969441
vt 0.158072 0.969441
vt 0.158072 0.969440
vt 0.158072 0.969440
vt 0.158072 0.969440
vt 0.158072 0.969440
vt 0.158072 0.969440
vt 0.158072 0.969440
vt 0.158072 0.969440
vt 0.158072 0.969440
vt 0.158071 0.969441
vt 0.158071 0.969441
vt 0.158071 0.969441
vt 0.158071 0.969441
vt 0.158072 0.969440
vt 0.158072 0.969440
vt 0.158071 0.969441
vt 0.158072 0.969440
vt 0.158072 0.969440
vt 0.158071 0.969441
vt 0.158072 0.969440
vt 0.158072 0.969440
vt 0.158072 0.969441
vt 0.158072 0.969440
vt 0.158072 0.969440
vt 0.158072 0.969441
vt 0.158072 0.969441
vt 0.158072 0.969440
vt 0.158072 0.969440
vt 0.158072 0.969440
vt 0.158072 0.969440
vt 0.158071 0.969440
vt 0.158071 0.969440
vt 0.158071 0.969441
vt 0.158071 0.969441
vt 0.158072 0.969441
vt 0.158072 0.969441
vt 0.158072 0.969441
vt 0.158072 0.969441
vt 0.158072 0.969441
vt 0.158072 0.969441
vt 0.158072 0.969441
vt 0.158072 0.969441
vt 0.158072 0.969441
vt 0.158072 0.969441
vt 0.158071 0.969440
vt 0.158071 0.969440
vt 0.158071 0.969440
vt 0.158071 0.969440
vt 0.158072 0.969441
vt 0.158072 0.969441
vt 0.158071 0.969441
vt 0.158071 0.969441
vt 0.158071 0.969441
vt 0.158071 0.969441
vt 0.158072 0.969441
vt 0.158072 0.969441
vt 0.158072 0.969441
vt 0.158072 0.969441
vt 0.158071 0.969441
vt 0.158071 0.969441
vt 0.032027 0.968587
vt 0.032027 0.968587
vt 0.032027 0.968587
vt 0.032027 0.968587
vt 0.032027 0.968587
vt 0.032027 0.968587
vt 0.032027 0.968587
vt 0.032027 0.968587
vt 0.032027 0.968587
vt 0.032027 0.968587
vt 0.032027 0.968587
vt 0.032027 0.968587
vt 0.032027 0.968587
vt 0.032027 0.968587
vt 0.032027 0.968587
vt 0.032028 0.968587
vt 0.032028 0.968587
vt 0.032027 0.968587
vt 0.218831 0.966536
vt 0.218831 0.966536
vt 0.218831 0.966536
vt 0.218831 0.966536
vt 0.032027 0.968587
vt 0.032027 0.968587
vt 0.032027 0.968587
vt 0.032027 0.968587
vt 0.032027 0.968587
vt 0.032027 0.968587
vt 0.032027 0.968587
vt 0.032027 0.968587
vt 0.032027 0.968587
vt 0.032027 0.968587
vt 0.032027 0.968587
vt 0.032027 0.968587
vt 0.032028 0.968587
vt 0.032027 0.968587
vt 0.032027 0.968587
vt 0.032027 0.968587
vt 0.032027 0.968587
vt 0.032028 0.968587
vt 0.032027 0.968587
vt 0.032027 0.968587
vt 0.032027 0.968587
vt 0.032027 0.968587
vt 0.218831 0.966536
vt 0.218831 0.966536
vt 0.218831 0.966536
vt 0.218831 0.966536
vt 0.218831 0.966536
vt 0.218831 0.966536
vt 0.218831 0.966536
vt 0.218831 0.966536
vt 0.218831 0.966536
vt 0.218831 0.966536
vt 0.218831 0.966536
vt 0.218831 0.966536
vt 0.218831 0.966536
vt 0.218831 0.966536
vt 0.218831 0.966536
vt 0.218831 0.966536
vt 0.218831 0.966536
vt 0.218831 0.966536
vt 0.218831 0.966536
vt 0.218831 0.966536
vt 0.218831 0.966536
vt 0.218831 0.966536
vt 0.218831 0.966536
vt 0.218831 0.966536
vt 0.218831 0.966536
vt 0.218831 0.966536
vt 0.218831 0.966536
vt 0.218831 0.966536
vt 0.218831 0.966536
vt 0.218831 0.966536
vt 0.218831 0.966536
vt 0.218831 0.966536
vt 0.218831 0.966536
vt 0.218831 0.966536
vt 0.218831 0.966536
vt 0.218831 0.966536
vt 0.218831 0.966536
vt 0.218831 0.966536
vt 0.218831 0.966536
vt 0.218831 0.966536
vt 0.032027 0.968587
vt 0.032027 0.968587
vt 0.032027 0.968587
vt 0.032027 0.968587
vt 0.032027 0.968587
vt 0.032027 0.968587
vt 0.032027 0.968587
vt 0.032027 0.968587
vt 0.032027 0.968587
vt 0.032027 0.968587
vt 0.032027 0.968587
vt 0.032027 0.968587
vt 0.032027 0.968587
vt 0.032027 0.968587
vt 0.032027 0.968587
vt 0.032027 0.968587
vt 0.032027 0.968587
vt 0.032027 0.968587
vt 0.032027 0.968587
vt 0.032027 0.968587
vt 0.032026 0.968587
vt 0.032027 0.968587
vt 0.032027 0.968587
vt 0.032027 0.968587
vt 0.032027 0.968587
vt 0.032027 0.968587
vt 0.032027 0.968587
vt 0.032027 0.968587
vt 0.032027 0.968587
vt 0.032027 0.968587
vt 0.032027 0.968587
vt 0.032027 0.968587
vt 0.158071 0.969440
vt 0.158071 0.969440
vt 0.158071 0.969440
vt 0.158071 0.969440
vt 0.032027 0.968587
vt 0.032027 0.968587
vt 0.158071 0.969440
vt 0.158071 0.969440
vt 0.158071 0.969440
vt 0.158071 0.969440
vt 0.158071 0.969440
vt 0.158071 0.969440
vt 0.032027 0.968587
vt 0.032027 0.968587
vt 0.158071 0.969440
vt 0.158071 0.969440
vt 0.158071 0.969440
vt 0.158071 0.969440
vt 0.158071 0.969440
vt 0.158071 0.969440
vt 0.158071 0.969440
vt 0.158071 0.969440
vt 0.158071 0.969440
vt 0.158071 0.969440
vt 0.158071 0.969440
vt 0.158071 0.969440
vt 0.158071 0.969440
vt 0.158071 0.969440
vt 0.158071 0.969440
vt 0.158071 0.969440
vt 0.158071 0.969440
vt 0.158071 0.969440
vt 0.158071 0.969440
vt 0.158071 0.969440
vt 0.158071 0.969440
vt 0.158071 0.969440
vt 0.158071 0.969440
vt 0.158071 0.969440
vt 0.158071 0.969440
vt 0.158071 0.969440
vt 0.158071 0.969440
vt 0.158071 0.969440
vt 0.158071 0.969440
vt 0.158071 0.969440
vt 0.158071 0.969440
vt 0.158071 0.969440
vt 0.158071 0.969440
vt 0.158071 0.969440
vt 0.158071 0.969440
vt 0.158071 0.969440
vt 0.158071 0.969440
vt 0.158071 0.969440
vt 0.032027 0.968587
vt 0.032027 0.968587
vt 0.032027 0.968587
vt 0.032027 0.968587
vt 0.158072 0.969440
vt 0.158072 0.969440
vt 0.158072 0.969440
vt 0.158072 0.969440
vt 0.158072 0.969440
vt 0.158072 0.969440
vt 0.158072 0.969440
vt 0.158071 0.969441
vt 0.158071 0.969441
vt 0.158071 0.969441
vt 0.158072 0.969440
vt 0.158072 0.969440
vt 0.158072 0.969440
vt 0.158072 0.969440
vt 0.158072 0.969441
vt 0.158072 0.969441
vt 0.158072 0.969441
vt 0.158072 0.969441
vt 0.158072 0.969440
vt 0.158072 0.969440
vt 0.158072 0.969440
vt 0.158071 0.969441
vt 0.158071 0.969441
vt 0.158071 0.969441
vt 0.158072 0.969441
vt 0.158072 0.969441
vt 0.158072 0.969441
vt 0.158072 0.969441
vt 0.158072 0.969440
vt 0.158072 0.969440
vt 0.158072 0.969440
vt 0.158071 0.969441
vt 0.158071 0.969441
vt 0.158072 0.969440
vt 0.158071 0.969441
vt 0.158071 0.969441
vt 0.158071 0.969441
vt 0.158072 0.969440
vt 0.158072 0.969440
vt 0.032028 0.968587
vt 0.032028 0.968587
vt 0.032028 0.968587
vt 0.032027 0.968587
vt 0.032028 0.968586
vt 0.032028 0.968586
vt 0.032027 0.968587
vt 0.032027 0.968587
vt 0.032027 0.968587
vt 0.032028 0.968586
vt 0.032028 0.968586
vt 0.032028 0.968586
vt 0.032028 0.968586
vt 0.158072 0.969441
vt 0.158072 0.969440
vt 0.158072 0.969440
vt 0.158071 0.969441
vt 0.158072 0.969440
vt 0.158072 0.969440
vt 0.158072 0.969440
vt 0.158071 0.969441
vt 0.158071 0.969441
vt 0.158072 0.969440
vt 0.158072 0.969440
vt 0.158072 0.969441
vt 0.158072 0.969441
vt 0.158072 0.969440
vt 0.158071 0.969441
vt 0.158071 0.969441
vt 0.158072 0.969440
vt 0.158072 0.969440
vt 0.158072 0.969440
vt 0.158071 0.969441
vt 0.158072 0.969440
vt 0.158072 0.969440
vt 0.158072 0.969440
vt 0.158072 0.969440
vt 0.158072 0.969440
vt 0.158072 0.969440
vt 0.158072 0.969440
vt 0.158072 0.969440
vt 0.158072 0.969440
vt 0.158072 0.969440
vt 0.158072 0.969441
vt 0.158072 0.969441
vt 0.158071 0.969440
vt 0.158071 0.969440
vt 0.158071 0.969441
vt 0.158071 0.969441
vt 0.158071 0.969441
vt 0.158071 0.969441
vt 0.158072 0.969440
vt 0.158072 0.969440
vt 0.158072 0.969440
vt 0.158072 0.969440
vt 0.158072 0.969440
vt 0.158072 0.969440
vt 0.158072 0.969440
vt 0.158072 0.969440
vt 0.158072 0.969440
vt 0.158071 0.969440
vt 0.158071 0.969440
vt 0.158071 0.969441
vt 0.158071 0.969441
vt 0.158072 0.969441
vt 0.158072 0.969441
vt 0.158071 0.969441
vt 0.158072 0.969441
vt 0.158072 0.969441
vt 0.158072 0.969441
vt 0.158072 0.969441
vt 0.158072 0.969441
vt 0.158072 0.969440
vt 0.158072 0.969440
vt 0.158072 0.969440
vt 0.158072 0.969440
vt 0.158072 0.969440
vt 0.158072 0.969440
vt 0.158072 0.969440
vt 0.158072 0.969440
vt 0.158071 0.969441
vt 0.158071 0.969441
vt 0.158071 0.969441
vt 0.158071 0.969441
vt 0.158072 0.969440
vt 0.158072 0.969440
vt 0.158071 0.969441
vt 0.158072 0.969440
vt 0.158072 0.969440
vt 0.158071 0.969441
vt 0.158072 0.969440
vt 0.158072 0.969440
vt 0.158071 0.969441
vt 0.158072 0.969440
vt 0.158072 0.969440
vt 0.158071 0.969441
vt 0.158072 0.969440
vt 0.158071 0.969441
vt 0.158072 0.969440
vt 0.158072 0.969441
vt 0.158072 0.969440
vt 0.158072 0.969440
vt 0.158072 0.969440
vt 0.158072 0.969440
vt 0.158071 0.969440
vt 0.158071 0.969440
vt 0.158071 0.969441
vt 0.158071 0.969441
vt 0.158072 0.969441
vt 0.158072 0.969441
vt 0.158072 0.969441
vt 0.158072 0.969441
vt 0.158072 0.969441
vt 0.158072 0.969441
vt 0.158072 0.969441
vt 0.158072 0.969441
vt 0.158072 0.969441
vt 0.158072 0.969441
vt 0.158071 0.969440
vt 0.158071 0.969440
vt 0.158071 0.969440
vt 0.158071 0.969440
vt 0.158072 0.969441
vt 0.158072 0.969441
vt 0.158071 0.969441
vt 0.158071 0.969441
vt 0.158071 0.969441
vt 0.158071 0.969441
vt 0.158072 0.969441
vt 0.158072 0.969441
vt 0.158072 0.969441
vt 0.158072 0.969441
vt 0.158071 0.969441
vt 0.158071 0.969441
vt 0.158072 0.969440
vt 0.158072 0.969440
vt 0.158072 0.969441
vt 0.158072 0.969441
vt 0.158071 0.969441
vt 0.158071 0.969441
vt 0.158071 0.969441
vt 0.158071 0.969441
vt 0.158072 0.969440
vt 0.158072 0.969440
vt 0.158071 0.969441
vt 0.158071 0.969441
vt 0.158072 0.969440
vt 0.158072 0.969440
vt 0.158072 0.969440
vt 0.158071 0.969441
vt 0.032027 0.968587
vt 0.032027 0.968587
vt 0.032027 0.968587
vt 0.032027 0.968587
vt 0.032027 0.968587
vt 0.032027 0.968587
vt 0.032027 0.968587
vt 0.032027 0.968587
vt 0.032027 0.968587
vt 0.032027 0.968586
vt 0.032027 0.968587
vt 0.032027 0.968587
vt 0.032027 0.968587
vt 0.032027 0.968587
vt 0.032027 0.968587
vt 0.032027 0.968587
vt 0.032028 0.968587
vt 0.032028 0.968587
vt 0.032028 0.968587
vt 0.032028 0.968587
vt 0.032028 0.968587
vt 0.158072 0.969440
vt 0.032028 0.968587
vt 0.032028 0.968587
vt 0.032028 0.968587
vt 0.032028 0.968587
vt 0.158072 0.969440
vt 0.158072 0.969440
vt 0.158072 0.969440
vt 0.158072 0.969440
vt 0.158072 0.969440
vt 0.158072 0.969440
vt 0.158072 0.969440
vt 0.158072 0.969440
vt 0.158072 0.969440
vt 0.158072 0.969441
vt 0.158072 0.969440
vt 0.158072 0.969440
vt 0.158072 0.969440
vt 0.158072 0.969440
vt 0.158072 0.969441
vt 0.158072 0.969440
vt 0.032028 0.968587
vt 0.032028 0.968587
vt 0.032028 0.968587
vt 0.032028 0.968587
vt 0.158072 0.969440
vt 0.032028 0.968587
vt 0.032028 0.968587
vt 0.032028 0.968587
vt 0.032028 0.968587
vt 0.158072 0.969441
vt 0.158072 0.969440
vt 0.158072 0.969440
vt 0.158072 0.969441
vt 0.158072 0.969441
vt 0.158072 0.969441
vt 0.158072 0.969441
vt 0.158072 0.969441
vt 0.032028 0.968587
vt 0.032028 0.968587
vt 0.032028 0.968587
vt 0.032028 0.968587
vt 0.158072 0.969441
vt 0.158072 0.969441
vt 0.158072 0.969441
vt 0.158072 0.969441
vt 0.158072 0.969441
vt 0.158072 0.969441
vt 0.158072 0.969441
vt 0.032028 0.968587
vt 0.032028 0.968587
vt 0.032028 0.968587
vt 0.032028 0.968587
vt 0.158072 0.969441
vt 0.158072 0.969441
vt 0.158072 0.969441
vt 0.032028 0.968587
vt 0.032028 0.968587
vt 0.032028 0.968587
vt 0.032028 0.968587
vt 0.158072 0.969441
vt 0.158072 0.969441
vt 0.158072 0.969441
vt 0.218831 0.966536
vt 0.218831 0.966536
vt 0.218831 0.966536
vt 0.218831 0.966536
vt 0.218831 0.966536
vt 0.158072 0.969441
vt 0.032028 0.968587
vt 0.032028 0.968587
vt 0.032028 0.968587
vt 0.032028 0.968587
vt 0.032028 0.968587
vn 0.3820 0.0141 -0.9240
vn 0.6496 0.0052 -0.7603
vn 0.6877 0.0120 -0.7259
vn 0.9245 0.0181 0.3807
vn 0.7085 0.0182 0.7055
vn 0.3832 0.0183 0.9235
vn -0.3839 0.0164 0.9232
vn -0.7082 0.0163 0.7058
vn -0.9245 0.0162 0.3809
vn 0.4978 -0.8673 -0.0010
vn -0.9913 0.0110 0.1313
vn -0.0000 1.0000 -0.0000
vn 0.0326 -0.0768 -0.9965
vn 0.5811 0.0660 0.8112
vn 0.1906 -0.8667 -0.4610
vn 0.0984 0.0171 0.9950
vn 0.4602 -0.8669 -0.1915
vn -0.4720 -0.0145 -0.8815
vn 0.9966 -0.0767 0.0306
vn -0.4601 -0.8674 0.1894
vn 0.8121 0.0656 -0.5798
vn -0.9952 0.0163 0.0961
vn -0.8813 -0.0138 0.4723
vn -0.1907 -0.8681 0.4582
vn 0.2897 0.0159 -0.9570
vn 0.7723 -0.0137 0.6351
vn -0.3520 -0.8678 0.3507
vn -0.0328 -0.0767 0.9965
vn 0.0000 -0.8667 -0.4989
vn -0.5822 0.0657 -0.8104
vn 0.9574 0.0165 0.2883
vn 0.0000 -0.8682 0.4961
vn -0.9964 -0.0768 -0.0345
vn 0.6354 -0.0143 -0.7720
vn -0.5553 0.0103 -0.8316
vn -0.1775 -0.4127 -0.8934
vn 0.9805 0.0105 -0.1962
vn -0.8310 0.0103 -0.5561
vn 0.8310 0.0104 -0.5562
vn -0.9805 0.0104 -0.1962
vn 0.5550 0.0103 -0.8318
vn -0.9810 0.0105 0.1938
vn 0.1948 0.0103 -0.9808
vn -0.8321 0.0107 0.5545
vn -0.5566 0.0108 0.8307
vn -0.1955 0.0109 0.9806
vn 0.1954 0.0109 0.9807
vn 0.5561 0.0109 0.8310
vn 0.8322 0.0108 0.5544
vn -0.1948 0.0103 -0.9808
vn 0.9810 0.0106 0.1937
vn 0.8934 -0.4131 0.1765
vn -0.5059 -0.4127 -0.7575
vn 0.8931 -0.4129 -0.1787
vn -0.7570 -0.4128 -0.5066
vn 0.7570 -0.4127 -0.5066
vn -0.8931 -0.4129 -0.1786
vn 0.5057 -0.4127 -0.7576
vn -0.8934 -0.4131 0.1765
vn 0.1775 -0.4127 -0.8934
vn -0.7578 -0.4133 0.5049
vn -0.5067 -0.4135 0.7565
vn -0.1780 -0.4137 0.8929
vn 0.1779 -0.4137 0.8929
vn 0.5064 -0.4136 0.7566
vn 0.7578 -0.4133 0.5049
vn -0.4213 -0.6518 -0.6306
vn 0.8291 0.0858 0.5524
vn 0.8320 0.0112 0.5547
vn -0.1942 0.0847 -0.9773
vn -0.1949 0.0103 -0.9808
vn 0.1535 0.0054 -0.9881
vn 0.9774 0.0855 0.1931
vn -0.5534 0.0847 -0.8286
vn 0.6230 -0.6620 -0.4166
vn 0.9770 0.0852 -0.1954
vn 0.9806 0.0106 -0.1958
vn -0.8281 0.0848 -0.5541
vn -0.8311 0.0105 -0.5560
vn 0.8029 0.0055 -0.5961
vn 0.8281 0.0850 -0.5541
vn 0.1467 -0.6587 -0.7380
vn -0.9771 0.0850 -0.1953
vn 0.5835 0.0059 0.8121
vn 0.5533 0.0848 -0.8287
vn 0.5553 0.0103 -0.8316
vn -0.9774 0.0852 0.1932
vn -0.9809 0.0109 0.1942
vn 0.1941 0.0848 -0.9773
vn -0.8291 0.0856 0.5525
vn -0.5544 0.0859 0.8278
vn -0.5562 0.0114 0.8310
vn -0.6290 0.6547 0.4193
vn -0.5300 0.0055 -0.8480
vn -0.1948 0.0861 0.9771
vn 0.9844 0.0061 0.1760
vn -0.4164 0.6617 -0.6235
vn 0.1946 0.0862 0.9771
vn 0.1953 0.0115 0.9807
vn 0.5542 0.0860 0.8279
vn 0.4239 -0.6323 0.6485
vn -0.6367 -0.6435 0.4248
vn 0.7281 0.6702 0.1440
vn -0.9839 0.0055 -0.1784
vn -0.8241 0.0056 0.5664
vn -0.1754 0.0058 0.9845
vn -0.7402 0.6560 -0.1479
vn -0.1471 0.6586 0.7380
vn -0.5794 0.0054 -0.8150
vn -0.9770 0.0059 -0.2130
vn 0.9712 0.0053 0.2384
vn 0.4157 0.6587 0.6272
vn -0.8392 0.0061 0.5438
vn 0.8577 0.0052 -0.5141
vn 0.7368 -0.6602 0.1460
vn 0.5286 0.0056 0.8489
vn -0.7491 -0.6454 -0.1494
vn -0.1489 -0.6472 0.7476
vn 0.1450 0.6682 -0.7297
vn 0.6159 0.6715 -0.4120
vn 0.2373 0.0053 -0.9714
vn -0.7020 -0.1357 0.6992
vn 0.9147 -0.1356 -0.3807
vn -0.7000 -0.1356 -0.7012
vn 0.3798 -0.1357 0.9150
vn -0.9162 -0.1356 0.3771
vn 0.9908 -0.1356 -0.0021
vn -0.3790 -0.1356 -0.9154
vn -0.0000 -0.1357 0.9907
vn 0.3787 -0.1356 -0.9155
vn -0.9908 -0.1356 -0.0019
vn 0.9162 -0.1356 0.3771
vn 0.0000 -0.1356 -0.9908
vn -0.3806 -0.1357 0.9147
vn 0.7001 -0.1356 -0.7011
vn -0.9148 -0.1356 -0.3804
vn 0.4750 -0.7418 0.4733
vn -0.4751 -0.7417 0.4735
vn 0.6206 -0.7404 -0.2581
vn -0.4751 -0.7402 -0.4758
vn 0.2569 -0.7422 0.6190
vn -0.6207 -0.7412 0.2557
vn 0.6717 -0.7409 -0.0013
vn -0.2572 -0.7401 -0.6214
vn 0.0000 -0.7423 0.6701
vn 0.2569 -0.7401 -0.6214
vn -0.6718 -0.7407 -0.0012
vn 0.6206 -0.7413 0.2555
vn 0.0000 -0.7401 -0.6725
vn -0.2574 -0.7421 0.6189
vn 0.4751 -0.7402 -0.4758
vn -0.6206 -0.7404 -0.2581
vn 0.7021 -0.1357 0.6991
vn -0.8105 0.0658 0.5820
vn 0.4111 -0.0772 -0.9083
vn -0.2915 0.0171 0.9564
vn -0.4982 -0.8671 -0.0009
vn 0.8468 0.0658 0.5278
vn -0.7741 -0.0144 -0.6329
vn 0.3520 -0.8679 0.3505
vn 0.9091 -0.0766 0.4095
vn 0.3525 -0.8667 -0.3530
vn 0.5282 0.0654 -0.8466
vn -0.3524 -0.8667 -0.3530
vn -0.9564 0.0161 -0.2916
vn 0.4599 -0.8676 0.1893
vn -0.6338 -0.0137 0.7733
vn 0.6339 0.0159 -0.7733
vn -0.1908 -0.8666 -0.4610
vn -0.4130 -0.0766 0.9075
vn -0.4603 -0.8669 -0.1914
vn 0.9565 -0.0138 0.2915
vn 0.1902 -0.8682 0.4583
vn -0.8484 0.0657 -0.5252
vn 0.7743 0.0167 0.6326
vn -0.0976 0.0159 -0.9951
vn 0.2912 -0.0145 -0.9565
vn -0.9076 -0.0770 -0.4127
vn 0.4709 0.0152 -0.8820
vn 0.8315 0.0000 -0.5556
vn -0.9953 -0.0134 -0.0962
vn 0.2900 -0.0130 0.9569
vn -0.5556 0.0000 -0.8315
vn 0.8828 0.0159 0.4694
vn -0.5556 -0.0000 0.8315
vn -0.0978 -0.0130 0.9951
vn 0.9574 -0.0135 -0.2886
vn -0.7071 -0.0000 0.7071
vn -0.4728 0.0162 0.8810
vn -0.8315 0.0000 0.5556
vn -0.2906 -0.0139 -0.9567
vn 0.9239 0.0000 0.3827
vn -0.2900 0.0152 -0.9569
vn -0.8813 0.0153 -0.4724
vn -0.9714 0.0657 0.2281
vn -0.9339 -0.0768 0.3491
vn 0.8827 -0.0141 -0.4698
vn 0.9949 0.0162 -0.0999
vn -0.2270 0.0654 -0.9717
vn -0.6810 -0.0769 -0.7282
vn 0.3518 -0.0767 0.9329
vn 0.4711 -0.0137 0.8819
vn -0.9949 -0.0140 0.0996
vn 0.9722 0.0656 -0.2249
vn -0.8828 0.0166 0.4694
vn 0.9326 -0.0769 -0.3527
vn -0.1621 0.0658 0.9846
vn -0.0983 -0.0146 -0.9950
vn -0.4712 0.0158 -0.8819
vn 0.4723 0.0170 0.8813
vn 0.2263 0.0660 0.9718
vn -0.9848 0.0657 -0.1606
vn 0.9953 -0.0139 -0.0963
vn -0.7291 -0.0767 0.6801
vn 0.8811 0.0160 -0.4727
vn -0.2897 -0.0137 0.9570
vn 0.1630 0.0657 -0.9844
vn -0.7722 0.0160 -0.6351
vn -0.3510 -0.0772 -0.9332
vn 0.6830 -0.0766 0.7264
vn 0.0977 -0.0136 0.9951
vn -0.9574 -0.0142 -0.2884
vn -0.6357 0.0169 0.7718
vn 0.9843 0.0657 0.1640
vn 0.7272 -0.0769 -0.6821
vn -0.5264 0.0659 0.8477
vn -0.9949 0.0154 -0.0997
vn -1.0000 0.0000 -0.0000
vn -0.3827 0.0000 0.9239
vn 0.0983 -0.0139 -0.9951
vn 0.7071 0.0000 0.7071
vn -0.0984 0.0164 0.9950
vn -0.9808 0.0000 -0.1951
vn 0.9949 -0.0133 0.0995
vn -0.4709 -0.0131 0.8821
vn 0.9808 -0.0000 0.1951
vn -0.7071 0.0000 -0.7071
vn 0.9953 0.0157 0.0960
vn -0.1951 -0.0000 -0.9808
vn -0.3827 0.0000 -0.9239
vn 0.3827 0.0000 -0.9239
vn -0.8828 -0.0136 -0.4696
vn 0.0977 0.0151 -0.9951
vn 1.0000 -0.0000 0.0000
vn -0.9574 0.0157 0.2882
vn 0.9808 0.0000 -0.1951
vn 0.4727 -0.0138 -0.8811
vn 0.0000 0.0000 -1.0000
vn 0.5556 0.0000 0.8315
vn 0.1951 0.0000 -0.9808
vn 0.2906 0.0164 0.9567
vn 0.8813 -0.0131 0.4724
vn 0.3827 -0.0000 0.9239
vn -0.7725 -0.0131 0.6349
vn -0.1951 0.0000 0.9808
vn -0.8315 0.0000 -0.5556
vn 0.9563 0.0154 -0.2918
vn -0.9808 -0.0000 0.1951
vn -0.6339 0.0152 -0.7733
vn 0.8315 0.0000 0.5556
vn -0.6354 -0.0138 -0.7721
vn 0.1951 -0.0000 0.9808
vn -0.7742 0.0160 0.6328
vn -0.0000 -0.0000 1.0000
vn 0.7071 0.0000 -0.7071
vn 0.7740 -0.0137 -0.6331
vn -0.9239 0.0000 0.3827
vn 0.6357 0.0162 0.7718
vn 0.6341 -0.0130 0.7731
vn 0.9239 0.0000 -0.3827
vn -0.9239 0.0000 -0.3827
vn -0.9565 -0.0132 0.2915
vn 0.5556 0.0000 -0.8315
vn 0.7724 0.0152 -0.6350
vn 0.5672 0.0065 -0.8235
vn 0.7963 -0.0005 0.6049
vn -0.6088 0.0078 0.7933
vn 0.4842 0.0224 -0.8747
vn 0.6065 0.0297 -0.7945
vn 0.9155 0.0226 0.4017
vn -0.9856 0.0074 -0.1689
vn 0.0396 0.0099 0.9992
vn 0.4290 0.0267 0.9029
vn -0.4031 0.0225 0.9149
vn 0.4845 0.5754 -0.6590
vn -0.9124 0.0244 0.4086
vn -0.9231 0.0224 -0.3839
vn -0.7947 0.0108 -0.6069
vn -0.3823 0.0222 -0.9238
vn -0.1346 0.0108 -0.9908
vn 0.1349 0.0115 0.9908
vn 0.9802 0.0058 -0.1981
vn -0.7084 0.0166 0.7057
vn -0.5971 -0.5381 0.5949
vn -0.5853 0.5636 0.5829
vn -0.1668 0.0136 -0.9859
vn 0.6561 -0.3785 0.6529
vn 0.6446 0.4171 0.6407
vn 0.9996 0.0117 -0.0237
vn 0.9933 0.0149 0.1148
vn 0.1185 0.0147 0.9928
vn 0.5101 -0.5089 -0.6934
vn 0.8306 0.0559 0.5541
vn -0.1947 0.0550 -0.9793
vn 0.9794 0.0556 0.1941
vn -0.5546 0.0550 -0.8303
vn 0.9792 0.0554 -0.1953
vn -0.8300 0.0551 -0.5550
vn 0.8300 0.0552 -0.5550
vn -0.9792 0.0553 -0.1953
vn 0.5546 0.0551 -0.8303
vn -0.9794 0.0555 0.1942
vn 0.1947 0.0550 -0.9793
vn -0.8305 0.0558 0.5542
vn -0.5552 0.0560 0.8299
vn -0.1950 0.0562 0.9792
vn 0.1949 0.0562 0.9792
vn 0.5551 0.0561 0.8299
vn -0.2394 0.0073 0.9709
vn 0.9809 0.0097 0.1942
vn -0.5554 0.0091 -0.8315
vn 0.8312 0.0094 -0.5559
vn -0.9806 0.0093 -0.1957
vn 0.1949 0.0092 -0.9808
vn -0.8319 0.0096 0.5549
vn -0.1953 0.0100 0.9807
vn 0.5358 0.0138 0.8442
vn 0.5926 0.0227 -0.8052
vn 0.7087 0.0209 0.7052
vn -0.3076 0.9496 0.0596
vn 0.3055 0.9502 -0.0621
vn 0.0612 0.9497 0.3070
vn -0.3222 0.9217 -0.2161
vn 0.0753 0.9232 0.3769
vn 0.3798 0.9219 -0.0767
vn -0.3805 0.9218 0.0742
vn 0.3217 0.9225 0.2132
vn -0.2154 0.9226 0.3199
vn 0.2152 0.9217 -0.3228
vn -0.0759 0.9217 -0.3805
vn -0.3404 0.9380 0.0663
vn 0.3423 0.9371 -0.0692
vn 0.0678 0.9383 0.3391
vn 0.1958 0.0330 0.9801
vn 0.1940 0.9369 -0.2908
vn -0.8301 0.0327 -0.5567
vn 0.8333 0.0326 0.5519
vn -0.0681 0.9373 -0.3418
vn 0.9797 0.0325 -0.1978
vn 0.2895 0.9378 0.1916
vn -0.5587 0.0327 0.8287
vn -0.1930 0.9385 0.2864
vn -0.1954 0.0326 -0.9802
vn 0.5544 0.0328 -0.8316
vn -0.2892 0.9374 -0.1940
vn -0.9809 0.0327 0.1915
vn 0.1963 0.0306 0.9801
vn -0.8300 0.0378 -0.5565
vn 0.8328 0.0343 0.5526
vn 0.9793 0.0368 -0.1988
vn -0.5574 0.0350 0.8295
vn -0.1952 0.0380 -0.9800
vn 0.5553 0.0366 -0.8308
vn -0.9809 0.0383 0.1907
vn 0.1946 0.0580 0.9792
vn -0.8290 0.0773 -0.5539
vn 0.8305 0.0611 0.5536
vn 0.9779 0.0711 -0.1964
vn -0.5545 0.0583 0.8301
vn -0.1945 0.0772 -0.9779
vn 0.5539 0.0773 -0.8290
vn -0.9791 0.0677 0.1919
vn -0.2606 0.9496 -0.1744
vn -0.1742 0.9497 0.2603
vn 0.2595 0.9502 0.1726
vn -0.0610 0.9500 -0.3062
vn 0.1734 0.9501 -0.2593
vn 0.0332 -0.1354 -0.9902
vn 0.6344 -0.0020 0.7730
vn 0.0974 -0.0993 0.9903
vn -0.4118 0.0741 -0.9083
vn 0.9903 -0.1350 0.0328
vn 0.7731 -0.0022 -0.6342
vn -0.9902 -0.1002 0.0971
vn -0.9082 0.0745 0.4118
vn 0.2889 -0.1006 -0.9521
vn 0.7278 0.0745 0.6817
vn -0.0333 -0.1341 0.9904
vn -0.6346 -0.0025 -0.7729
vn 0.9522 -0.1001 0.2887
vn -0.9903 -0.1351 -0.0336
vn 0.6818 0.0742 -0.7277
vn -0.7729 -0.0020 0.6345
vn 0.4096 -0.1354 -0.9022
vn -0.2891 -0.0993 0.9521
vn 0.8819 -0.0020 0.4715
vn -0.7281 0.0742 -0.6815
vn 0.9024 -0.1347 0.4093
vn 0.4715 -0.0024 -0.8819
vn -0.9520 -0.1004 -0.2891
vn -0.6816 0.0745 0.7279
vn 0.6312 -0.1006 -0.7691
vn -0.4101 -0.1343 0.9021
vn 0.9361 0.1297 0.3270
vn -0.8821 -0.0023 -0.4711
vn 0.7692 -0.0998 0.6311
vn -0.0974 -0.1006 -0.9901
vn 0.3514 0.0741 -0.9333
vn -0.9020 -0.1353 -0.4099
vn 0.4713 0.0019 -0.8820
vn -0.9952 -0.0017 -0.0977
vn 0.2903 -0.0016 0.9569
vn 0.8821 0.0020 0.4711
vn -0.0979 -0.0016 0.9952
vn 0.9570 -0.0017 -0.2901
vn -0.4715 0.0020 0.8819
vn -0.2904 -0.0017 -0.9569
vn -0.2903 0.0019 -0.9569
vn -0.8819 0.0019 -0.4715
vn -0.9569 -0.0020 0.2905
vn -0.9278 -0.1349 0.3478
vn 0.9084 0.0744 -0.4114
vn 0.9901 -0.1004 -0.0977
vn -0.2904 -0.0026 -0.9569
vn -0.6766 -0.1353 -0.7238
vn 0.3485 -0.1341 0.9277
vn 0.4116 0.0745 0.9083
vn -0.9967 0.0744 0.0329
vn 0.9570 -0.0021 -0.2901
vn -0.8777 -0.0999 0.4687
vn 0.9275 -0.1352 -0.3485
vn -0.0979 -0.0020 0.9952
vn -0.0327 0.0740 -0.9967
vn -0.4689 -0.1006 -0.8775
vn 0.4692 -0.0994 0.8775
vn 0.2903 -0.0020 0.9569
vn -0.9952 -0.0021 -0.0978
vn 0.9968 0.0714 -0.0351
vn -0.7241 -0.1346 0.6764
vn 0.8774 -0.1005 -0.4691
vn -0.3512 0.0745 0.9334
vn 0.0980 -0.0025 -0.9952
vn -0.7689 -0.1006 -0.6314
vn -0.3482 -0.1354 -0.9276
vn 0.6772 -0.1343 0.7235
vn 0.0327 0.0744 0.9967
vn -0.9334 0.0743 -0.3510
vn -0.6315 -0.0996 0.7689
vn 0.9949 0.0230 0.0981
vn 0.7236 -0.1353 -0.6768
vn -0.4713 -0.0020 0.8820
vn -0.9952 0.0019 -0.0982
vn 0.0980 -0.0017 -0.9952
vn -0.0979 0.0021 0.9952
vn 0.9952 -0.0016 0.0982
vn -0.4713 -0.0016 0.8820
vn 0.9952 0.0019 0.0976
vn -0.8821 -0.0017 -0.4711
vn 0.0979 0.0019 -0.9952
vn -0.9570 0.0019 0.2901
vn 0.4715 -0.0017 -0.8819
vn 0.2905 0.0020 0.9569
vn 0.8819 -0.0016 0.4715
vn -0.7729 -0.0016 0.6345
vn 0.9569 0.0019 -0.2906
vn -0.6344 0.0019 -0.7730
vn -0.6346 -0.0017 -0.7729
vn -0.7731 0.0020 0.6343
vn 0.7731 -0.0017 -0.6343
vn 0.6347 0.0020 0.7728
vn 0.6344 -0.0016 0.7730
vn -0.9569 -0.0016 0.2905
vn 0.7729 0.0019 -0.6346
vn -0.0236 -0.9516 -0.3064
vn 0.3064 -0.9516 -0.0238
vn -0.2739 -0.9517 0.1388
vn 0.1390 -0.9517 0.2737
vn -0.2920 -0.9516 -0.0955
vn -0.0954 -0.9517 0.2917
vn -0.2333 -0.9516 -0.2000
vn 0.0954 -0.9516 -0.2921
vn 0.2740 -0.9516 -0.1392
vn -0.3063 -0.9517 0.0235
vn 0.1999 -0.9516 -0.2334
vn 0.2333 -0.9517 0.1997
vn 0.0236 -0.9517 0.3060
vn -0.1999 -0.9517 0.2330
vn -0.1391 -0.9516 -0.2741
vn 0.2921 -0.9516 0.0952
vn 0.7418 -0.6523 0.1557
vn 0.6256 -0.6524 0.4277
vn 0.4142 -0.6523 0.6348
vn 0.1396 -0.6521 0.7452
vn -0.1564 -0.6518 0.7421
vn -0.6356 -0.6515 0.4141
vn -0.7457 -0.6516 0.1394
vn -0.7422 -0.6517 -0.1565
vn -0.6257 -0.6518 -0.4285
vn -0.4142 -0.6519 -0.6352
vn -0.1396 -0.6519 -0.7453
vn 0.1561 -0.6519 -0.7421
vn 0.4282 -0.6519 -0.6259
vn 0.6350 -0.6520 -0.4144
vn 0.7451 -0.6521 -0.1399
vn 0.3787 0.1423 0.9145
vn 0.7120 0.0595 0.6997
vn 0.6990 0.1503 0.6991
vn -0.6926 0.2016 -0.6926
vn 0.9278 -0.0904 0.3620
vn -0.8964 0.2142 -0.3881
vn 0.1679 0.2844 -0.9439
vn 0.0464 0.1563 0.9866
vn 0.8054 0.2301 -0.5463
vn 0.0000 0.0607 -0.9982
vn 0.3642 0.1911 0.9115
vn 0.5242 0.2419 -0.8165
vn -0.3859 0.0750 -0.9195
vn -0.6592 0.0887 -0.7467
vn 0.0042 0.0555 -0.9984
vn 0.0524 0.6941 0.7180
vn -0.3492 0.0482 0.9358
vn 0.7360 0.0639 -0.6740
vn -0.3884 0.0807 -0.9179
vn -0.7071 -0.0022 0.7071
vn 0.6293 0.0204 -0.7769
vn -0.3545 0.1791 0.9177
vn 0.9479 0.2404 -0.2090
vn -0.2085 0.7744 0.5973
vn 0.3380 0.0395 -0.9403
vn -0.6308 0.5942 0.4990
vn -0.0605 0.9965 -0.0582
vn -0.6721 0.1500 0.7251
vn -0.6497 0.3942 0.6500
vn 0.3651 0.0346 -0.9303
vn 0.9688 0.1692 0.1809
vn 0.6929 0.0047 -0.7210
vn 0.8290 0.1491 0.5390
vn -0.8964 0.1127 -0.4286
vn -0.1641 -0.9766 -0.1390
vn -0.6593 -0.0235 0.7515
vn -0.4288 -0.6515 0.6258
vn 0.9997 0.0227 -0.0018
vn 0.9232 0.0199 -0.3838
vn 0.9117 0.0248 -0.4101
usemtl Medieval
s off
f 666/737/202 667/738/202 668/739/202
f 668/739/203 667/738/203 669/740/203 670/741/203
f 670/741/204 669/740/204 1298/742/204
f 673/743/205 674/744/205 675/745/205
f 675/745/206 674/744/206 676/746/206 677/747/206
f 677/747/207 676/746/207 678/748/207
f 679/749/208 680/750/208 681/751/208
f 681/751/209 680/750/209 682/752/209 683/753/209
f 683/753/210 682/752/210 684/754/210
f 688/755/211 707/756/211 708/757/211 689/758/211
f 1018/759/212 684/754/212 685/760/212 665/761/212
f 699/762/213 766/763/213 671/764/213
f 696/765/214 892/766/214 697/767/214 698/768/214
f 699/769/215 772/770/215 700/771/215 701/772/215
f 702/773/216 744/774/216 745/775/216 703/776/216
f 704/777/217 705/778/217 706/779/217
f 707/756/218 904/780/218 899/781/218 708/757/218
f 709/782/219 710/783/219 711/784/219
f 714/785/220 893/786/220 715/787/220 716/788/220
f 717/789/221 740/790/221 741/791/221 718/792/221
f 719/793/222 694/794/222 720/795/222 721/796/222
f 724/797/223 725/798/223 726/799/223
f 729/800/224 730/801/224 731/802/224
f 732/803/225 751/804/225 752/805/225 733/806/225
f 696/765/226 698/768/226 734/807/226
f 699/769/227 701/772/227 737/808/227
f 740/790/228 732/803/228 733/806/228 741/791/228
f 742/809/229 704/777/229 706/779/229 743/810/229
f 744/774/230 727/811/230 728/812/230 745/775/230
f 746/813/231 709/782/231 711/784/231 747/814/231
f 714/785/232 716/788/232 750/815/232
f 751/804/233 903/816/233 895/817/233 752/805/233
f 753/818/234 724/797/234 726/799/234 754/819/234
f 719/793/235 721/796/235 755/820/235
f 756/821/236 778/822/236 786/823/236 757/824/236
f 773/825/213 694/826/213 671/764/213
f 772/827/213 699/762/213 671/764/213
f 746/828/213 758/829/213 671/764/213
f 768/830/213 775/831/213 671/764/213
f 766/763/213 773/825/213 671/764/213
f 719/832/213 763/833/213 671/764/213
f 758/829/213 761/834/213 671/764/213
f 709/835/213 746/828/213 671/764/213
f 775/831/213 779/836/213 671/764/213
f 770/837/213 709/835/213 671/764/213
f 729/838/213 768/830/213 671/764/213
f 763/833/213 770/837/213 671/764/213
f 694/826/213 719/832/213 671/764/213
f 779/836/213 772/827/213 671/764/213
f 761/834/213 729/838/213 671/764/213
f 782/839/237 757/824/237 800/840/237 783/841/237
f 762/842/238 765/843/238 788/844/238 785/845/238
f 778/822/239 767/846/239 789/847/239 786/823/239
f 765/843/240 769/848/240 790/849/240 788/844/240
f 767/846/241 774/850/241 792/851/241 789/847/241
f 769/848/242 776/852/242 793/853/242 790/849/242
f 774/850/243 695/854/243 795/855/243 792/851/243
f 776/852/244 780/856/244 782/839/244 793/853/244
f 695/854/245 760/857/245 797/858/245 795/855/245
f 760/857/246 764/859/246 784/860/246 797/858/246
f 764/859/247 771/861/247 787/862/247 784/860/247
f 771/861/248 777/863/248 791/864/248 787/862/248
f 777/863/249 781/865/249 794/866/249 791/864/249
f 781/865/250 759/867/250 796/868/250 794/866/250
f 780/856/251 756/821/251 757/824/251 782/839/251
f 759/867/252 762/842/252 785/845/252 796/868/252
f 796/868/253 785/845/253 802/869/253 799/870/253
f 757/824/254 786/823/254 803/871/254 800/840/254
f 785/845/255 788/844/255 805/872/255 802/869/255
f 786/823/256 789/847/256 806/873/256 803/871/256
f 788/844/257 790/849/257 807/874/257 805/872/257
f 789/847/258 792/851/258 809/875/258 806/873/258
f 790/849/259 793/853/259 810/876/259 807/874/259
f 792/851/260 795/855/260 812/877/260 809/875/260
f 793/853/261 782/839/261 783/841/261 810/876/261
f 795/855/262 797/858/262 798/878/262 812/877/262
f 797/858/263 784/860/263 801/879/263 798/878/263
f 784/860/264 787/862/264 804/880/264 801/879/264
f 787/862/265 791/864/265 808/881/265 804/880/265
f 791/864/266 794/866/266 811/882/266 808/881/266
f 794/866/267 796/868/267 799/870/267 811/882/267
f 843/883/268 832/884/268 833/885/268 844/886/268
f 811/882/269 799/870/269 842/887/269 834/888/269
f 834/888/270 842/887/270 852/889/270 835/890/270
f 783/841/271 800/840/271 845/891/271 831/892/271
f 831/892/272 845/891/272 832/884/272 836/893/272
f 838/894/273 839/895/273 840/896/273 841/897/273
f 799/870/274 802/869/274 848/898/274 842/887/274
f 800/840/275 803/871/275 850/899/275 845/891/275
f 861/900/276 838/894/276 841/897/276 887/901/276
f 802/869/277 805/872/277 839/895/277 848/898/277
f 848/898/278 839/895/278 838/894/278 849/902/278
f 803/871/279 806/873/279 857/903/279 850/899/279
f 850/899/280 857/903/280 875/904/280 843/883/280
f 852/889/281 842/887/281 853/905/281 854/906/281
f 805/872/282 807/874/282 860/907/282 839/895/282
f 836/893/283 855/908/283 856/909/283 881/910/283
f 806/873/284 809/875/284 863/911/284 857/903/284
f 847/912/285 846/913/285 858/914/285 859/915/285
f 807/874/286 810/876/286 865/916/286 860/907/286
f 860/907/287 865/916/287 855/908/287 861/900/287
f 809/875/288 812/877/288 829/917/288 863/911/288
f 863/911/289 829/917/289 830/918/289 864/919/289
f 810/876/290 783/841/290 831/892/290 865/916/290
f 812/877/291 798/878/291 837/920/291 829/917/291
f 798/878/292 801/879/292 846/913/292 837/920/292
f 837/920/293 846/913/293 847/912/293 866/921/293
f 829/917/294 837/920/294 888/922/294 869/923/294
f 863/911/295 864/919/295 870/924/295 871/925/295
f 801/879/296 804/880/296 851/926/296 846/913/296
f 872/927/297 862/928/297 873/929/297 874/930/297
f 845/891/298 850/899/298 878/931/298 876/932/298
f 804/880/299 808/881/299 862/928/299 851/926/299
f 851/926/300 862/928/300 872/927/300 877/933/300
f 808/881/301 811/882/301 834/888/301 862/928/301
f 835/890/302 872/927/302 874/930/302 1032/934/302
f 866/921/303 830/918/303 880/935/303 867/936/303
f 842/887/304 848/898/304 883/937/304 853/905/304
f 832/884/305 845/891/305 876/932/305 833/885/305
f 875/904/306 857/903/306 884/938/306 885/939/306
f 830/918/307 829/917/307 869/923/307 880/935/307
f 857/903/308 863/911/308 871/925/308 884/938/308
f 846/913/309 851/926/309 882/940/309 858/914/309
f 855/908/310 865/916/310 886/941/310 856/909/310
f 837/920/311 866/921/311 867/936/311 888/922/311
f 860/907/312 861/900/312 887/901/312 879/942/312
f 862/928/313 834/888/313 1033/943/313 873/929/313
f 851/926/314 877/933/314 889/944/314 882/940/314
f 831/892/315 836/893/315 881/910/315 868/945/315
f 849/902/316 852/889/316 854/906/316 890/946/316
f 848/898/317 849/902/317 890/946/317 883/937/317
f 864/919/318 875/904/318 885/939/318 870/924/318
f 877/933/319 847/912/319 859/915/319 889/944/319
f 865/916/320 831/892/320 868/945/320 886/941/320
f 839/895/321 860/907/321 879/942/321 840/896/321
f 850/899/322 843/883/322 844/886/322 878/931/322
f 741/791/323 733/806/323 898/947/323 891/948/323
f 708/757/324 899/781/324 900/949/324 893/786/324
f 713/950/325 739/951/325 901/952/325 894/953/325
f 895/817/326 723/954/326 902/955/326 704/777/326
f 718/792/327 741/791/327 891/948/327 724/797/327
f 689/758/328 708/757/328 893/786/328 714/785/328
f 728/812/329 713/950/329 894/953/329 892/766/329
f 752/805/330 895/817/330 704/777/330 742/809/330
f 703/776/331 745/775/331 696/765/331 896/956/331
f 749/957/332 718/792/332 724/797/332 753/818/332
f 736/958/333 689/758/333 714/785/333 897/959/333
f 745/775/334 728/812/334 892/766/334 696/765/334
f 733/806/335 752/805/335 742/809/335 898/947/335
f 899/781/336 703/776/336 896/956/336 900/949/336
f 739/951/337 749/957/337 753/818/337 901/952/337
f 676/746/338 674/744/338 735/960/338 722/961/338
f 682/752/339 680/750/339 732/962/339 740/963/339
f 672/964/340 669/740/340 904/965/340 707/966/340
f 687/967/341 686/968/341 738/969/341 712/970/341
f 678/748/342 676/746/342 722/961/342 903/971/342
f 684/754/343 682/752/343 740/963/343 717/972/343
f 673/743/344 672/964/344 707/966/344 688/973/344
f 690/974/345 687/967/345 712/970/345 727/975/345
f 679/749/346 678/748/346 903/971/346 751/976/346
f 667/738/347 666/737/347 744/977/347 702/978/347
f 685/760/348 684/754/348 717/972/348 748/979/348
f 674/744/349 673/743/349 688/973/349 735/960/349
f 666/737/350 690/974/350 727/975/350 744/977/350
f 680/750/351 679/749/351 751/976/351 732/962/351
f 669/740/352 667/738/352 702/978/352 904/965/352
f 686/968/353 685/760/353 748/979/353 738/969/353
f 723/954/354 736/958/354 897/959/354 902/955/354
f 768/980/355 729/800/355 731/802/355 905/981/355
f 896/956/356 696/765/356 734/807/356 906/982/356
f 742/809/357 743/810/357 907/983/357
f 748/984/358 717/789/358 718/792/358 749/957/358
f 766/985/359 699/769/359 737/808/359 908/986/359
f 746/813/360 747/814/360 909/987/360
f 722/988/361 735/989/361 736/958/361 723/954/361
f 897/959/362 714/785/362 750/815/362 910/990/362
f 904/780/363 702/773/363 703/776/363 899/781/363
f 763/991/364 719/793/364 755/820/364 911/992/364
f 712/993/365 738/994/365 739/951/365 713/950/365
f 753/818/366 754/819/366 912/995/366
f 735/989/367 688/755/367 689/758/367 736/958/367
f 768/980/368 905/981/368 913/996/368
f 896/956/369 906/982/369 914/997/369
f 727/811/370 712/993/370 713/950/370 728/812/370
f 898/947/371 742/809/371 907/983/371 915/998/371
f 738/994/372 748/984/372 749/957/372 739/951/372
f 766/985/373 908/986/373 916/999/373
f 903/816/374 722/988/374 723/954/374 895/817/374
f 758/1000/375 746/813/375 909/987/375 917/1001/375
f 897/959/376 910/990/376 918/1002/376
f 892/766/377 919/1003/377 697/767/377
f 763/991/378 911/992/378 920/1004/378
f 901/952/379 753/818/379 912/995/379 921/1005/379
f 906/982/380 734/807/380 922/1006/380 923/1007/380
f 700/771/381 924/1008/381 925/1009/381 926/1010/381
f 927/1011/213 928/1012/213 734/807/213 698/768/213
f 929/1013/213 930/1014/213 726/799/213 725/798/213
f 931/1015/382 932/1016/382 933/1017/382 934/1018/382
f 935/1019/213 936/1020/213 706/779/213 705/778/213
f 937/1021/383 938/1022/383 939/1023/383 940/1024/383
f 720/795/384 941/1025/384 942/1026/384 943/1027/384
f 944/1028/213 931/1015/213 715/787/213 945/1029/213
f 910/990/385 750/815/385 946/1030/385 947/1031/385
f 720/795/213 948/1032/213 949/1033/213 941/1025/213
f 909/987/386 910/990/386 947/1031/386 950/1034/386
f 711/784/213 710/783/213 951/1035/213 952/1036/213
f 953/1037/387 927/1011/387 954/1038/387 955/1039/387
f 731/802/213 730/801/213 956/1040/213 957/1041/213
f 932/1016/213 917/1001/213 750/815/213 716/788/213
f 948/1032/388 929/1013/388 958/1042/388 959/1043/388
f 960/1044/389 701/772/389 961/1045/389 962/1046/389
f 700/771/213 937/1021/213 963/1047/213 924/1008/213
f 920/1004/213 911/992/213 907/983/213 743/810/213
f 915/998/390 907/983/390 964/1048/390 965/1049/390
f 916/999/213 908/986/213 912/995/213 754/819/213
f 913/996/213 905/981/213 914/997/213 906/982/213
f 711/784/391 952/1036/391 966/1050/391 967/1051/391
f 710/783/392 935/1019/392 968/1052/392 969/1053/392
f 909/987/213 747/814/213 918/1002/213 910/990/213
f 907/983/393 911/992/393 970/1054/393 964/1048/393
f 919/1003/394 963/1047/394 971/1055/394 972/1056/394
f 938/1022/213 953/1037/213 697/767/213 919/1003/213
f 755/820/213 721/796/213 973/1057/213 915/998/213
f 921/1005/395 912/995/395 974/1058/395 975/1059/395
f 737/808/213 701/772/213 960/1044/213 921/1005/213
f 729/800/396 761/1060/396 944/1028/396 730/801/396
f 724/797/397 891/948/397 949/1033/397 725/798/397
f 694/794/398 948/1032/398 720/795/398
f 893/786/399 945/1029/399 715/787/399
f 709/782/400 770/1061/400 935/1019/400 710/783/400
f 894/953/401 901/952/401 960/1044/401 924/1008/401
f 704/777/402 902/955/402 951/1035/402 705/778/402
f 772/770/403 937/1021/403 700/771/403
f 761/1060/404 931/1015/404 944/1028/404
f 694/794/405 773/1062/405 929/1013/405 948/1032/405
f 891/948/406 941/1025/406 949/1033/406
f 893/786/407 900/949/407 956/1040/407 945/1029/407
f 779/1063/408 775/1064/408 927/1011/408 953/1037/408
f 770/1061/409 936/1020/409 935/1019/409
f 894/953/410 924/1008/410 963/1047/410
f 902/955/411 952/1036/411 951/1035/411
f 772/770/412 779/1063/412 938/1022/412 937/1021/412
f 761/1060/413 758/1000/413 932/1016/413 931/1015/413
f 773/1062/414 930/1014/414 929/1013/414
f 891/948/415 898/947/415 973/1057/415 941/1025/415
f 900/949/416 957/1041/416 956/1040/416
f 775/1064/417 928/1012/417 927/1011/417
f 770/1061/418 763/991/418 920/1004/418 936/1020/418
f 901/952/419 921/1005/419 960/1044/419
f 892/766/420 894/953/420 963/1047/420 919/1003/420
f 902/955/421 897/959/421 918/1002/421 952/1036/421
f 779/1063/422 953/1037/422 938/1022/422
f 758/1000/423 917/1001/423 932/1016/423
f 898/947/424 915/998/424 973/1057/424
f 773/1062/425 766/985/425 916/999/425 930/1014/425
f 900/949/426 896/956/426 914/997/426 957/1041/426
f 775/1064/427 768/980/427 913/996/427 928/1012/427
f 976/1065/213 977/1066/213 978/1067/213 979/1068/213
f 961/1045/213 926/1010/213 925/1009/213 962/1046/213
f 934/1018/213 933/1017/213 980/1069/213 981/1070/213
f 955/1039/213 954/1038/213 982/1071/213 983/1072/213
f 959/1043/213 958/1042/213 984/1073/213 985/1074/213
f 969/1053/213 968/1052/213 986/1075/213 987/1076/213
f 988/1077/213 989/1078/213 990/1079/213 991/1080/213
f 992/1081/213 943/1027/213 942/1026/213 993/1082/213
f 994/1083/213 995/1084/213 996/1085/213 997/1086/213
f 998/1087/213 999/1088/213 923/1007/213 922/1006/213
f 1000/1089/213 950/1034/213 947/1031/213 946/1030/213
f 940/1024/213 939/1023/213 972/1056/213 971/1055/213
f 970/1054/213 1001/1090/213 965/1049/213 964/1048/213
f 1002/1091/213 1003/1092/213 975/1059/213 974/1058/213
f 1004/1093/213 1005/1094/213 1006/1095/213 1007/1096/213
f 1008/1097/213 967/1051/213 966/1050/213 1009/1098/213
f 754/819/428 726/799/428 997/1086/428 996/1085/428
f 697/767/429 953/1037/429 955/1039/429 983/1072/429
f 912/995/430 908/986/430 1002/1091/430 974/1058/430
f 936/1020/431 920/1004/431 977/1066/431 976/1065/431
f 973/1057/432 721/796/432 992/1081/432 993/1082/432
f 743/810/433 706/779/433 979/1068/433 978/1067/433
f 920/1004/434 743/810/434 978/1067/434 977/1066/434
f 930/1014/435 916/999/435 995/1084/435 994/1083/435
f 928/1012/436 913/996/436 999/1088/436 998/1087/436
f 927/1011/437 698/768/437 982/1071/437 954/1038/437
f 914/997/438 905/981/438 1004/1093/438 1007/1096/438
f 716/788/439 715/787/439 981/1070/439 980/1069/439
f 929/1013/440 725/798/440 984/1073/440 958/1042/440
f 956/1040/441 730/801/441 988/1077/441 991/1080/441
f 750/815/442 917/1001/442 1000/1089/442 946/1030/442
f 917/1001/443 909/987/443 950/1034/443 1000/1089/443
f 698/768/444 697/767/444 983/1072/444 982/1071/444
f 706/779/445 936/1020/445 976/1065/445 979/1068/445
f 725/798/446 949/1033/446 985/1074/446 984/1073/446
f 938/1022/447 919/1003/447 972/1056/447 939/1023/447
f 911/992/448 755/820/448 1001/1090/448 970/1054/448
f 715/787/449 931/1015/449 934/1018/449 981/1070/449
f 731/802/450 957/1041/450 1006/1095/450 1005/1094/450
f 916/999/451 754/819/451 996/1085/451 995/1084/451
f 705/778/452 951/1035/452 987/1076/452 986/1075/452
f 908/986/453 737/808/453 1003/1092/453 1002/1091/453
f 949/1033/454 948/1032/454 959/1043/454 985/1074/454
f 905/981/455 731/802/455 1005/1094/455 1004/1093/455
f 932/1016/456 716/788/456 980/1069/456 933/1017/456
f 755/820/457 915/998/457 965/1049/457 1001/1090/457
f 945/1029/458 956/1040/458 991/1080/458 990/1079/458
f 935/1019/459 705/778/459 986/1075/459 968/1052/459
f 924/1008/460 960/1044/460 962/1046/460 925/1009/460
f 913/996/461 906/982/461 923/1007/461 999/1088/461
f 747/814/462 711/784/462 967/1051/462 1008/1097/462
f 944/1028/463 945/1029/463 990/1079/463 989/1078/463
f 941/1025/464 973/1057/464 993/1082/464 942/1026/464
f 726/799/465 930/1014/465 994/1083/465 997/1086/465
f 918/1002/466 747/814/466 1008/1097/466 1009/1098/466
f 721/796/467 720/795/467 943/1027/467 992/1081/467
f 963/1047/468 937/1021/468 940/1024/468 971/1055/468
f 952/1036/469 918/1002/469 1009/1098/469 966/1050/469
f 701/772/470 700/771/470 926/1010/470 961/1045/470
f 951/1035/471 710/783/471 969/1053/471 987/1076/471
f 734/807/472 928/1012/472 998/1087/472 922/1006/472
f 730/801/473 944/1028/473 989/1078/473 988/1077/473
f 737/808/474 921/1005/474 975/1059/474 1003/1092/474
f 957/1041/475 914/997/475 1007/1096/475 1006/1095/475
f 693/1099/476 1010/1100/476 1011/1101/476 1012/1102/476
f 692/1103/477 1013/1104/477 1014/1105/477 1015/1106/477
f 691/1107/478 1016/1108/478 1017/1109/478 1018/759/478
f 693/1099/479 666/737/479 668/739/479 1010/1100/479
f 1011/1101/480 670/741/480 1298/742/480 1012/1102/480
f 692/1103/481 673/743/481 675/745/481 1013/1104/481
f 1016/1108/482 681/751/482 1022/1110/482 1023/1111/482
f 683/753/483 1017/1109/483 1024/1112/483 1025/1113/483
f 1014/1105/484 677/747/484 678/748/484 1015/1106/484
f 691/1107/485 679/749/485 681/751/485 1016/1108/485
f 1011/1101/486 1010/1100/486 1028/1114/486 1026/1115/486
f 1017/1109/487 683/753/487 684/754/487 1018/759/487
f 665/761/488 685/760/488 686/968/488
f 665/761/489 686/968/489 687/967/489 1019/1116/489
f 1019/1116/490 687/967/490 690/974/490
f 1019/1116/491 690/974/491 666/737/491 693/1099/491
f 1015/1106/492 678/748/492 679/749/492 691/1107/492
f 1012/1102/493 672/964/493 692/1103/493
f 1023/1117/494 1022/1118/494 1025/1119/494 1024/1120/494
f 681/751/495 683/753/495 1025/1113/495 1022/1110/495
f 1017/1109/496 1016/1108/496 1023/1111/496 1024/1112/496
f 670/741/497 1011/1101/497 1026/1115/497 1029/1121/497
f 675/745/498 677/747/498 1030/1122/498 1021/1123/498
f 1014/1105/499 1013/1104/499 1020/1124/499 1031/1125/499
f 1010/1100/500 668/739/500 1027/1126/500 1028/1114/500
f 677/747/501 1014/1105/501 1031/1125/501 1030/1122/501
f 1013/1104/502 675/745/502 1021/1123/502 1020/1124/502
f 668/739/503 670/741/503 1029/1121/503 1027/1126/503
f 835/890/504 852/889/504 816/1127/504 814/1128/504
f 836/893/505 832/884/505 817/1129/505 815/1130/505
f 852/889/506 849/902/506 818/1131/506 816/1127/506
f 832/884/507 843/883/507 819/1132/507 817/1129/507
f 849/902/508 838/894/508 820/1133/508 818/1131/508
f 843/883/509 875/904/509 813/1134/509 819/1132/509
f 838/894/510 861/900/510 821/1135/510 820/1133/510
f 875/904/511 864/919/511 822/1136/511 813/1134/511
f 861/900/512 855/908/512 823/1137/512 821/1135/512
f 864/919/513 830/918/513 824/1138/513 822/1136/513
f 855/908/514 836/893/514 815/1130/514 823/1137/514
f 830/918/515 866/921/515 825/1139/515 824/1138/515
f 866/921/516 847/912/516 826/1140/516 825/1139/516
f 847/912/517 877/933/517 827/1141/517 826/1140/517
f 877/933/518 872/927/518 828/1142/518 827/1141/518
f 872/927/519 835/890/519 814/1128/519 828/1142/519
f 834/888/520 835/890/520 1032/934/520 1033/943/520
f 853/1143/521 883/1144/521 890/1145/521 854/1146/521
f 876/1147/522 878/1148/522 844/1149/522 833/1150/522
f 840/1151/523 879/1152/523 887/1153/523 841/1154/523
f 884/1155/524 871/1156/524 870/1157/524 885/1158/524
f 886/1159/525 868/1160/525 881/1161/525 856/1162/525
f 869/1163/526 888/1164/526 867/1165/526 880/1166/526
f 858/1167/527 882/1168/527 889/1169/527 859/1170/527
f 873/1171/528 1033/1172/528 1032/1173/528 874/1174/528
f 1028/1175/529 1027/1176/529 1029/1177/529 1026/1178/529
f 1020/1179/530 1021/1180/530 1030/1181/530 1031/1182/530
f 1040/1183/531 1043/1184/531 1080/1185/531 1074/1186/531
f 1042/1187/532 1038/1188/532 1073/1189/532 1078/1190/532
f 1036/1191/533 1070/1192/533 1064/1193/533 1052/1194/533
f 665/761/534 1019/1116/534 1050/1195/534 1044/1196/534
f 1015/1106/535 691/1107/535 1048/1197/535 1047/1198/535
f 1012/1102/536 692/1103/536 1045/1199/536 1046/1200/536
f 1018/759/537 665/761/537 1044/1196/537 1051/1201/537
f 692/1103/538 1015/1106/538 1047/1198/538 1045/1199/538
f 691/1107/539 1018/759/539 1051/1201/539 1048/1197/539
f 693/1099/540 1012/1102/540 1046/1200/540 1049/1202/540
f 1019/1116/541 693/1099/541 1049/1202/541 1050/1195/541
f 1062/1203/542 1058/1204/542 1039/1205/542 1067/1206/542
f 1059/1207/543 1054/1208/543 1037/1209/543 1034/1210/543
f 1055/1211/544 1057/1212/544 1071/1213/544 1035/1214/544
f 1047/1215/545 1048/1216/545 1057/1217/545 1055/1218/545
f 1060/1219/546 1059/1207/546 1034/1210/546 1066/1220/546
f 1044/1221/547 1050/1222/547 1056/1223/547 1058/1224/547
f 1045/1225/548 1047/1215/548 1055/1218/548 1054/1226/548
f 1056/1227/549 1060/1219/549 1066/1220/549 1069/1228/549
f 1046/1229/550 1045/1225/550 1054/1226/550 1059/1230/550
f 1054/1208/551 1055/1211/551 1035/1214/551 1037/1209/551
f 1048/1216/552 1051/1231/552 1062/1232/552 1057/1217/552
f 1057/1212/553 1062/1203/553 1067/1206/553 1071/1213/553
f 1050/1222/554 1049/1233/554 1060/1234/554 1056/1223/554
f 1049/1233/555 1046/1229/555 1059/1230/555 1060/1234/555
f 1058/1204/556 1056/1227/556 1069/1228/556 1039/1205/556
f 1051/1231/557 1044/1221/557 1058/1224/557 1062/1232/557
f 1035/1235/558 1071/1236/558 1070/1237/558 1036/1238/558
f 1039/1239/559 1069/1240/559 1068/1241/559 1043/1242/559
f 1037/1243/560 1035/1235/560 1036/1238/560 1038/1244/560
f 1034/1245/561 1037/1243/561 1038/1244/561 1042/1246/561
f 1071/1236/562 1067/1247/562 1040/1248/562 1070/1237/562
f 1069/1240/563 1066/1249/563 1041/1250/563 1068/1241/563
f 1066/1249/564 1034/1245/564 1042/1246/564 1041/1250/564
f 1067/1247/565 1039/1239/565 1043/1242/565 1040/1248/565
f 1052/1251/566 1064/1252/566 1065/1253/566 1053/1254/566
f 1080/1255/567 1061/1256/567 1063/1257/567 1081/1258/567
f 1073/1259/568 1052/1251/568 1053/1254/568 1072/1260/568
f 1078/1261/569 1073/1259/569 1072/1260/569 1079/1262/569
f 1064/1252/570 1074/1263/570 1075/1264/570 1065/1253/570
f 1061/1256/571 1076/1265/571 1077/1266/571 1063/1257/571
f 1076/1265/572 1078/1261/572 1079/1262/572 1077/1266/572
f 1074/1263/573 1080/1255/573 1081/1258/573 1075/1264/573
f 1043/1184/574 1068/1267/574 1061/1268/574 1080/1185/574
f 1070/1192/575 1040/1183/575 1074/1186/575 1064/1193/575
f 1038/1188/576 1036/1191/576 1052/1194/576 1073/1189/576
f 1068/1267/577 1041/1269/577 1076/1270/577 1061/1268/577
f 1041/1269/578 1042/1187/578 1078/1190/578 1076/1270/578
f 1118/1271/579 1106/1272/579 1085/1273/579 1086/1274/579
f 1087/1275/580 1088/1276/580 1089/1277/580
f 1151/1278/581 1091/1279/581 1092/1280/581
f 1094/1281/582 1138/1282/582 1095/1283/582 1096/1284/582
f 1082/1285/583 1093/1286/583 1098/1287/583 1099/1288/583
f 1083/1289/584 1101/1290/584 1102/1291/584
f 1100/1292/585 1104/1293/585 1105/1294/585
f 1107/1295/586 1134/1296/586 1108/1297/586 1109/1298/586
f 1118/1271/587 1086/1274/587 1111/1299/587
f 1113/1300/588 1087/1275/588 1089/1277/588 1114/1301/588
f 1122/1302/589 1151/1278/589 1092/1280/589 1117/1303/589
f 1094/1281/590 1096/1284/590 1119/1304/590
f 1082/1285/591 1099/1288/591 1121/1305/591
f 1120/1306/592 1100/1292/592 1105/1294/592 1123/1307/592
f 1124/1308/593 1083/1289/593 1102/1291/593 1125/1309/593
f 1134/1310/213 1107/1311/213 1258/1312/213
f 1130/1313/213 1134/1310/213 1258/1312/213
f 1138/1314/213 1094/1315/213 1258/1312/213
f 1141/1316/213 1147/1317/213 1264/1318/213
f 1124/1319/213 1132/1320/213 1264/1318/213
f 1094/1315/213 1127/1321/213 1258/1312/213
f 1132/1320/213 1138/1314/213 1258/1312/213 1264/1318/213
f 1147/1317/213 1083/1322/213 1264/1318/213
f 1083/1322/213 1124/1319/213 1264/1318/213
f 1107/1295/594 1109/1298/594 1153/1323/594
f 1090/1324/595 1118/1271/595 1111/1299/595 1154/1325/595
f 1122/1302/596 1117/1303/596 1155/1326/596
f 1113/1300/597 1114/1301/597 1156/1327/597
f 1127/1328/598 1094/1281/598 1119/1304/598 1157/1329/598
f 1112/1330/599 1082/1285/599 1121/1305/599 1158/1331/599
f 1124/1308/600 1125/1309/600 1159/1332/600
f 1120/1306/601 1123/1307/601 1160/1333/601
f 1143/1334/602 1107/1295/602 1153/1323/602 1161/1335/602
f 1090/1324/603 1154/1325/603 1162/1336/603
f 1110/1337/604 1122/1302/604 1155/1326/604 1163/1338/604
f 1141/1339/605 1113/1300/605 1156/1327/605 1164/1340/605
f 1127/1328/606 1157/1329/606 1165/1341/606
f 1112/1330/607 1158/1331/607 1166/1342/607
f 1106/1272/608 1167/1343/608 1085/1273/608
f 1132/1344/609 1124/1308/609 1159/1332/609 1168/1345/609
f 1115/1346/610 1120/1306/610 1160/1333/610 1169/1347/610
f 1154/1325/611 1111/1299/611 1170/1348/611 1171/1349/611
f 1088/1276/381 1172/1350/381 1173/1351/381 1174/1352/381
f 1175/1353/213 1176/1354/213 1111/1299/213 1086/1274/213
f 1177/1355/213 1178/1356/213 1105/1294/213 1104/1293/213
f 1179/1357/612 1180/1358/612 1181/1359/612 1182/1360/612
f 1183/1361/213 1184/1362/213 1092/1280/213 1091/1279/213
f 1185/1363/613 1186/1364/613 1187/1365/613 1188/1366/613
f 1101/1290/384 1189/1367/384 1190/1368/384 1191/1369/384
f 1192/1370/213 1179/1357/213 1098/1287/213 1193/1371/213
f 1158/1331/614 1121/1305/614 1194/1372/614 1195/1373/614
f 1101/1290/213 1196/1374/213 1197/1375/213 1189/1367/213
f 1157/1329/386 1158/1331/386 1195/1373/386 1198/1376/386
f 1096/1284/213 1095/1283/213 1199/1377/213 1200/1378/213
f 1201/1379/615 1175/1353/615 1202/1380/615 1203/1381/615
f 1109/1298/213 1108/1297/213 1204/1382/213 1205/1383/213
f 1180/1358/213 1165/1341/213 1121/1305/213 1099/1288/213
f 1196/1374/616 1177/1355/616 1206/1384/616 1207/1385/616
f 1208/1386/389 1089/1277/389 1209/1387/389 1210/1388/389
f 1088/1276/213 1185/1363/213 1211/1389/213 1172/1350/213
f 1168/1345/213 1159/1332/213 1155/1326/213 1117/1303/213
f 1163/1338/617 1155/1326/617 1212/1390/617 1213/1391/617
f 1164/1340/213 1156/1327/213 1160/1333/213 1123/1307/213
f 1161/1335/213 1153/1323/213 1162/1336/213 1154/1325/213
f 1096/1284/391 1200/1378/391 1214/1392/391 1215/1393/391
f 1095/1283/618 1183/1361/618 1216/1394/618 1217/1395/618
f 1157/1329/213 1119/1304/213 1166/1342/213 1158/1331/213
f 1155/1326/393 1159/1332/393 1218/1396/393 1212/1390/393
f 1167/1343/619 1211/1389/619 1219/1397/619 1220/1398/619
f 1186/1364/213 1201/1379/213 1085/1273/213 1167/1343/213
f 1125/1309/213 1102/1291/213 1221/1399/213 1163/1338/213
f 1169/1347/620 1160/1333/620 1222/1400/620 1223/1401/620
f 1114/1301/213 1089/1277/213 1208/1386/213 1169/1347/213
f 1134/1296/621 1192/1370/621 1108/1297/621
f 1100/1292/622 1116/1402/622 1197/1375/622 1104/1293/622
f 1083/1289/623 1147/1403/623 1196/1374/623 1101/1290/623
f 1093/1286/624 1193/1371/624 1098/1287/624
f 1138/1282/625 1183/1361/625 1095/1283/625
f 1097/1404/626 1115/1346/626 1208/1386/626 1172/1350/626
f 1151/1278/627 1103/1405/627 1199/1377/627 1091/1279/627
f 1087/1275/628 1140/1406/628 1185/1363/628 1088/1276/628
f 1134/1296/629 1130/1407/629 1179/1357/629 1192/1370/629
f 1147/1403/630 1177/1355/630 1196/1374/630
f 1116/1402/631 1189/1367/631 1197/1375/631
f 1093/1286/632 1152/1408/632 1204/1382/632 1193/1371/632
f 1148/1409/633 1175/1353/633 1201/1379/633
f 1138/1282/634 1132/1344/634 1184/1362/634 1183/1361/634
f 1097/1404/635 1172/1350/635 1211/1389/635
f 1103/1405/636 1200/1378/636 1199/1377/636
f 1140/1406/637 1186/1364/637 1185/1363/637
f 1130/1407/638 1180/1358/638 1179/1357/638
f 1147/1403/639 1141/1339/639 1178/1356/639 1177/1355/639
f 1116/1402/640 1110/1337/640 1221/1399/640 1189/1367/640
f 1152/1408/641 1205/1383/641 1204/1382/641
f 1148/1409/642 1143/1334/642 1176/1354/642 1175/1353/642
f 1132/1344/643 1168/1345/643 1184/1362/643
f 1115/1346/644 1169/1347/644 1208/1386/644
f 1106/1272/645 1097/1404/645 1211/1389/645 1167/1343/645
f 1103/1405/646 1112/1330/646 1166/1342/646 1200/1378/646
f 1140/1406/647 1148/1409/647 1201/1379/647 1186/1364/647
f 1130/1407/648 1127/1328/648 1165/1341/648 1180/1358/648
f 1110/1337/649 1163/1338/649 1221/1399/649
f 1141/1339/650 1164/1340/650 1178/1356/650
f 1152/1408/651 1090/1324/651 1162/1336/651 1205/1383/651
f 1143/1334/652 1161/1335/652 1176/1354/652
f 1224/1410/213 1225/1411/213 1226/1412/213 1227/1413/213
f 1209/1387/213 1174/1352/213 1173/1351/213 1210/1388/213
f 1182/1360/213 1181/1359/213 1228/1414/213 1229/1415/213
f 1203/1381/213 1202/1380/213 1230/1416/213 1231/1417/213
f 1207/1385/213 1206/1384/213 1232/1418/213 1233/1419/213
f 1217/1395/213 1216/1394/213 1234/1420/213 1235/1421/213
f 1236/1422/213 1237/1423/213 1238/1424/213 1239/1425/213
f 1240/1426/213 1191/1369/213 1190/1368/213 1241/1427/213
f 1242/1428/213 1243/1429/213 1244/1430/213 1245/1431/213
f 1246/1432/213 1247/1433/213 1171/1349/213 1170/1348/213
f 1248/1434/213 1198/1376/213 1195/1373/213 1194/1372/213
f 1188/1366/213 1187/1365/213 1220/1398/213 1219/1397/213
f 1218/1396/213 1249/1435/213 1213/1391/213 1212/1390/213
f 1250/1436/213 1251/1437/213 1223/1401/213 1222/1400/213
f 1252/1438/213 1253/1439/213 1254/1440/213 1255/1441/213
f 1256/1442/213 1215/1393/213 1214/1392/213 1257/1443/213
f 1123/1307/653 1105/1294/653 1245/1431/653 1244/1430/653
f 1085/1273/429 1201/1379/429 1203/1381/429 1231/1417/429
f 1160/1333/430 1156/1327/430 1250/1436/430 1222/1400/430
f 1184/1362/654 1168/1345/654 1225/1411/654 1224/1410/654
f 1221/1399/432 1102/1291/432 1240/1426/432 1241/1427/432
f 1117/1303/655 1092/1280/655 1227/1413/655 1226/1412/655
f 1168/1345/434 1117/1303/434 1226/1412/434 1225/1411/434
f 1178/1356/656 1164/1340/656 1243/1429/656 1242/1428/656
f 1176/1354/657 1161/1335/657 1247/1433/657 1246/1432/657
f 1175/1353/437 1086/1274/437 1230/1416/437 1202/1380/437
f 1162/1336/438 1153/1323/438 1252/1438/438 1255/1441/438
f 1099/1288/658 1098/1287/658 1229/1415/658 1228/1414/658
f 1177/1355/440 1104/1293/440 1232/1418/440 1206/1384/440
f 1204/1382/441 1108/1297/441 1236/1422/441 1239/1425/441
f 1121/1305/442 1165/1341/442 1248/1434/442 1194/1372/442
f 1165/1341/659 1157/1329/659 1198/1376/659 1248/1434/659
f 1086/1274/660 1085/1273/660 1231/1417/660 1230/1416/660
f 1092/1280/445 1184/1362/445 1224/1410/445 1227/1413/445
f 1104/1293/661 1197/1375/661 1233/1419/661 1232/1418/661
f 1186/1364/447 1167/1343/447 1220/1398/447 1187/1365/447
f 1159/1332/662 1125/1309/662 1249/1435/662 1218/1396/662
f 1098/1287/449 1179/1357/449 1182/1360/449 1229/1415/449
f 1109/1298/450 1205/1383/450 1254/1440/450 1253/1439/450
f 1164/1340/451 1123/1307/451 1244/1430/451 1243/1429/451
f 1091/1279/663 1199/1377/663 1235/1421/663 1234/1420/663
f 1156/1327/664 1114/1301/664 1251/1437/664 1250/1436/664
f 1197/1375/454 1196/1374/454 1207/1385/454 1233/1419/454
f 1153/1323/665 1109/1298/665 1253/1439/665 1252/1438/665
f 1180/1358/456 1099/1288/456 1228/1414/456 1181/1359/456
f 1125/1309/457 1163/1338/457 1213/1391/457 1249/1435/457
f 1193/1371/666 1204/1382/666 1239/1425/666 1238/1424/666
f 1183/1361/459 1091/1279/459 1234/1420/459 1216/1394/459
f 1172/1350/667 1208/1386/667 1210/1388/667 1173/1351/667
f 1161/1335/461 1154/1325/461 1171/1349/461 1247/1433/461
f 1119/1304/668 1096/1284/668 1215/1393/668 1256/1442/668
f 1192/1370/463 1193/1371/463 1238/1424/463 1237/1423/463
f 1189/1367/669 1221/1399/669 1241/1427/669 1190/1368/669
f 1105/1294/465 1178/1356/465 1242/1428/465 1245/1431/465
f 1166/1342/466 1119/1304/466 1256/1442/466 1257/1443/466
f 1102/1291/670 1101/1290/670 1191/1369/670 1240/1426/670
f 1211/1389/468 1185/1363/468 1188/1366/468 1219/1397/468
f 1200/1378/671 1166/1342/671 1257/1443/671 1214/1392/671
f 1089/1277/672 1088/1276/672 1174/1352/672 1209/1387/672
f 1199/1377/471 1095/1283/471 1217/1395/471 1235/1421/471
f 1111/1299/472 1176/1354/472 1246/1432/472 1170/1348/472
f 1108/1297/673 1192/1370/673 1237/1423/673 1236/1422/673
f 1114/1301/474 1169/1347/474 1223/1401/474 1251/1437/474
f 1205/1383/674 1162/1336/674 1255/1441/674 1254/1440/674
f 1106/1272/675 1118/1271/675 1131/1444/675 1139/1445/675
f 1093/1286/676 1082/1285/676 1150/1446/676 1146/1447/676
f 1116/1402/677 1100/1292/677 1144/1448/677 1133/1449/677
f 1103/1405/678 1151/1278/678 1126/1450/678 1142/1451/678
f 1120/1306/679 1115/1346/679 1135/1452/679 1129/1453/679
f 1122/1302/680 1110/1337/680 1137/1454/680 1128/1455/680
f 1115/1346/681 1097/1404/681 1145/1456/681 1135/1452/681
f 1118/1271/682 1090/1324/682 1149/1457/682 1131/1444/682
f 1152/1408/683 1093/1286/683 1146/1447/683 1084/1458/683
f 1100/1292/684 1120/1306/684 1129/1453/684 1144/1448/684
f 1090/1324/685 1152/1408/685 1084/1458/685 1149/1457/685
f 1112/1330/686 1103/1405/686 1142/1451/686 1136/1459/686
f 1151/1278/687 1122/1302/687 1128/1455/687 1126/1450/687
f 1110/1337/688 1116/1402/688 1133/1449/688 1137/1454/688
f 1097/1404/689 1106/1272/689 1139/1445/689 1145/1456/689
f 1082/1285/690 1112/1330/690 1136/1459/690 1150/1446/690
f 1136/1460/691 816/1127/691 818/1131/691 1150/1461/691
f 814/1128/692 816/1127/692 1136/1460/692 1142/1462/692
f 1126/1463/693 828/1142/693 814/1128/693 1142/1462/693
f 1128/1464/694 827/1141/694 828/1142/694 1126/1463/694
f 1137/1465/695 826/1140/695 827/1141/695 1128/1464/695
f 1144/1466/696 824/1138/696 825/1139/696 1133/1467/696
f 1129/1468/697 822/1136/697 824/1138/697 1144/1466/697
f 1135/1469/698 813/1134/698 822/1136/698 1129/1468/698
f 1145/1470/699 819/1132/699 813/1134/699 1135/1469/699
f 1139/1471/700 817/1129/700 819/1132/700 1145/1470/700
f 1131/1472/701 815/1130/701 817/1129/701 1139/1471/701
f 1149/1473/702 823/1137/702 815/1130/702 1131/1472/702
f 1084/1474/703 821/1135/703 823/1137/703 1149/1473/703
f 1146/1475/704 820/1133/704 821/1135/704 1084/1474/704
f 1150/1461/705 818/1131/705 820/1133/705 1146/1475/705
f 1258/1312/213 1259/1476/213 1260/1477/213 1261/1478/213 1262/1479/213 1263/1480/213 1264/1318/213
f 1127/1321/213 1130/1313/213 1258/1312/213
f 1140/1406/706 1087/1275/706 1272/1481/706
f 1265/1482/213 1266/1483/213 1268/1484/213 1267/1485/213
f 1087/1275/707 1265/1486/707 1269/1487/707 1272/1481/707
f 1087/1275/708 1113/1300/708 1265/1486/708
f 1263/1488/709 1262/1489/709 1267/1490/709
f 1113/1300/710 1141/1339/710 1266/1491/710 1265/1486/710
f 1264/1492/711 1263/1488/711 1267/1490/711 1268/1493/711
f 1141/1339/712 1264/1492/712 1268/1493/712 1266/1491/712
f 1148/1409/713 1140/1406/713 1277/1494/713 1273/1495/713
f 1272/1481/714 1271/1496/714 1274/1497/714 1275/1498/714
f 1261/1499/715 1260/1500/715 1276/1501/715
f 1140/1406/716 1272/1481/716 1275/1498/716 1277/1494/716
f 1272/1502/213 1269/1503/213 1270/1504/213 1271/1505/213
f 1265/1486/717 1267/1490/717 1270/1506/717 1269/1487/717
f 1262/1489/718 1261/1499/718 1271/1496/718
f 1267/1490/719 1262/1489/719 1271/1496/719 1270/1506/719
f 1277/1507/213 1275/1508/213 1274/1509/213 1276/1510/213
f 1276/1501/720 1260/1500/720 1280/1511/720 1282/1512/720
f 1273/1495/721 1277/1494/721 1283/1513/721 1281/1514/721
f 1143/1334/722 1148/1409/722 1273/1495/722 1278/1515/722
f 1107/1295/723 1279/1516/723 1296/1517/723 1295/1518/723
f 1271/1496/724 1261/1499/724 1276/1501/724 1274/1497/724
f 1107/1295/725 1143/1334/725 1278/1515/725 1279/1516/725
f 1281/1519/213 1283/1520/213 1282/1521/213 1280/1522/213
f 1259/1523/726 1258/1524/726 1288/1525/726
f 1284/1526/727 1281/1514/727 1287/1527/727 1289/1528/727
f 1277/1494/728 1276/1501/728 1282/1512/728 1283/1513/728
f 1278/1515/729 1273/1495/729 1281/1514/729 1284/1526/729
f 1260/1500/730 1259/1523/730 1280/1511/730
f 1279/1516/731 1278/1515/731 1284/1526/731 1285/1529/731
f 1289/1530/732 1287/1531/732 1286/1532/732 1288/1533/732
f 1285/1529/733 1289/1528/733 1293/1534/733 1292/1535/733
f 1285/1529/734 1284/1526/734 1289/1528/734
f 1280/1511/735 1259/1523/735 1288/1525/735 1286/1536/735
f 1281/1514/736 1280/1511/736 1286/1536/736 1287/1527/736
f 1292/1537/213 1293/1538/213 1291/1539/213 1290/1540/213
f 1288/1525/737 1258/1524/737 1294/1541/737 1290/1542/737 1291/1543/737
f 1289/1528/738 1288/1525/738 1291/1543/738 1293/1534/738
f 1294/1544/384 1285/1545/384 1292/1546/384 1290/1547/384
f 1294/1544/384 1279/1548/384 1285/1545/384
f 1296/1517/739 1297/1549/739 1259/1523/739 1295/1518/739
f 1258/1312/213 1107/1311/213 1295/1550/213 1259/1476/213
f 1279/1551/740 1294/1552/740 1297/1553/740 1296/1554/740
f 1294/1552/741 1258/1312/741 1259/1476/741 1297/1553/741
f 1133/1467/742 825/1139/742 826/1140/742 1137/1465/742
f 692/1103/743 672/964/743 673/743/743
f 1298/742/744 669/740/744 672/964/744
f 1012/1102/745 1298/742/745 672/964/745
o Castle.010_Cube.003_Cube.019
v -0.248768 1.472273 -6.756982
v -1.388291 9.274307 -8.273815
v -1.177217 9.274307 -8.783398
v -0.787199 9.274307 -9.173414
v -0.277617 9.274307 -9.384491
v 0.273950 9.274307 -9.384491
v 0.783535 9.274307 -9.173414
v 1.173553 9.274307 -8.783398
v 1.384628 9.274307 -8.273816
v 1.384628 9.274307 -7.722247
v 1.173550 9.274307 -7.212665
v 0.783532 9.274307 -6.822646
v 0.273948 9.274307 -6.611571
v -0.277620 9.274307 -6.611571
v -0.787201 9.274307 -6.822649
v -1.177217 9.274307 -7.212666
v 0.305670 9.427761 -9.543944
v -1.388294 9.274307 -7.722250
v 0.244986 1.472273 -9.239239
v -1.243018 1.472273 -8.244987
v -1.312394 9.427761 -8.873720
v -0.309333 9.427761 -9.543944
v -1.312397 9.427761 -7.122344
v 0.305667 9.427761 -6.452118
v 1.308728 9.427761 -8.873721
v -1.547749 9.427761 -7.690532
v 1.308728 9.427761 -7.122341
v 0.873854 9.427761 -9.308594
v -0.877526 9.427761 -6.687470
v 0.873855 9.427761 -6.687469
v -1.547746 9.427761 -8.305532
v -0.309336 9.427761 -6.452118
v 1.544080 9.427761 -7.690530
v 1.544080 9.427761 -8.305532
v -0.877524 9.427761 -9.308594
v -1.054068 1.472273 -8.701154
v -0.704932 1.472273 -9.050288
v -0.248766 1.472273 -9.239239
v 0.701154 1.472273 -9.050288
v 1.050290 1.472273 -8.701154
v 1.050288 1.472273 -7.295068
v 0.701152 1.472273 -6.945931
v 0.244983 1.472273 -6.756982
v -0.704935 1.472273 -6.945934
v -1.054068 1.472273 -7.295069
v -1.243020 1.472273 -7.751237
v -0.883787 0.912550 -9.317963
v 1.317964 0.912549 -8.880008
v 1.255630 0.490758 -8.942341
v 0.307790 0.912549 -9.554982
v 0.307790 0.490757 -9.554982
v 0.880008 0.912549 -9.317963
v 0.307787 0.912549 -6.441238
v 0.307787 0.490757 -6.441238
v -0.311575 0.912550 -6.441238
v 0.880005 0.490758 -6.678257
v -1.558761 0.490758 -8.307792
v -0.883787 0.490758 -9.317963
v 0.880008 0.490758 -9.317963
v -0.311575 0.490758 -6.441238
v -0.278394 1.403307 -6.608047
v 0.274608 1.403307 -6.608047
v -0.278391 1.403307 -9.388174
v 0.274610 1.403307 -9.388174
v -0.789297 1.403308 -9.176549
v 0.785519 1.403307 -9.176549
v 1.176552 1.403307 -8.785519
v 1.176549 1.403307 -7.210702
v -1.391956 1.403308 -7.721612
v -1.391953 1.403308 -8.274611
v -0.789300 1.403308 -6.819673
v -1.180330 1.403308 -7.210703
v 0.785517 1.403307 -6.819670
v -1.180330 1.403308 -8.785519
v 1.476346 0.421792 -8.985836
v 0.274608 0.981515 -6.608047
v 1.487987 -0.046237 -8.993613
v 0.274610 0.981515 -9.388174
v -1.480125 0.421792 -8.985835
v 1.131484 0.981515 -8.830586
v -1.491765 -0.046237 -8.993613
v -1.180330 0.981516 -8.785519
v -1.745589 0.421792 -7.651271
v -1.391956 0.981516 -7.721612
v -1.759320 -0.046237 -7.648540
v 1.115515 0.981515 -7.149668
v -0.278391 0.981515 -9.388174
v -1.180329 0.981516 -7.210703
v -0.789300 0.981516 -6.819673
v -0.278394 0.981515 -6.608047
v 1.476343 0.421792 -7.010386
v 0.785519 0.981515 -9.176549
v 1.487984 -0.046237 -7.002608
v -0.348734 0.421792 -9.741807
v -0.789297 0.981516 -9.176549
v -0.351465 -0.046237 -9.755537
v -1.391953 0.981516 -8.274611
v -1.480125 0.421792 -7.010387
v 0.785517 0.981515 -6.819670
v -1.491765 -0.046237 -7.002609
v -0.989618 0.421792 -6.519878
v -0.997396 -0.046237 -6.508238
v -1.321743 0.490758 -8.880008
v -1.321743 0.912550 -8.880008
v -1.558761 0.912550 -8.307792
v -1.558764 0.490758 -7.688432
v -1.558764 0.912550 -7.688432
v 0.880005 0.912549 -6.678257
v 1.249779 0.490758 -7.048030
v 1.317961 0.912549 -7.116213
v -0.311572 0.490758 -9.554982
v -0.311572 0.912550 -9.554982
v -1.321742 0.490758 -7.116215
v -1.321743 0.912550 -7.116215
v -0.883790 0.490758 -6.678260
v -0.883790 0.912550 -6.678260
v 0.347683 -0.046237 -9.755537
v 0.344952 0.421792 -9.741807
v 0.347680 -0.046237 -6.240683
v 0.344948 0.421792 -6.254414
v 0.985832 0.421792 -6.519875
v 0.993611 -0.046237 -6.508234
v -1.745586 0.421792 -8.344954
v -1.759317 -0.046237 -8.347685
v -0.989615 0.421792 -9.476344
v -0.997392 -0.046237 -9.487985
v 0.985836 0.421792 -9.476344
v 0.993614 -0.046237 -9.487985
v -0.348737 0.421792 -6.254414
v -0.351468 -0.046237 -6.240683
v 1.239240 1.930279 -7.751235
v 1.239240 1.903718 -8.244987
v 0.321043 3.427382 -6.929865
v 0.321043 4.030426 -6.929865
v 0.525124 4.030426 -7.014397
v 0.525124 3.427382 -7.014397
v -0.324826 4.030426 -6.929866
v -0.324826 3.427382 -6.929866
v -0.528905 4.030426 -7.014399
v -0.528905 3.427382 -7.014399
v -0.985602 4.030426 -7.471097
v -0.985602 3.427382 -7.471097
v -1.070134 3.427382 -8.321045
v -1.070134 4.030426 -8.321045
v -1.070135 4.030426 -7.675178
v -1.070135 3.427382 -7.675178
v 0.321045 3.427382 -9.066355
v 0.321045 4.030426 -9.066355
v -0.324824 4.030426 -9.066355
v -0.324824 3.427382 -9.066355
v -0.528903 3.427382 -8.981823
v -0.528903 4.030426 -8.981823
v -0.985601 4.030426 -8.525125
v -0.985601 3.427382 -8.525125
v 0.525126 4.030426 -8.981823
v 0.525126 3.427382 -8.981823
v 0.981825 4.030426 -8.525125
v 0.981824 3.427382 -8.525125
v 1.066357 4.030426 -8.321045
v 1.066357 3.427382 -8.321045
v 0.981823 3.427382 -7.471096
v 0.981823 4.030426 -7.471096
v 1.066356 4.030426 -7.675176
v 1.066356 3.427382 -7.675176
v -0.248768 3.125861 -6.756982
v -0.248768 4.331947 -6.756982
v -1.243019 3.125860 -7.751237
v -1.243019 4.331947 -7.751237
v 1.050290 3.125860 -8.701154
v 1.050291 4.331947 -8.701154
v -0.248765 3.125861 -9.239239
v -0.248765 4.331947 -9.239239
v -1.243017 4.331947 -8.244987
v -1.243017 3.125860 -8.244987
v 0.701155 3.125861 -9.050288
v 0.701155 4.331947 -9.050288
v 0.701152 3.125861 -6.945931
v 0.701153 4.331947 -6.945931
v 0.244986 4.331947 -9.239239
v 0.244986 3.125861 -9.239239
v 0.244984 4.331947 -6.756982
v 0.244984 3.125861 -6.756982
v -1.054067 3.125860 -8.701154
v -1.054067 4.331947 -8.701154
v -0.704934 3.125861 -6.945934
v -0.704934 4.331947 -6.945934
v -1.054067 3.125860 -7.295069
v -1.054067 4.331947 -7.295069
v -0.704931 4.331947 -9.050288
v -0.704932 3.125861 -9.050288
v 1.239240 3.125860 -7.751235
v 1.239241 4.331947 -7.751235
v 1.239240 3.125860 -8.244987
v 1.239241 4.331947 -8.244987
v 1.050288 4.331947 -7.295068
v 1.050288 3.125860 -7.295068
v -0.277620 7.218186 -6.611571
v -0.277620 8.424273 -6.611571
v -1.388294 7.218186 -7.722250
v -1.388294 8.424273 -7.722250
v 1.173553 7.218186 -8.783398
v 1.173553 8.424273 -8.783398
v -0.277618 7.218186 -9.384491
v -0.277617 8.424273 -9.384491
v -1.388292 8.424273 -8.273815
v -1.388292 7.218186 -8.273815
v 0.783534 7.218186 -9.173414
v 0.783535 8.424273 -9.173414
v 0.783532 7.218186 -6.822646
v 0.783532 8.424273 -6.822646
v 0.273950 8.424273 -9.384491
v 0.273950 7.218186 -9.384491
v 0.273948 8.424273 -6.611571
v 0.273948 7.218186 -6.611571
v -1.177217 7.218186 -8.783398
v -1.177217 8.424273 -8.783398
v -0.787202 7.218186 -6.822649
v -0.787201 8.424273 -6.822649
v -1.177217 7.218186 -7.212666
v -1.177217 8.424273 -7.212666
v -0.787199 8.424273 -9.173414
v -0.787199 7.218186 -9.173414
v 1.384628 7.218186 -7.722247
v 1.384628 8.424273 -7.722247
v 1.384628 7.218186 -8.273816
v 1.384628 8.424273 -8.273816
v 1.173550 8.424273 -7.212665
v 1.173550 7.218186 -7.212665
v 1.191499 7.519708 -7.637282
v 1.191499 8.122751 -7.637282
v 1.097068 8.122751 -7.409306
v 1.097067 7.519708 -7.409306
v 1.191500 7.519708 -8.358780
v 1.191500 8.122751 -8.358780
v 1.097069 7.519708 -8.586757
v 1.097069 8.122751 -8.586757
v 0.586893 7.519708 -9.096931
v 0.586893 8.122751 -9.096931
v -1.100734 7.519708 -8.586757
v -1.100734 8.122751 -8.586757
v -0.590558 8.122751 -9.096931
v -0.590558 7.519708 -9.096931
v -0.362582 7.519708 -9.191362
v -0.362582 8.122751 -9.191362
v 0.358915 8.122751 -9.191362
v 0.358915 7.519708 -9.191362
v -1.195166 7.519708 -7.637284
v -1.195166 8.122751 -7.637284
v -1.195164 8.122751 -8.358780
v -1.195164 7.519708 -8.358780
v -1.100735 7.519708 -7.409307
v -1.100734 8.122751 -7.409307
v -0.590561 7.519708 -6.899131
v -0.590560 8.122751 -6.899131
v -0.362584 7.519708 -6.804699
v -0.362584 8.122751 -6.804699
v 0.586891 7.519708 -6.899129
v 0.586891 8.122751 -6.899129
v 0.358913 8.122751 -6.804699
v 0.358913 7.519708 -6.804699
v 0.273948 6.162510 -6.611571
v 0.244984 5.779692 -6.756982
v -0.248767 5.779692 -6.756982
v -0.277620 6.162510 -6.611571
v -0.787202 6.162510 -6.822649
v -0.704934 5.779692 -6.945934
v -1.243019 5.779692 -7.751237
v -1.388295 6.162509 -7.722250
v -1.243017 5.779692 -8.244987
v -1.388292 6.162509 -8.273815
v -1.177217 6.162509 -7.212666
v -1.054067 5.779692 -7.295069
v 1.239241 5.779692 -8.244987
v 1.384627 6.162510 -8.273816
v 1.050291 5.779692 -8.701154
v 1.173553 6.162510 -8.783398
v 0.783534 6.162510 -9.173414
v 0.701155 5.779692 -9.050288
v -0.248765 5.779692 -9.239239
v -0.277618 6.162510 -9.384491
v 0.273950 6.162510 -9.384491
v 0.244986 5.779692 -9.239239
v -0.704931 5.779692 -9.050288
v -0.787199 6.162510 -9.173414
v -1.177217 6.162509 -8.783398
v -1.054067 5.779692 -8.701154
v 0.701153 5.779692 -6.945931
v 0.783532 6.162510 -6.822646
v 1.050289 5.779692 -7.295068
v 1.173550 6.162510 -7.212665
v 1.384627 6.162510 -7.722247
v 1.239241 5.779692 -7.751235
v -0.831399 11.666728 -8.158691
v -0.831399 12.553224 -8.158691
v -0.704213 9.876698 -7.519603
v -0.831951 9.876698 -8.171124
v -0.162036 9.876698 -7.156917
v 0.167414 9.876698 -8.894912
v 0.839188 9.876698 -7.838713
v 0.710549 9.876698 -8.510599
v -0.471127 9.876698 -8.745650
v 0.477463 9.876698 -7.284554
v 0.477482 11.666728 -7.284126
v 0.477482 12.553224 -7.284126
v 0.170373 11.666728 -8.828055
v 0.170373 12.553224 -8.828055
v 0.839741 11.666728 -8.158691
v 0.839742 12.553224 -8.158691
v -0.704192 11.666728 -7.519175
v -0.704191 12.553224 -7.519175
v 0.839741 11.666728 -7.826281
v 0.839742 12.553224 -7.826281
v -0.831399 11.666728 -7.826283
v -0.831399 12.553224 -7.826283
v -0.162036 11.666728 -8.828055
v -0.162036 12.553224 -8.828055
v 0.477482 11.666728 -8.700850
v 0.477482 12.553224 -8.700850
v -0.704192 11.666728 -8.465799
v -0.704191 12.553224 -8.465799
v -0.162036 11.666728 -7.156917
v -0.162036 12.553224 -7.156917
v 0.712531 11.666728 -8.465799
v 0.712531 12.553224 -8.465799
v -0.469142 11.666728 -8.700850
v -0.469142 12.553224 -8.700850
v -0.469142 11.666728 -7.284126
v -0.469142 12.553224 -7.284126
v 0.170373 11.666728 -7.156917
v 0.170373 12.553224 -7.156917
v 0.712531 11.666728 -7.519174
v 0.712531 12.553224 -7.519174
v -0.831399 10.780231 -8.158691
v 0.075945 11.445105 -8.714163
v 0.477481 10.780231 -7.284126
v -0.162036 10.780231 -8.828055
v -0.067605 11.001856 -8.714163
v 0.170373 10.780231 -8.828055
v 0.839741 10.780231 -8.158691
v -0.717503 11.001856 -8.064261
v -0.717503 11.445105 -8.064261
v -0.704192 10.780231 -7.519175
v -0.455380 11.445105 -7.431433
v 0.839741 10.780231 -7.826281
v -0.162036 10.780231 -7.156917
v -0.067605 11.001856 -7.270813
v -0.831399 10.780231 -7.826283
v 0.477481 10.780231 -8.700850
v 0.075944 11.001856 -8.714163
v -0.469142 10.780231 -7.284126
v -0.455380 11.001856 -7.431433
v -0.704192 10.780231 -8.465799
v -0.556884 11.445105 -8.452036
v 0.712531 10.780231 -8.465799
v -0.469142 10.780231 -8.700850
v 0.565224 11.445105 -8.452036
v 0.170373 10.780231 -7.156917
v -0.556885 11.445105 -7.532938
v 0.712531 10.780231 -7.519174
v 0.565224 11.001856 -8.452036
v 0.463720 11.445105 -8.553541
v -0.717505 11.445105 -7.920712
v 0.075945 11.445105 -7.270812
v 0.075945 11.001856 -7.270812
v 0.725845 11.001856 -7.920711
v -0.717505 11.001856 -7.920712
v 0.725845 11.445105 -8.064261
v 0.725845 11.001856 -8.064261
v 0.463720 11.001856 -7.431432
v 0.565224 11.001856 -7.532937
v 0.463720 11.445105 -7.431432
v 0.565225 11.445105 -7.532937
v -0.067605 11.445105 -8.714163
v -0.067605 11.445105 -7.270813
v -0.556885 11.001856 -7.532938
v -0.455378 11.001856 -8.553541
v -0.455378 11.445105 -8.553541
v -0.556884 11.001856 -8.452036
v 0.725845 11.445105 -7.920711
v 0.463720 11.001856 -8.553541
v 1.096730 12.553225 -8.722511
v 1.096730 12.553225 -7.262461
v 0.260520 12.553225 -9.281248
v -1.284591 12.553225 -8.248837
v 0.734196 12.553225 -6.899927
v 1.292934 12.553225 -8.248837
v -1.088390 12.553225 -7.262463
v 1.292934 12.553225 -7.736137
v -1.284591 12.553225 -7.736139
v -0.252180 12.553225 -9.281248
v 0.734196 12.553225 -9.085048
v -1.088390 12.553225 -8.722511
v -0.252180 12.553225 -6.703725
v -0.725856 12.553225 -9.085048
v -0.725856 12.553225 -6.899929
v 0.260520 12.553225 -6.703725
v 0.004172 14.375259 -7.992486
v -0.001817 9.946072 -7.998011
v 0.312732 9.234242 -9.326404
v 0.390287 9.385116 -9.651682
v 0.579615 9.946070 -6.594298
v -1.936732 10.224667 -7.998011
v -1.899552 10.224667 -8.375494
v -1.076173 9.946070 -6.923658
v -1.285019 10.224667 -7.140606
v -1.093089 10.224667 -6.906742
v -1.111148 9.234242 -8.794904
v -1.382871 9.385116 -8.989805
v 1.895918 10.224667 -8.375493
v 1.933095 10.224667 -7.998010
v -0.221749 9.234242 -9.345821
v -0.275304 9.385116 -9.675862
v 1.401892 9.946070 -8.579446
v 1.423995 10.224667 -8.588601
v 1.281380 10.224667 -8.855416
v -1.173284 9.234242 -7.305116
v -1.460248 9.385116 -7.134571
v -0.001817 10.224667 -9.932924
v 0.375665 10.224667 -9.895745
v 0.230588 9.234242 -6.651159
v 0.287994 9.385116 -6.320199
v 1.072536 9.946070 -6.923656
v 0.855588 10.224667 -6.714811
v 1.089453 10.224667 -6.906739
v 1.155625 9.234242 -8.724121
v 1.439946 9.385116 -8.901659
v 0.375662 10.224667 -6.100276
v -0.001820 10.224667 -6.063096
v -1.349481 9.234242 -7.789224
v -1.679666 9.385116 -7.737432
v -0.583255 9.946070 -9.401721
v -0.592410 10.224667 -9.423823
v -0.859223 10.224667 -9.281210
v 1.108119 9.234242 -7.203345
v 1.380784 9.385116 -7.007835
v -1.789445 10.224667 -8.738469
v 0.784495 9.234242 -9.117259
v 0.977776 9.385116 -9.391235
v -0.859225 10.224667 -6.714814
v -0.805047 9.234242 -6.895973
v -1.001681 9.385116 -6.625065
v 0.735187 9.234242 -6.845565
v 0.916373 9.385116 -6.562292
v 1.895918 10.224667 -7.620526
v -1.324059 9.234242 -8.327860
v -1.648009 9.385116 -8.408195
v 1.072536 9.946070 -9.072366
v 1.089453 10.224667 -9.089282
v -0.317517 9.234242 -6.670780
v -0.394561 9.385116 -6.344631
v 0.738642 10.224667 -9.785638
v 1.327716 9.234242 -7.688323
v 1.654250 9.385116 -7.611778
v -0.379302 10.224667 -6.100277
v 1.281380 10.224667 -7.140604
v 0.579618 9.946070 -9.401721
v -0.001817 9.946070 -9.517377
v 1.401892 9.946070 -7.416573
v -0.583257 9.946070 -6.594300
v -1.076173 9.946070 -9.072366
v 1.517548 9.946070 -7.998010
v -1.405529 9.946070 -7.416577
v -0.001820 9.946070 -6.478644
v -1.405529 9.946070 -8.579447
v -1.521185 9.946070 -7.998011
v 1.676000 9.385116 -8.268528
v -0.880073 9.385116 -9.450325
v 1.345182 9.234242 -8.215705
v -0.707393 9.234242 -9.164710
v -1.093089 10.224667 -9.089282
v -1.610640 10.224667 -9.072990
v 1.785811 10.224667 -7.257549
v -0.592412 10.224667 -6.572197
v 0.855588 10.224667 -9.281210
v 1.073162 10.224667 -9.606832
v 1.423995 10.224667 -7.407417
v -0.742279 10.224667 -6.210384
v -1.285016 10.224667 -8.855416
v -1.370009 10.224667 -9.366201
v 1.607003 10.224667 -6.923029
v -0.302899 10.224667 -6.484376
v 0.588773 10.224667 -9.423823
v 1.366372 10.224667 -9.366202
v -1.899552 10.224667 -7.620531
v 1.511816 10.224667 -7.696929
v -1.076802 10.224667 -6.389191
v -1.812105 10.563327 -8.747855
v -1.631033 10.563327 -9.086617
v -1.610643 10.224667 -6.923031
v -1.631036 10.563327 -6.909405
v -1.285019 10.563327 -7.140606
v -1.515453 10.224667 -8.299091
v -1.427631 10.224667 -8.588602
v 0.299263 10.224667 -6.484375
v -0.001820 10.224667 -6.454720
v -0.001817 10.224667 -9.541301
v 0.299262 10.224667 -9.511647
v 0.299262 10.563327 -9.511647
v -0.001817 10.563327 -9.541301
v 1.511816 10.224667 -8.299091
v 1.541471 10.224667 -7.998010
v -1.427631 10.224667 -7.407422
v -1.515455 10.224667 -7.696932
v -1.515455 10.563327 -7.696932
v -1.427631 10.563327 -7.407422
v 1.073159 10.224667 -6.389188
v 1.086786 10.563327 -6.368794
v 0.855589 10.563327 -6.714811
v -0.302899 10.224667 -9.511647
v -0.379299 10.224667 -9.895745
v 0.748028 10.563327 -9.808298
v 1.086788 10.563327 -9.627224
v 0.588771 10.224667 -6.572196
v 0.738639 10.224667 -6.210383
v 0.855588 10.563327 -9.281210
v 1.785811 10.224667 -8.738468
v 1.607003 10.224667 -9.072990
v -1.545108 10.224667 -7.998011
v -1.515453 10.563327 -8.299091
v -1.545108 10.563327 -7.998011
v -0.742279 10.224667 -9.785638
v -1.076799 10.224667 -9.606832
v 0.299263 10.563327 -6.484375
v 0.588771 10.563327 -6.572196
v -1.370012 10.224667 -6.629822
v -1.093089 10.563327 -6.906742
v -1.387355 10.563327 -6.612479
v -1.789445 10.224667 -7.257554
v 1.808471 10.563327 -7.248164
v 1.627397 10.563327 -6.909402
v 1.627396 10.563327 -9.086617
v 1.281380 10.563327 -8.855416
v 1.511816 10.563327 -8.299091
v 1.423995 10.563327 -8.588601
v 1.423995 10.563327 -7.407417
v -1.812104 10.563327 -7.248168
v -1.923607 10.563327 -7.615746
v 1.366369 10.224667 -6.629819
v -0.751665 10.563327 -6.187725
v -1.090428 10.563327 -6.368798
v 1.541471 10.563327 -7.998010
v 1.511816 10.563327 -7.696929
v 1.919974 10.563327 -7.615741
v 1.957622 10.563327 -7.998010
v 0.380450 10.563327 -9.919801
v -0.001817 10.563327 -9.957451
v -1.923608 10.563327 -8.380280
v -1.961259 10.563327 -7.998011
v 0.380447 10.563327 -6.076220
v 0.748025 10.563327 -6.187723
v 1.919973 10.563327 -8.380279
v 1.808470 10.563327 -8.747854
v -0.592410 10.563327 -9.423823
v -0.302899 10.563327 -9.511647
v -0.384084 10.563327 -9.919801
v -0.751665 10.563327 -9.808298
v 1.089453 10.563327 -6.906739
v 1.383712 10.563327 -6.612476
v -0.001820 10.563327 -6.454720
v -0.302899 10.563327 -6.484376
v -0.384087 10.563327 -6.076221
v -0.001820 10.563327 -6.038569
v -1.427631 10.563327 -8.588602
v -1.285016 10.563327 -8.855416
v 0.588773 10.563327 -9.423823
v 1.281380 10.563327 -7.140604
v -0.592412 10.563327 -6.572197
v -0.859225 10.563327 -6.714814
v -1.093089 10.563327 -9.089282
v -0.859222 10.563327 -9.281210
v -1.090425 10.563327 -9.627224
v -1.387352 10.563327 -9.383545
v 1.089453 10.563327 -9.089282
v 1.383715 10.563327 -9.383545
v 1.345182 9.234242 -8.063180
v 1.676000 9.385116 -8.078588
v 1.571011 9.385116 -7.410823
v 1.260874 9.234242 -7.526953
v 1.212924 9.385116 -6.839974
v 0.973323 9.234242 -7.068550
v 0.546457 9.234242 -6.767390
v 0.681347 9.385116 -6.464941
v 0.054563 9.385116 -6.320199
v 0.043139 9.234242 -6.651159
v -0.587916 9.385116 -6.424722
v -0.472786 9.234242 -6.735094
v -0.924765 9.234242 -7.015692
v -1.150765 9.385116 -6.774150
v -1.228836 9.234242 -7.439229
v -1.529426 9.385116 -7.301582
v -1.679666 9.385116 -7.930560
v -1.349480 9.234242 -7.944309
v -1.584211 9.385116 -8.562218
v -1.272828 9.234242 -8.451543
v -1.226493 9.385116 -9.146183
v -0.985574 9.234242 -8.920479
v -0.558960 9.234242 -9.226192
v -0.695231 9.385116 -9.526889
v -0.085951 9.385116 -9.675862
v -0.069696 9.234242 -9.345821
v 0.545671 9.385116 -9.587319
v 0.437507 9.234242 -9.274719
v 0.904725 9.234242 -8.997029
v 1.127499 9.385116 -9.241512
v 1.224489 9.234242 -8.557868
v 1.525702 9.385116 -8.694625
v -1.174821 8.713786 -8.231354
v -1.523910 9.006630 -8.300793
v 0.662611 8.713786 -8.992443
v 0.860354 9.006630 -9.288387
v 1.171156 8.713786 -7.764709
v 1.520245 9.006630 -7.695270
v 0.662611 8.713786 -7.003620
v 0.860354 9.006630 -6.707675
v 0.992578 8.713786 -7.333587
v 1.288521 9.006630 -7.135842
v 0.231488 8.713786 -6.825043
v 0.300926 9.006630 -6.475953
v 0.992578 8.713786 -8.662477
v 1.288524 9.006630 -8.860219
v -0.235154 8.713786 -9.171021
v -0.304595 9.006630 -9.520108
v -0.996244 8.713786 -8.662477
v -1.292188 9.006630 -8.860219
v -1.174823 8.713786 -7.764711
v -1.523912 9.006630 -7.695274
v 1.520245 9.006630 -8.300792
v 1.171156 8.713786 -8.231354
v -0.996246 8.713786 -7.333589
v -1.292188 9.006630 -7.135845
v 1.074437 9.006630 -6.921759
v 1.404383 9.006630 -7.415556
v -0.235156 8.713786 -6.825043
v -0.304594 9.006630 -6.475953
v -1.408050 9.006630 -7.415560
v -1.523911 9.006630 -7.998034
v 0.580641 9.006630 -6.591815
v 1.404384 9.006630 -8.580506
v 1.520245 9.006630 -7.998031
v -0.864020 9.006630 -9.288387
v -0.666278 8.713786 -8.992443
v -1.085534 8.713786 -7.549150
v -1.174822 8.713786 -7.998033
v -1.408049 9.006630 -8.580505
v -0.001833 9.006630 -9.520108
v 0.300928 9.006630 -9.520108
v 0.231490 8.713786 -9.171021
v -0.584308 9.006630 -9.404247
v -0.666280 8.713786 -7.003621
v -0.864023 9.006630 -6.707677
v 1.081867 8.713786 -8.446916
v -0.831261 8.713786 -8.827460
v -1.078104 9.006630 -9.074303
v 1.171156 8.713786 -7.998032
v 1.081867 8.713786 -7.549148
v 0.827594 8.713786 -7.168603
v 0.447050 8.713786 -6.914331
v -0.001834 9.006630 -6.475953
v -0.001834 8.713786 -6.825043
v -0.584309 9.006630 -6.591815
v -0.450718 8.713786 -6.914331
v -0.831263 8.713786 -7.168605
v -1.078105 9.006630 -6.921761
v -1.085532 8.713786 -8.446916
v -0.450717 8.713786 -9.081732
v -0.001832 8.713786 -9.171021
v 0.580640 9.006630 -9.404248
v 0.447050 8.713786 -9.081732
v 0.827594 8.713786 -8.827460
v 1.074438 9.006630 -9.074304
v -0.371304 9.851373 -6.301067
v -0.311674 9.851373 -9.707211
v 1.707348 9.851373 -8.306386
v -0.994723 9.851373 -6.573775
v 0.980936 9.851373 -9.432407
v 1.456831 9.851373 -8.942810
v -1.468816 9.851373 -7.073337
v -1.695185 9.851373 -8.376220
v 1.427250 9.851373 -7.009967
v 0.950234 9.851373 -6.542387
v -1.711013 9.851373 -7.694627
v -1.430127 9.851373 -8.986883
v 1.696473 9.851373 -7.631798
v 0.316186 9.851373 -6.288851
v 0.367333 9.851373 -9.695121
v -0.933918 9.851373 -9.461952
v 1.724397 9.851373 -8.038310
v 1.604361 9.851373 -7.364866
v 1.232969 9.851373 -6.791577
v 0.679316 9.851373 -6.411715
v 0.026364 9.851373 -6.271801
v -0.634436 9.851373 -6.391606
v -1.203726 9.851373 -6.758667
v -1.585400 9.851373 -7.310248
v -1.728063 9.851373 -7.964296
v -1.612793 9.851373 -8.619684
v -1.241589 9.851373 -9.199533
v -0.688093 9.851373 -9.582232
v -0.043892 9.851373 -9.724260
v 0.611480 9.851373 -9.612447
v 1.190258 9.851373 -9.247198
v 1.581706 9.851373 -8.685887
v -0.396170 9.976363 -6.131871
v -0.352922 9.976363 -9.873010
v 1.873183 9.976363 -8.348037
v -1.081848 9.976363 -6.426389
v 1.070870 9.976363 -9.576971
v 1.594758 9.976363 -9.043146
v -1.604429 9.976363 -6.967442
v -1.865338 9.976363 -8.398685
v 1.573304 9.976363 -6.921482
v 1.048602 9.976363 -6.403624
v -1.876818 9.976363 -7.651575
v -1.576369 9.976363 -9.075109
v 1.865296 9.976363 -7.606007
v 0.355216 9.976363 -6.123010
v 0.392312 9.976363 -9.864242
v -1.037748 9.976363 -9.598399
v 1.897995 9.976363 -8.027222
v 1.761624 9.976363 -7.290880
v 1.351831 9.976363 -6.664919
v 0.740112 9.976363 -6.248985
v 0.018631 9.976363 -6.098197
v -0.708541 9.976363 -6.234401
v -1.331602 9.976363 -6.641052
v -1.748850 9.976363 -7.251269
v -1.901632 9.976363 -7.973544
v -1.768716 9.976363 -8.696792
v -1.359061 9.976363 -9.327510
v -0.747456 9.976363 -9.745502
v -0.032321 9.976363 -9.897823
v 0.690914 9.976363 -9.767415
v 1.320856 9.976363 -9.362079
v 1.745194 9.976363 -8.744804
v -0.001875 6.040864 -7.998093
v 0.279702 5.329034 -9.187241
v 0.349128 5.479908 -9.478422
v 0.518611 6.040861 -6.741519
v -1.733968 6.319458 -7.998092
v -1.700686 6.319458 -8.336007
v -0.963615 6.040861 -7.036355
v -1.150569 6.319458 -7.230562
v -0.978758 6.319458 -7.021212
v -0.994924 5.329034 -8.711454
v -1.238165 5.479908 -8.885925
v 1.696937 6.319458 -8.336006
v 1.730217 6.319458 -7.998091
v -0.198753 5.329034 -9.204623
v -0.246694 5.479908 -9.500069
v 1.254695 6.040861 -8.518580
v 1.274481 6.319458 -8.526775
v 1.146815 6.319458 -8.765623
v -1.050547 5.329034 -7.377828
v -1.307430 5.479908 -7.225159
v -0.001875 6.319458 -9.730185
v 0.336039 6.319458 -9.696903
v 0.206170 5.329034 -6.792420
v 0.257558 5.479908 -6.496151
v 0.959863 6.040861 -7.036353
v 0.765656 6.319458 -6.849400
v 0.975006 6.319458 -7.021210
v 1.034242 5.329034 -8.648090
v 1.288760 5.479908 -8.807018
v 0.336037 6.319458 -6.299281
v -0.001877 6.319458 -6.265999
v -1.208274 5.329034 -7.811191
v -1.503849 5.479908 -7.764828
v -0.522365 6.040861 -9.254663
v -0.530561 6.319458 -9.274449
v -0.769406 6.319458 -9.146785
v 0.991716 5.329034 -7.286725
v 1.235800 5.479908 -7.111708
v -1.602121 6.319458 -8.660934
v 0.702015 5.329034 -9.000019
v 0.875035 5.479908 -9.245276
v -0.769408 6.319458 -6.849402
v -0.720909 5.329034 -7.011572
v -0.896931 5.479908 -6.769061
v 0.657876 5.329034 -6.966448
v 0.820069 5.479908 -6.712868
v 1.696937 6.319458 -7.660176
v -1.185518 5.329034 -8.293365
v -1.475510 5.479908 -8.365280
v 0.959863 6.040861 -8.959831
v 0.975006 6.319458 -8.974975
v -0.284483 5.329034 -6.809984
v -0.353451 5.479908 -6.518023
v 0.660968 6.319458 -9.598337
v 1.188294 5.329034 -7.720867
v 1.480600 5.479907 -7.652346
v -0.339791 6.319458 -6.299282
v 1.146815 6.319458 -7.230560
v 0.518613 6.040861 -9.254663
v -0.001875 6.040861 -9.358196
v 1.254695 6.040861 -7.477602
v -0.522367 6.040861 -6.741521
v -0.963615 6.040861 -8.959831
v 1.358228 6.040861 -7.998092
v -1.258447 6.040861 -7.477605
v -0.001877 6.040861 -6.637988
v -1.258447 6.040861 -8.518581
v -1.361980 6.040861 -7.998093
v 1.500071 5.479907 -8.240253
v -0.788070 5.479908 -9.298173
v 1.203930 5.329034 -8.192967
v -0.633491 5.329034 -9.042496
v -0.978758 6.319458 -8.974975
v -1.442059 6.319458 -8.960391
v 1.598371 6.319458 -7.335248
v -0.530563 6.319458 -6.721735
v 0.765656 6.319458 -9.146785
v 0.960423 6.319458 -9.438273
v 1.274481 6.319458 -7.469406
v -0.664720 6.319458 -6.397848
v -1.150567 6.319458 -8.765623
v -1.226650 6.319458 -9.222867
v 1.438306 6.319458 -7.035791
v -0.271397 6.319458 -6.643119
v 0.526809 6.319458 -9.274449
v 1.222898 6.319458 -9.222867
v -1.700686 6.319458 -7.660181
v 1.353097 6.319458 -7.728570
v -0.964178 6.319458 -6.557912
v -1.622405 6.658119 -8.669337
v -1.460314 6.658119 -8.972589
v -1.442061 6.319458 -7.035794
v -1.460317 6.658119 -7.023596
v -1.150569 6.658119 -7.230562
v -1.356849 6.319458 -8.267613
v -1.278233 6.319458 -8.526776
v 0.267645 6.319458 -6.643118
v -0.001877 6.319458 -6.616572
v -0.001875 6.319458 -9.379612
v 0.267645 6.319458 -9.353066
v 0.267645 6.658119 -9.353066
v -0.001875 6.658119 -9.379612
v 1.353097 6.319458 -8.267613
v 1.379644 6.319458 -7.998092
v -1.278233 6.319458 -7.469409
v -1.356851 6.319458 -7.728573
v -1.356851 6.658119 -7.728573
v -1.278233 6.658119 -7.469409
v 0.960421 6.319458 -6.557909
v 0.972619 6.658119 -6.539653
v 0.765656 6.658119 -6.849400
v -0.271397 6.319458 -9.353066
v -0.339789 6.319458 -9.696903
v 0.669370 6.658119 -9.618622
v 0.972621 6.658119 -9.456529
v 0.526807 6.319458 -6.721734
v 0.660966 6.319458 -6.397846
v 0.765656 6.658119 -9.146785
v 1.598371 6.319458 -8.660933
v 1.438306 6.319458 -8.960391
v -1.383396 6.319458 -7.998093
v -1.356849 6.658119 -8.267613
v -1.383396 6.658119 -7.998093
v -0.664721 6.319458 -9.598337
v -0.964175 6.319458 -9.438273
v 0.267645 6.658119 -6.643118
v 0.526807 6.658119 -6.721734
v -1.226653 6.319458 -6.773319
v -0.978758 6.658119 -7.021212
v -1.242178 6.658119 -6.757794
v -1.602120 6.319458 -7.335252
v 1.618655 6.658118 -7.326845
v 1.456562 6.658119 -7.023593
v 1.456562 6.658119 -8.972589
v 1.146815 6.658119 -8.765623
v 1.353097 6.658119 -8.267613
v 1.274481 6.658119 -8.526775
v 1.274481 6.658119 -7.469406
v -1.622405 6.658119 -7.326849
v -1.722220 6.658119 -7.655897
v 1.222896 6.319458 -6.773316
v -0.673123 6.658119 -6.377563
v -0.976376 6.658119 -6.539656
v 1.379644 6.658119 -7.998092
v 1.353097 6.658119 -7.728570
v 1.718471 6.658118 -7.655893
v 1.752172 6.658118 -7.998091
v 0.340322 6.658119 -9.718437
v -0.001875 6.658119 -9.752141
v -1.722220 6.658119 -8.340291
v -1.755924 6.658119 -7.998092
v 0.340320 6.658119 -6.277747
v 0.669368 6.658119 -6.377562
v 1.718471 6.658118 -8.340290
v 1.618655 6.658118 -8.669335
v -0.530560 6.658119 -9.274449
v -0.271397 6.658119 -9.353066
v -0.344072 6.658119 -9.718437
v -0.673123 6.658119 -9.618622
v 0.975006 6.658119 -7.021210
v 1.238421 6.658119 -6.757792
v -0.001877 6.658119 -6.616572
v -0.271397 6.658119 -6.643119
v -0.344074 6.658119 -6.277748
v -0.001877 6.658119 -6.244043
v -1.278233 6.658119 -8.526776
v -1.150567 6.658119 -8.765623
v 0.526809 6.658119 -9.274449
v 1.146815 6.658119 -7.230560
v -0.530563 6.658119 -6.721735
v -0.769408 6.658119 -6.849402
v -0.978758 6.658119 -8.974975
v -0.769406 6.658119 -9.146785
v -0.976373 6.658119 -9.456529
v -1.242175 6.658119 -9.238393
v 0.975006 6.658119 -8.974975
v 1.238424 6.658119 -9.238393
v 1.203930 5.329034 -8.056431
v 1.500071 5.479907 -8.070224
v 1.406087 5.479908 -7.472455
v 1.128459 5.329034 -7.576411
v 1.085535 5.479908 -6.961443
v 0.871050 5.329034 -7.166059
v 0.488928 5.329034 -6.896467
v 0.609679 5.479908 -6.625721
v 0.048595 5.479908 -6.496151
v 0.038369 5.329034 -6.792420
v -0.526538 5.479908 -6.589718
v -0.423476 5.329034 -6.867557
v -0.828078 5.329034 -7.118742
v -1.030388 5.479908 -6.902519
v -1.100276 5.329034 -7.497882
v -1.369357 5.479908 -7.374664
v -1.503848 5.479908 -7.937712
v -1.208274 5.329034 -7.950020
v -1.418400 5.479908 -8.503158
v -1.139656 5.329034 -8.404084
v -1.098179 5.479908 -9.025911
v -0.882513 5.329034 -8.823866
v -0.500617 5.329034 -9.097534
v -0.622604 5.479908 -9.366711
v -0.077190 5.479908 -9.500069
v -0.062638 5.329034 -9.204623
v 0.488225 5.479908 -9.420807
v 0.391399 5.329034 -9.140974
v 0.809642 5.329034 -8.892392
v 1.009064 5.479908 -9.111248
v 1.095888 5.329034 -8.499265
v 1.365528 5.479908 -8.621686
v -1.051923 4.808578 -8.206976
v -1.364419 5.101422 -8.269136
v 0.592906 4.808578 -8.888287
v 0.769922 5.101422 -9.153210
v 1.048145 4.808578 -7.789246
v 1.360643 5.101422 -7.727086
v 0.592907 4.808578 -7.107935
v 0.769922 5.101422 -6.843012
v 0.888286 4.808578 -7.403314
v 1.153208 5.101422 -7.226298
v 0.206975 4.808578 -6.948077
v 0.269134 5.101422 -6.635579
v 0.888286 4.808578 -8.592908
v 1.153210 5.101422 -8.769922
v -0.210753 4.808578 -9.048145
v -0.272915 5.101422 -9.360641
v -0.892064 4.808578 -8.592907
v -1.156987 5.101422 -8.769922
v -1.051924 4.808578 -7.789248
v -1.364421 5.101422 -7.727089
v 1.360643 5.101422 -8.269135
v 1.048145 4.808578 -8.206976
v -0.892066 4.808578 -7.403316
v -1.156987 5.101422 -7.226300
v 0.961565 5.101422 -7.034655
v 1.256925 5.101422 -7.476691
v -0.210754 4.808578 -6.948077
v -0.272914 5.101422 -6.635579
v -1.260704 5.101422 -7.476695
v -1.364420 5.101422 -7.998113
v 0.519529 5.101422 -6.739296
v 1.256926 5.101422 -8.519529
v 1.360643 5.101422 -7.998110
v -0.773700 5.101422 -9.153210
v -0.596686 4.808578 -8.888287
v -0.971995 4.808578 -7.596282
v -1.051924 4.808578 -7.998112
v -1.260703 5.101422 -8.519529
v -0.001889 5.101422 -9.360641
v 0.269136 5.101422 -9.360641
v 0.206977 4.808578 -9.048145
v -0.523308 5.101422 -9.256925
v -0.596688 4.808578 -7.107936
v -0.773703 5.101422 -6.843013
v 0.968215 4.808578 -8.399941
v -0.744375 4.808578 -8.740597
v -0.965344 5.101422 -8.961566
v 1.048145 4.808578 -7.998111
v 0.968216 4.808578 -7.596280
v 0.740596 4.808578 -7.255625
v 0.399941 4.808578 -7.028006
v -0.001890 5.101422 -6.635579
v -0.001890 4.808578 -6.948077
v -0.523308 5.101422 -6.739296
v -0.403721 4.808578 -7.028006
v -0.744377 4.808578 -7.255626
v -0.965344 5.101422 -7.034656
v -0.971993 4.808578 -8.399941
v -0.403720 4.808578 -8.968216
v -0.001888 4.808578 -9.048145
v 0.519528 5.101422 -9.256926
v 0.399941 4.808578 -8.968216
v 0.740596 4.808578 -8.740597
v 0.961566 5.101422 -8.961566
v -0.332631 5.946164 -6.479026
v -0.279252 5.946164 -9.528131
v 1.528133 5.946164 -8.274143
v -0.890703 5.946164 -6.723147
v 0.877865 5.946164 -9.282133
v 1.303875 5.946164 -8.843856
v -1.315100 5.946164 -7.170344
v -1.517741 5.946165 -8.336657
v 1.277395 5.946164 -7.113617
v 0.850380 5.946164 -6.695049
v -1.531910 5.946165 -7.726510
v -1.280466 5.946164 -8.883309
v 1.518398 5.946164 -7.670267
v 0.282794 5.946164 -6.468089
v 0.328581 5.946164 -9.517308
v -0.836271 5.946164 -9.308580
v 1.543394 5.946164 -8.034167
v 1.435941 5.946164 -7.431315
v 1.103479 5.946164 -6.918119
v 0.607861 5.946164 -6.578075
v 0.023353 5.946164 -6.452826
v -0.568181 5.946164 -6.560074
v -1.077797 5.946164 -6.888658
v -1.419464 5.946164 -7.382422
v -1.547173 5.946165 -7.967911
v -1.443985 5.946164 -8.554601
v -1.111691 5.946164 -9.073669
v -0.616214 5.946164 -9.416252
v -0.039539 5.946164 -9.543393
v 0.547135 5.946164 -9.443300
v 1.065245 5.946164 -9.116338
v 1.415661 5.946164 -8.613865
v -0.354891 6.071155 -6.327565
v -0.316176 6.071155 -9.676551
v 1.676584 6.071154 -8.311428
v -0.968695 6.071155 -6.591210
v 0.958371 6.071155 -9.411544
v 1.427344 6.071155 -8.933675
v -1.436498 6.071155 -7.075549
v -1.670059 6.071155 -8.356767
v 1.408140 6.071155 -7.034407
v 0.938437 6.071155 -6.570831
v -1.680335 6.071155 -7.687971
v -1.411379 6.071155 -8.962288
v 1.669524 6.071154 -7.647179
v 0.317734 6.071155 -6.319633
v 0.350941 6.071155 -9.668701
v -0.929218 6.071155 -9.430725
v 1.698796 6.071154 -8.024241
v 1.576719 6.071154 -7.365084
v 1.209882 6.071155 -6.804738
v 0.662284 6.071155 -6.432402
v 0.016430 6.071155 -6.297420
v -0.634519 6.071155 -6.419347
v -1.192270 6.071155 -6.783372
v -1.565781 6.071155 -7.329626
v -1.702548 6.071155 -7.976190
v -1.583565 6.071155 -8.623626
v -1.216850 6.071155 -9.188231
v -0.669355 6.071155 -9.562408
v -0.029181 6.071155 -9.698764
v 0.618243 6.071155 -9.582025
v 1.182154 6.071155 -9.219176
v 1.562012 6.071154 -8.666606
v 1.319399 -0.046237 -7.297137
v 1.319399 1.605183 -7.297137
v 1.190439 -0.046237 -7.297137
v 1.190439 1.605183 -7.297137
v 1.319399 -0.046237 -7.380322
v 1.319399 1.605183 -7.380322
v 1.190439 -0.046237 -7.380322
v 1.190439 1.605183 -7.380322
v 1.319399 -0.046237 -7.475154
v 1.319399 1.605183 -7.475154
v 1.190439 -0.046237 -7.475154
v 1.190439 1.605183 -7.475154
v 1.319399 -0.046237 -7.558339
v 1.319399 1.605183 -7.558339
v 1.190439 -0.046237 -7.558339
v 1.190439 1.605183 -7.558339
v 1.319399 -0.046237 -7.653171
v 1.319399 1.605183 -7.653171
v 1.190439 -0.046237 -7.653171
v 1.190439 1.605183 -7.653171
v 1.319399 -0.046237 -7.736356
v 1.319399 1.605183 -7.736356
v 1.190439 -0.046237 -7.736356
v 1.190439 1.605183 -7.736356
v 1.319399 -0.046237 -7.831188
v 1.319399 1.605183 -7.831188
v 1.190439 -0.046237 -7.831188
v 1.190439 1.605183 -7.831188
v 1.319399 -0.046237 -7.914373
v 1.319399 1.605183 -7.914373
v 1.190439 -0.046237 -7.914373
v 1.190439 1.605183 -7.914373
v 1.319399 -0.046237 -8.009205
v 1.319399 1.605183 -8.009205
v 1.190439 -0.046237 -8.009205
v 1.190439 1.605183 -8.009205
v 1.319399 -0.046237 -8.092390
v 1.319399 1.605183 -8.092390
v 1.190439 -0.046237 -8.092390
v 1.190439 1.605183 -8.092390
v 1.319399 -0.046237 -8.187222
v 1.319399 1.605183 -8.187222
v 1.190439 -0.046237 -8.187222
v 1.190439 1.605183 -8.187222
v 1.319399 -0.046237 -8.270407
v 1.319399 1.605183 -8.270407
v 1.190439 -0.046237 -8.270407
v 1.190439 1.605183 -8.270407
v 1.319399 -0.046237 -8.365238
v 1.319399 1.605183 -8.365238
v 1.190439 -0.046237 -8.365238
v 1.190439 1.605183 -8.365238
v 1.319399 -0.046237 -8.448424
v 1.319399 1.605183 -8.448424
v 1.190439 -0.046237 -8.448424
v 1.190439 1.605183 -8.448424
v 1.319399 -0.046237 -8.543256
v 1.319399 1.605183 -8.543256
v 1.190439 -0.046237 -8.543256
v 1.190439 1.605183 -8.543256
v 1.319399 -0.046237 -8.626441
v 1.319399 1.605183 -8.626441
v 1.190439 -0.046237 -8.626441
v 1.190439 1.605183 -8.626441
v 1.512753 2.003024 -7.958147
v 1.512753 1.714430 -7.958147
v 1.512753 1.695986 -8.059056
v 0.502287 1.661095 -7.958147
v 0.502287 1.642653 -8.059056
v 1.512753 1.936572 -8.234385
v 1.512753 1.584283 -8.288089
v 0.502287 1.530949 -8.288089
v 1.512752 -0.046237 -8.750679
v 0.502287 -0.046238 -8.750679
v 1.512753 1.723035 -8.526185
v 1.512753 1.371811 -8.486350
v 0.502287 1.318477 -8.486350
v 1.512753 1.467737 -8.739329
v 1.512753 1.147065 -8.625201
v 1.512753 1.130160 -8.904267
v 1.512753 0.791130 -8.741855
v 0.502287 0.737797 -8.741855
v 1.512753 0.841244 -8.991265
v 1.512752 -0.046237 -9.003761
v 0.502287 1.094153 -8.625201
v 1.512753 1.695986 -7.857237
v 0.502287 1.642653 -7.857237
v 1.512753 1.936572 -7.681909
v 1.512753 1.584283 -7.628205
v 0.502287 1.530949 -7.628205
v 1.512752 -0.046237 -7.165615
v 0.502287 -0.046238 -7.165615
v 1.512753 1.723035 -7.390109
v 1.512753 1.371811 -7.429944
v 0.502287 1.318477 -7.429944
v 1.512753 1.467737 -7.176965
v 1.512753 1.147065 -7.291093
v 1.512753 1.130160 -7.012027
v 1.512753 0.791130 -7.174439
v 0.502287 0.737797 -7.174439
v 1.512753 0.841244 -6.925028
v 1.512752 -0.046237 -6.912533
v 0.502287 1.094153 -7.291093
v 0.502287 2.005715 -7.958147
v 0.502287 1.741343 -8.526185
v 0.502287 0.841245 -8.991265
v 0.502287 1.939563 -8.234385
v 0.502287 1.472948 -8.739328
v 0.502287 -0.046237 -9.003761
v 0.502287 1.130160 -8.904266
v 0.502287 1.741343 -7.390109
v 0.502287 0.841245 -6.925028
v 0.502287 1.939563 -7.681909
v 0.502287 1.472948 -7.176965
v 0.502287 -0.046237 -6.912533
v 0.502287 1.130160 -7.012027
v 1.365937 1.608515 -7.958147
v 1.365937 1.591181 -8.051292
v 0.648601 1.558389 -7.958147
v 0.648601 1.541056 -8.051292
v 1.365937 1.486197 -8.262702
v 0.648601 1.436072 -8.262702
v 1.365937 -0.046237 -8.689700
v 0.648601 -0.046238 -8.689700
v 1.365937 1.286507 -8.445708
v 0.648601 1.236381 -8.445709
v 1.365937 1.075281 -8.573876
v 1.365937 0.740757 -8.681554
v 0.648601 0.690632 -8.681554
v 0.648601 1.025552 -8.573876
v 1.365937 1.591181 -7.865001
v 0.648601 1.541056 -7.865001
v 1.365937 1.486197 -7.653592
v 0.648601 1.436072 -7.653592
v 1.365937 -0.046237 -7.226594
v 0.648601 -0.046238 -7.226594
v 1.365937 1.286507 -7.470585
v 0.648601 1.236381 -7.470585
v 1.365937 1.075281 -7.342418
v 1.365937 0.740757 -7.234740
v 0.648601 0.690632 -7.234740
v 0.648601 1.025552 -7.342418
v 0.566612 -0.046237 -8.856809
v 0.566612 0.609409 -8.846802
v 1.365937 1.586707 -8.332272
v 0.566612 1.525131 -8.332272
v 1.365937 0.670985 -8.846802
v 1.365937 1.081924 -8.714527
v 0.566612 1.020835 -8.714527
v 1.365937 1.715672 -7.843723
v 1.365937 1.586707 -7.584021
v 1.365937 1.736966 -7.958146
v 1.365937 1.715672 -8.072569
v 0.566612 1.675389 -7.958146
v 0.566612 1.654096 -8.072569
v 1.365937 1.341401 -8.557082
v 0.566612 1.279825 -8.557082
v 0.566612 1.654096 -7.843723
v 0.566612 1.525131 -7.584021
v 1.365937 -0.046237 -8.856809
v 0.566612 0.609409 -7.069490
v 0.566612 -0.046237 -7.059484
v 1.365937 0.670985 -7.069490
v 1.365937 1.081924 -7.201765
v 0.566612 1.020835 -7.201765
v 0.566612 1.279825 -7.359210
v 1.365937 1.341401 -7.359210
v 1.365937 -0.046237 -7.059484
v 0.648601 0.015011 -7.226980
v 1.365937 0.015011 -7.227079
v 0.648601 0.015011 -8.689323
v 1.365937 0.015011 -8.689281
v 1.268946 -0.046237 -7.118715
v 1.268946 -0.046237 -8.797575
v 1.268946 1.351044 -7.118715
v 1.268946 1.351044 -8.797575
v 1.268946 -0.046237 -7.958145
v 1.268946 1.728398 -7.958145
vt 0.032299 0.969784
vt 0.032299 0.969784
vt 0.032299 0.969784
vt 0.032299 0.969784
vt 0.032299 0.969784
vt 0.032299 0.969784
vt 0.032299 0.969784
vt 0.032299 0.969784
vt 0.032299 0.969784
vt 0.032299 0.969784
vt 0.032299 0.969784
vt 0.032299 0.969784
vt 0.032299 0.969784
vt 0.032299 0.969784
vt 0.032299 0.969784
vt 0.032299 0.969784
vt 0.032299 0.969784
vt 0.032299 0.969784
vt 0.032299 0.969784
vt 0.032299 0.969784
vt 0.032299 0.969784
vt 0.032299 0.969784
vt 0.032299 0.969784
vt 0.032299 0.969784
vt 0.032299 0.969784
vt 0.032299 0.969784
vt 0.032299 0.969784
vt 0.032299 0.969784
vt 0.032299 0.969784
vt 0.032299 0.969784
vt 0.032299 0.969784
vt 0.032299 0.969784
vt 0.032299 0.969784
vt 0.032299 0.969784
vt 0.032299 0.969784
vt 0.032299 0.969784
vt 0.032299 0.969784
vt 0.032299 0.969784
vt 0.032299 0.969784
vt 0.032299 0.969784
vt 0.032299 0.969784
vt 0.032299 0.969784
vt 0.032299 0.969784
vt 0.032299 0.969784
vt 0.032299 0.969784
vt 0.032299 0.969784
vt 0.032299 0.969784
vt 0.032299 0.969784
vt 0.032299 0.969784
vt 0.032299 0.969784
vt 0.032299 0.969784
vt 0.032299 0.969784
vt 0.032299 0.969784
vt 0.032299 0.969784
vt 0.032299 0.969784
vt 0.032299 0.969784
vt 0.032299 0.969784
vt 0.032299 0.969784
vt 0.032299 0.969784
vt 0.032299 0.969784
vt 0.032299 0.969784
vt 0.032299 0.969784
vt 0.032299 0.969784
vt 0.032299 0.969784
vt 0.032299 0.969784
vt 0.032299 0.969784
vt 0.032299 0.969784
vt 0.032299 0.969784
vt 0.032299 0.969784
vt 0.032299 0.969784
vt 0.032299 0.969784
vt 0.032299 0.969784
vt 0.032299 0.969784
vt 0.032299 0.969784
vt 0.032299 0.969784
vt 0.032299 0.969784
vt 0.032299 0.969784
vt 0.032299 0.969784
vt 0.032299 0.969784
vt 0.032299 0.969784
vt 0.032299 0.969784
vt 0.032299 0.969784
vt 0.032299 0.969784
vt 0.032299 0.969784
vt 0.032299 0.969784
vt 0.032299 0.969784
vt 0.032299 0.969784
vt 0.032299 0.969784
vt 0.032299 0.969784
vt 0.032299 0.969784
vt 0.032299 0.969784
vt 0.032299 0.969784
vt 0.032299 0.969784
vt 0.032299 0.969784
vt 0.032299 0.969784
vt 0.032299 0.969784
vt 0.032299 0.969784
vt 0.032299 0.969784
vt 0.032299 0.969784
vt 0.032299 0.969784
vt 0.032299 0.969784
vt 0.032299 0.969784
vt 0.032299 0.969784
vt 0.032299 0.969784
vt 0.032299 0.969784
vt 0.032299 0.969784
vt 0.032299 0.969784
vt 0.032299 0.969784
vt 0.032299 0.969784
vt 0.032299 0.969784
vt 0.032299 0.969784
vt 0.032299 0.969784
vt 0.032299 0.969784
vt 0.032299 0.969784
vt 0.032299 0.969784
vt 0.032299 0.969784
vt 0.157137 0.970718
vt 0.157137 0.970718
vt 0.157137 0.970718
vt 0.157137 0.970718
vt 0.157137 0.970718
vt 0.157137 0.970718
vt 0.157137 0.970718
vt 0.157137 0.970718
vt 0.157137 0.970718
vt 0.157137 0.970718
vt 0.157137 0.970718
vt 0.157137 0.970718
vt 0.157137 0.970718
vt 0.157137 0.970718
vt 0.157137 0.970718
vt 0.157137 0.970718
vt 0.157137 0.970718
vt 0.157137 0.970718
vt 0.157137 0.970718
vt 0.157137 0.970718
vt 0.157137 0.970718
vt 0.157137 0.970718
vt 0.032299 0.969784
vt 0.032299 0.969784
vt 0.157137 0.970718
vt 0.157137 0.970718
vt 0.157137 0.970718
vt 0.157137 0.970718
vt 0.157137 0.970718
vt 0.157137 0.970718
vt 0.032299 0.969784
vt 0.032299 0.969784
vt 0.032299 0.969784
vt 0.032299 0.969784
vt 0.157137 0.970718
vt 0.157137 0.970718
vt 0.157137 0.970718
vt 0.157137 0.970718
vt 0.157137 0.970718
vt 0.157137 0.970718
vt 0.157137 0.970718
vt 0.157137 0.970718
vt 0.157137 0.970718
vt 0.157137 0.970718
vt 0.157137 0.970718
vt 0.157137 0.970718
vt 0.157137 0.970718
vt 0.157137 0.970718
vt 0.157137 0.970718
vt 0.157137 0.970718
vt 0.157137 0.970718
vt 0.157137 0.970718
vt 0.157137 0.970718
vt 0.157137 0.970718
vt 0.157137 0.970718
vt 0.157137 0.970718
vt 0.157137 0.970718
vt 0.157137 0.970718
vt 0.157137 0.970718
vt 0.157137 0.970718
vt 0.157137 0.970718
vt 0.157137 0.970718
vt 0.157137 0.970718
vt 0.157137 0.970718
vt 0.157137 0.970718
vt 0.157137 0.970718
vt 0.157137 0.970718
vt 0.157137 0.970718
vt 0.157137 0.970718
vt 0.157137 0.970718
vt 0.157137 0.970718
vt 0.157137 0.970718
vt 0.157137 0.970718
vt 0.157137 0.970718
vt 0.157137 0.970718
vt 0.157137 0.970718
vt 0.157137 0.970718
vt 0.157137 0.970718
vt 0.157137 0.970718
vt 0.157137 0.970718
vt 0.157137 0.970718
vt 0.157137 0.970718
vt 0.157137 0.970718
vt 0.157137 0.970718
vt 0.157137 0.970718
vt 0.157137 0.970718
vt 0.157137 0.970718
vt 0.157137 0.970718
vt 0.157137 0.970718
vt 0.157137 0.970718
vt 0.032299 0.969784
vt 0.032299 0.969784
vt 0.032299 0.969784
vt 0.032299 0.969784
vt 0.032299 0.969784
vt 0.032299 0.969784
vt 0.032299 0.969784
vt 0.032299 0.969784
vt 0.032299 0.969784
vt 0.032299 0.969784
vt 0.157137 0.970718
vt 0.157137 0.970718
vt 0.157137 0.970718
vt 0.157137 0.970718
vt 0.032299 0.969784
vt 0.032299 0.969784
vt 0.032299 0.969784
vt 0.032299 0.969784
vt 0.032299 0.969784
vt 0.032299 0.969784
vt 0.032299 0.969784
vt 0.032299 0.969784
vt 0.032299 0.969784
vt 0.032299 0.969784
vt 0.032299 0.969784
vt 0.032299 0.969784
vt 0.032299 0.969784
vt 0.032299 0.969784
vt 0.032299 0.969784
vt 0.032299 0.969784
vt 0.032299 0.969784
vt 0.032299 0.969784
vt 0.032299 0.969784
vt 0.032299 0.969784
vt 0.032299 0.969784
vt 0.032299 0.969784
vt 0.032299 0.969784
vt 0.032299 0.969784
vt 0.032299 0.969784
vt 0.032299 0.969784
vt 0.032299 0.969784
vt 0.032299 0.969784
vt 0.032299 0.969784
vt 0.032299 0.969784
vt 0.032299 0.969784
vt 0.032299 0.969784
vt 0.032299 0.969784
vt 0.032299 0.969784
vt 0.032299 0.969784
vt 0.032299 0.969784
vt 0.032299 0.969784
vt 0.032299 0.969784
vt 0.032299 0.969784
vt 0.032299 0.969784
vt 0.032299 0.969784
vt 0.032299 0.969784
vt 0.032299 0.969784
vt 0.032299 0.969784
vt 0.032299 0.969784
vt 0.032299 0.969784
vt 0.032299 0.969784
vt 0.032299 0.969784
vt 0.032299 0.969784
vt 0.032299 0.969784
vt 0.032299 0.969784
vt 0.032299 0.969784
vt 0.032299 0.969784
vt 0.032299 0.969784
vt 0.032299 0.969784
vt 0.032299 0.969784
vt 0.032299 0.969784
vt 0.032299 0.969784
vt 0.032299 0.969784
vt 0.032299 0.969784
vt 0.032299 0.969784
vt 0.032299 0.969784
vt 0.032299 0.969784
vt 0.032299 0.969784
vt 0.032299 0.969784
vt 0.032299 0.969784
vt 0.032299 0.969784
vt 0.032299 0.969784
vt 0.032299 0.969784
vt 0.032299 0.969784
vt 0.032299 0.969784
vt 0.032299 0.969784
vt 0.032299 0.969784
vt 0.032299 0.969784
vt 0.032299 0.969784
vt 0.032299 0.969784
vt 0.032299 0.969784
vt 0.032299 0.969784
vt 0.032299 0.969784
vt 0.032299 0.969784
vt 0.032299 0.969784
vt 0.032299 0.969784
vt 0.032299 0.969784
vt 0.032299 0.969784
vt 0.032299 0.969784
vt 0.032299 0.969784
vt 0.032299 0.969784
vt 0.032299 0.969784
vt 0.032299 0.969784
vt 0.032299 0.969784
vt 0.032299 0.969784
vt 0.032299 0.969784
vt 0.032299 0.969784
vt 0.032299 0.969784
vt 0.032299 0.969784
vt 0.157137 0.970718
vt 0.157137 0.970718
vt 0.157137 0.970718
vt 0.157137 0.970718
vt 0.157137 0.970718
vt 0.157137 0.970718
vt 0.157137 0.970718
vt 0.157137 0.970718
vt 0.157137 0.970718
vt 0.157137 0.970718
vt 0.157137 0.970718
vt 0.157137 0.970718
vt 0.157137 0.970718
vt 0.157137 0.970718
vt 0.157137 0.970718
vt 0.157137 0.970718
vt 0.157137 0.970718
vt 0.157137 0.970718
vt 0.157137 0.970718
vt 0.157137 0.970718
vt 0.157137 0.970718
vt 0.157137 0.970718
vt 0.157137 0.970718
vt 0.157137 0.970718
vt 0.157137 0.970718
vt 0.157137 0.970718
vt 0.157137 0.970718
vt 0.157137 0.970718
vt 0.157137 0.970718
vt 0.157137 0.970718
vt 0.157137 0.970718
vt 0.157137 0.970718
vt 0.157137 0.970718
vt 0.157137 0.970718
vt 0.157137 0.970718
vt 0.157137 0.970718
vt 0.157137 0.970718
vt 0.157137 0.970718
vt 0.157137 0.970718
vt 0.157137 0.970718
vt 0.157137 0.970718
vt 0.157137 0.970718
vt 0.157137 0.970718
vt 0.157137 0.970718
vt 0.157137 0.970718
vt 0.157137 0.970718
vt 0.157137 0.970718
vt 0.157137 0.970718
vt 0.157137 0.970718
vt 0.157137 0.970718
vt 0.157137 0.970718
vt 0.157137 0.970718
vt 0.157137 0.970718
vt 0.157137 0.970718
vt 0.157137 0.970718
vt 0.157137 0.970718
vt 0.157137 0.970718
vt 0.157137 0.970718
vt 0.157137 0.970718
vt 0.157137 0.970718
vt 0.032299 0.969784
vt 0.032299 0.969784
vt 0.032299 0.969784
vt 0.032299 0.969784
vt 0.032299 0.969784
vt 0.032299 0.969784
vt 0.032299 0.969784
vt 0.032299 0.969784
vt 0.032299 0.969784
vt 0.032299 0.969784
vt 0.032299 0.969784
vt 0.032299 0.969784
vt 0.032299 0.969784
vt 0.032299 0.969784
vt 0.032299 0.969784
vt 0.032299 0.969784
vt 0.032299 0.969784
vt 0.032299 0.969784
vt 0.032299 0.969784
vt 0.032299 0.969784
vt 0.032299 0.969784
vt 0.032299 0.969784
vt 0.032299 0.969784
vt 0.032299 0.969784
vt 0.032299 0.969784
vt 0.032299 0.969784
vt 0.032299 0.969784
vt 0.032299 0.969784
vt 0.032299 0.969784
vt 0.032299 0.969784
vt 0.032299 0.969784
vt 0.032299 0.969784
vt 0.032299 0.969784
vt 0.032299 0.969784
vt 0.032299 0.969784
vt 0.032299 0.969784
vt 0.032299 0.969784
vt 0.032299 0.969784
vt 0.032299 0.969784
vt 0.032299 0.969784
vt 0.032299 0.969784
vt 0.032299 0.969784
vt 0.032299 0.969784
vt 0.032299 0.969784
vt 0.032299 0.969784
vt 0.032299 0.969784
vt 0.032299 0.969784
vt 0.032299 0.969784
vt 0.032299 0.969784
vt 0.032299 0.969784
vt 0.032299 0.969784
vt 0.032299 0.969784
vt 0.032299 0.969784
vt 0.032299 0.969784
vt 0.032299 0.969784
vt 0.032299 0.969784
vt 0.032299 0.969784
vt 0.032299 0.969784
vt 0.032299 0.969784
vt 0.032299 0.969784
vt 0.032299 0.969784
vt 0.032299 0.969784
vt 0.032299 0.969784
vt 0.032299 0.969784
vt 0.032299 0.969784
vt 0.032299 0.969784
vt 0.032299 0.969784
vt 0.032299 0.969784
vt 0.032299 0.969784
vt 0.032299 0.969784
vt 0.032299 0.969784
vt 0.032299 0.969784
vt 0.032299 0.969784
vt 0.032299 0.969784
vt 0.032299 0.969784
vt 0.032299 0.969784
vt 0.032299 0.969784
vt 0.032299 0.969784
vt 0.032299 0.969784
vt 0.032299 0.969784
vt 0.032299 0.969784
vt 0.032299 0.969784
vt 0.032299 0.969784
vt 0.032299 0.969784
vt 0.032299 0.969784
vt 0.032299 0.969784
vt 0.032299 0.969784
vt 0.032299 0.969784
vt 0.032299 0.969784
vt 0.032299 0.969784
vt 0.032299 0.969784
vt 0.032299 0.969784
vt 0.032299 0.969784
vt 0.032299 0.969784
vt 0.032299 0.969784
vt 0.032299 0.969784
vt 0.032299 0.969784
vt 0.032299 0.969784
vt 0.032299 0.969784
vt 0.032299 0.969784
vt 0.032299 0.969784
vt 0.032299 0.969784
vt 0.032299 0.969784
vt 0.032299 0.969784
vt 0.032299 0.969784
vt 0.032299 0.969784
vt 0.032299 0.969784
vt 0.032299 0.969784
vt 0.032299 0.969784
vt 0.032299 0.969784
vt 0.032299 0.969784
vt 0.032299 0.969784
vt 0.032299 0.969784
vt 0.032299 0.969784
vt 0.032299 0.969784
vt 0.032299 0.969784
vt 0.032299 0.969784
vt 0.032299 0.969784
vt 0.032299 0.969784
vt 0.032299 0.969784
vt 0.032299 0.969784
vt 0.032299 0.969784
vt 0.032299 0.969784
vt 0.032299 0.969784
vt 0.032299 0.969784
vt 0.032299 0.969784
vt 0.032299 0.969784
vt 0.032299 0.969784
vt 0.032299 0.969784
vt 0.032299 0.969784
vt 0.032299 0.969784
vt 0.032299 0.969784
vt 0.032299 0.969784
vt 0.032299 0.969784
vt 0.032299 0.969784
vt 0.032299 0.969784
vt 0.032299 0.969784
vt 0.032299 0.969784
vt 0.032299 0.969784
vt 0.470947 0.970794
vt 0.470947 0.970794
vt 0.470947 0.970794
vt 0.470947 0.970794
vt 0.470947 0.970794
vt 0.470947 0.970794
vt 0.470947 0.970794
vt 0.470947 0.970794
vt 0.470947 0.970794
vt 0.470947 0.970794
vt 0.470947 0.970794
vt 0.470947 0.970794
vt 0.470947 0.970794
vt 0.470947 0.970794
vt 0.470947 0.970794
vt 0.470947 0.970794
vt 0.470947 0.970794
vt 0.470947 0.970794
vt 0.470947 0.970794
vt 0.470947 0.970794
vt 0.470947 0.970794
vt 0.470947 0.970794
vt 0.470947 0.970794
vt 0.470947 0.970794
vt 0.470947 0.970794
vt 0.470947 0.970794
vt 0.470947 0.970794
vt 0.470947 0.970794
vt 0.470947 0.970794
vt 0.470947 0.970794
vt 0.470947 0.970794
vt 0.470947 0.970794
vt 0.470947 0.970794
vt 0.219141 0.969290
vt 0.219141 0.969290
vt 0.219141 0.969290
vt 0.219141 0.969290
vt 0.219141 0.969290
vt 0.219141 0.969290
vt 0.219141 0.969290
vt 0.219141 0.969290
vt 0.219141 0.969290
vt 0.219141 0.969290
vt 0.219141 0.969290
vt 0.219141 0.969290
vt 0.219141 0.969290
vt 0.219141 0.969290
vt 0.219141 0.969290
vt 0.219141 0.969290
vt 0.219141 0.969290
vt 0.219141 0.969290
vt 0.219141 0.969290
vt 0.219141 0.969290
vt 0.219141 0.969290
vt 0.219141 0.969290
vt 0.219141 0.969290
vt 0.219141 0.969290
vt 0.219141 0.969290
vt 0.219141 0.969290
vt 0.219141 0.969290
vt 0.219141 0.969290
vt 0.219141 0.969290
vt 0.219141 0.969290
vt 0.219141 0.969290
vt 0.219141 0.969290
vt 0.032299 0.969784
vt 0.032299 0.969784
vt 0.032299 0.969784
vt 0.032299 0.969784
vt 0.032299 0.969784
vt 0.032299 0.969784
vt 0.032299 0.969784
vt 0.157137 0.970718
vt 0.157137 0.970718
vt 0.157137 0.970718
vt 0.157137 0.970718
vt 0.157137 0.970718
vt 0.157137 0.970718
vt 0.157137 0.970718
vt 0.157137 0.970718
vt 0.032299 0.969784
vt 0.032299 0.969784
vt 0.032299 0.969784
vt 0.032299 0.969784
vt 0.032299 0.969784
vt 0.032299 0.969784
vt 0.032299 0.969784
vt 0.032299 0.969784
vt 0.032299 0.969784
vt 0.032299 0.969784
vt 0.157137 0.970718
vt 0.157137 0.970718
vt 0.157137 0.970718
vt 0.157137 0.970718
vt 0.157137 0.970718
vt 0.157137 0.970718
vt 0.157137 0.970718
vt 0.032299 0.969784
vt 0.032299 0.969784
vt 0.032299 0.969784
vt 0.032299 0.969784
vt 0.157137 0.970718
vt 0.157137 0.970718
vt 0.157137 0.970718
vt 0.157137 0.970718
vt 0.032299 0.969784
vt 0.032299 0.969784
vt 0.032299 0.969784
vt 0.032299 0.969784
vt 0.157137 0.970718
vt 0.157137 0.970718
vt 0.157137 0.970718
vt 0.032299 0.969784
vt 0.032299 0.969784
vt 0.032299 0.969784
vt 0.032299 0.969784
vt 0.032299 0.969784
vt 0.032299 0.969784
vt 0.032299 0.969784
vt 0.032299 0.969784
vt 0.157137 0.970718
vt 0.032299 0.969784
vt 0.032299 0.969784
vt 0.032299 0.969784
vt 0.032299 0.969784
vt 0.157137 0.970718
vt 0.157137 0.970718
vt 0.157137 0.970718
vt 0.157137 0.970718
vt 0.032299 0.969784
vt 0.032299 0.969784
vt 0.157137 0.970718
vt 0.157137 0.970718
vt 0.032299 0.969784
vt 0.032299 0.969784
vt 0.032299 0.969784
vt 0.032299 0.969784
vt 0.032299 0.969784
vt 0.032299 0.969784
vt 0.032299 0.969784
vt 0.157137 0.970718
vt 0.157137 0.970718
vt 0.157137 0.970718
vt 0.157137 0.970718
vt 0.157137 0.970718
vt 0.032299 0.969784
vt 0.032299 0.969784
vt 0.032299 0.969784
vt 0.032299 0.969784
vt 0.032299 0.969784
vt 0.032299 0.969784
vt 0.032299 0.969784
vt 0.032299 0.969784
vt 0.032299 0.969784
vt 0.032299 0.969784
vt 0.032299 0.969784
vt 0.032299 0.969784
vt 0.032299 0.969784
vt 0.032299 0.969784
vt 0.157137 0.970718
vt 0.157137 0.970718
vt 0.157137 0.970718
vt 0.157137 0.970718
vt 0.157137 0.970718
vt 0.157137 0.970718
vt 0.032299 0.969784
vt 0.032299 0.969784
vt 0.032299 0.969784
vt 0.157137 0.970718
vt 0.157137 0.970718
vt 0.157137 0.970718
vt 0.032299 0.969784
vt 0.032299 0.969784
vt 0.032299 0.969784
vt 0.032299 0.969784
vt 0.157137 0.970718
vt 0.157137 0.970718
vt 0.157137 0.970718
vt 0.157137 0.970718
vt 0.032299 0.969784
vt 0.032299 0.969784
vt 0.157137 0.970718
vt 0.157137 0.970718
vt 0.032299 0.969784
vt 0.032299 0.969784
vt 0.032299 0.969784
vt 0.032299 0.969784
vt 0.032299 0.969784
vt 0.032299 0.969784
vt 0.032299 0.969784
vt 0.032299 0.969784
vt 0.157137 0.970718
vt 0.032299 0.969784
vt 0.032299 0.969784
vt 0.032299 0.969784
vt 0.032299 0.969784
vt 0.032299 0.969784
vt 0.157137 0.970718
vt 0.157137 0.970718
vt 0.157137 0.970718
vt 0.157137 0.970718
vt 0.032299 0.969784
vt 0.032299 0.969784
vt 0.032299 0.969784
vt 0.032299 0.969784
vt 0.157137 0.970718
vt 0.032299 0.969784
vt 0.032299 0.969784
vt 0.032299 0.969784
vt 0.157137 0.970718
vt 0.157137 0.970718
vt 0.032299 0.969784
vt 0.032299 0.969784
vt 0.032299 0.969784
vt 0.032299 0.969784
vt 0.032299 0.969784
vt 0.157137 0.970718
vt 0.157137 0.970718
vt 0.157137 0.970718
vt 0.157137 0.970718
vt 0.157137 0.970718
vt 0.157137 0.970718
vt 0.157137 0.970718
vt 0.157137 0.970718
vt 0.157137 0.970718
vt 0.157137 0.970718
vt 0.157137 0.970718
vt 0.157137 0.970718
vt 0.157137 0.970718
vt 0.157137 0.970718
vt 0.157137 0.970718
vt 0.157137 0.970718
vt 0.157137 0.970718
vt 0.157137 0.970718
vt 0.157137 0.970718
vt 0.157137 0.970718
vt 0.157137 0.970718
vt 0.157137 0.970718
vt 0.157137 0.970718
vt 0.157137 0.970718
vt 0.157137 0.970718
vt 0.157137 0.970718
vt 0.157137 0.970718
vt 0.157137 0.970718
vt 0.157137 0.970718
vt 0.157137 0.970718
vt 0.157137 0.970718
vt 0.157137 0.970718
vt 0.157137 0.970718
vt 0.157137 0.970718
vt 0.157137 0.970718
vt 0.157137 0.970718
vt 0.157137 0.970718
vt 0.157137 0.970718
vt 0.157137 0.970718
vt 0.157137 0.970718
vt 0.157137 0.970718
vt 0.157137 0.970718
vt 0.157137 0.970718
vt 0.157137 0.970718
vt 0.157137 0.970718
vt 0.157137 0.970718
vt 0.157137 0.970718
vt 0.157137 0.970718
vt 0.157137 0.970718
vt 0.157137 0.970718
vt 0.157137 0.970718
vt 0.157137 0.970718
vt 0.157137 0.970718
vt 0.157137 0.970718
vt 0.157137 0.970718
vt 0.157137 0.970718
vt 0.157137 0.970718
vt 0.157137 0.970718
vt 0.157137 0.970718
vt 0.157137 0.970718
vt 0.157137 0.970718
vt 0.157137 0.970718
vt 0.157137 0.970718
vt 0.157137 0.970718
vt 0.157137 0.970718
vt 0.157137 0.970718
vt 0.157137 0.970718
vt 0.032299 0.969784
vt 0.032299 0.969784
vt 0.032299 0.969784
vt 0.157137 0.970718
vt 0.157137 0.970718
vt 0.157137 0.970718
vt 0.157137 0.970718
vt 0.157137 0.970718
vt 0.157137 0.970718
vt 0.032299 0.969784
vt 0.032299 0.969784
vt 0.032299 0.969784
vt 0.032299 0.969784
vt 0.157137 0.970718
vt 0.157137 0.970718
vt 0.157137 0.970718
vt 0.157137 0.970718
vt 0.032299 0.969784
vt 0.032299 0.969784
vt 0.032299 0.969784
vt 0.032299 0.969784
vt 0.032299 0.969784
vt 0.032299 0.969784
vt 0.032299 0.969784
vt 0.157137 0.970718
vt 0.157137 0.970718
vt 0.032299 0.969784
vt 0.032299 0.969784
vt 0.032299 0.969784
vt 0.032299 0.969784
vt 0.032299 0.969784
vt 0.032299 0.969784
vt 0.157137 0.970718
vt 0.157137 0.970718
vt 0.157137 0.970718
vt 0.157137 0.970718
vt 0.032299 0.969784
vt 0.032299 0.969784
vt 0.032299 0.969784
vt 0.157137 0.970718
vt 0.157137 0.970718
vt 0.157137 0.970718
vt 0.157137 0.970718
vt 0.157137 0.970718
vt 0.157137 0.970718
vt 0.157137 0.970718
vt 0.157137 0.970718
vt 0.157137 0.970718
vt 0.157137 0.970718
vt 0.157137 0.970718
vt 0.157137 0.970718
vt 0.157137 0.970718
vt 0.157137 0.970718
vt 0.157137 0.970718
vt 0.157137 0.970718
vt 0.157137 0.970718
vt 0.157137 0.970718
vt 0.157137 0.970718
vt 0.157137 0.970718
vt 0.157137 0.970718
vt 0.157137 0.970718
vt 0.157137 0.970718
vt 0.157137 0.970718
vt 0.157137 0.970718
vt 0.157137 0.970718
vt 0.157137 0.970718
vt 0.157137 0.970718
vt 0.157137 0.970718
vt 0.157137 0.970718
vt 0.157137 0.970718
vt 0.157137 0.970718
vt 0.157137 0.970718
vt 0.157137 0.970718
vt 0.157137 0.970718
vt 0.157137 0.970718
vt 0.032299 0.969784
vt 0.032299 0.969784
vt 0.032299 0.969784
vt 0.032299 0.969784
vt 0.032299 0.969784
vt 0.032299 0.969784
vt 0.032299 0.969784
vt 0.032299 0.969784
vt 0.032299 0.969784
vt 0.032299 0.969784
vt 0.032299 0.969784
vt 0.032299 0.969784
vt 0.032299 0.969784
vt 0.032299 0.969784
vt 0.032299 0.969784
vt 0.032299 0.969784
vt 0.032299 0.969784
vt 0.032299 0.969784
vt 0.032299 0.969784
vt 0.032299 0.969784
vt 0.032299 0.969784
vt 0.032299 0.969784
vt 0.032299 0.969784
vt 0.032299 0.969784
vt 0.032299 0.969784
vt 0.032299 0.969784
vt 0.032299 0.969784
vt 0.032299 0.969784
vt 0.032299 0.969784
vt 0.032299 0.969784
vt 0.032299 0.969784
vt 0.032299 0.969784
vt 0.032299 0.969784
vt 0.032299 0.969784
vt 0.032299 0.969784
vt 0.032299 0.969784
vt 0.032299 0.969784
vt 0.032299 0.969784
vt 0.032299 0.969784
vt 0.032299 0.969784
vt 0.032299 0.969784
vt 0.032299 0.969784
vt 0.032299 0.969784
vt 0.032299 0.969784
vt 0.032299 0.969784
vt 0.032299 0.969784
vt 0.032299 0.969784
vt 0.032299 0.969784
vt 0.032299 0.969784
vt 0.032299 0.969784
vt 0.032299 0.969784
vt 0.032299 0.969784
vt 0.032299 0.969784
vt 0.032299 0.969784
vt 0.032299 0.969784
vt 0.032299 0.969784
vt 0.032299 0.969784
vt 0.032299 0.969784
vt 0.032299 0.969784
vt 0.032299 0.969784
vt 0.157137 0.970718
vt 0.157137 0.970718
vt 0.157137 0.970718
vt 0.157137 0.970718
vt 0.157137 0.970718
vt 0.157137 0.970718
vt 0.157137 0.970718
vt 0.157137 0.970718
vt 0.157137 0.970718
vt 0.157137 0.970718
vt 0.157137 0.970718
vt 0.157137 0.970718
vt 0.157137 0.970718
vt 0.157137 0.970718
vt 0.157137 0.970718
vt 0.157137 0.970718
vt 0.157137 0.970718
vt 0.157137 0.970718
vt 0.157137 0.970718
vt 0.157137 0.970718
vt 0.157137 0.970718
vt 0.157137 0.970718
vt 0.157137 0.970718
vt 0.157137 0.970718
vt 0.157137 0.970718
vt 0.157137 0.970718
vt 0.157137 0.970718
vt 0.157137 0.970718
vt 0.157137 0.970718
vt 0.157137 0.970718
vt 0.157137 0.970718
vt 0.157137 0.970718
vt 0.032299 0.969784
vt 0.032299 0.969784
vt 0.032299 0.969784
vt 0.032299 0.969784
vt 0.032299 0.969784
vt 0.032299 0.969784
vt 0.032299 0.969784
vt 0.157137 0.970718
vt 0.157137 0.970718
vt 0.157137 0.970718
vt 0.157137 0.970718
vt 0.157137 0.970718
vt 0.157137 0.970718
vt 0.157137 0.970718
vt 0.157137 0.970718
vt 0.032299 0.969784
vt 0.032299 0.969784
vt 0.032299 0.969784
vt 0.032299 0.969784
vt 0.032299 0.969784
vt 0.032299 0.969784
vt 0.032299 0.969784
vt 0.032299 0.969784
vt 0.032299 0.969784
vt 0.032299 0.969784
vt 0.157137 0.970718
vt 0.157137 0.970718
vt 0.157137 0.970718
vt 0.157137 0.970718
vt 0.157137 0.970718
vt 0.157137 0.970718
vt 0.157137 0.970718
vt 0.032299 0.969784
vt 0.032299 0.969784
vt 0.032299 0.969784
vt 0.032299 0.969784
vt 0.157137 0.970718
vt 0.157137 0.970718
vt 0.157137 0.970718
vt 0.157137 0.970718
vt 0.032299 0.969784
vt 0.032299 0.969784
vt 0.032299 0.969784
vt 0.032299 0.969784
vt 0.157137 0.970718
vt 0.157137 0.970718
vt 0.157137 0.970718
vt 0.032299 0.969784
vt 0.032299 0.969784
vt 0.032299 0.969784
vt 0.032299 0.969784
vt 0.032299 0.969784
vt 0.032299 0.969784
vt 0.032299 0.969784
vt 0.032299 0.969784
vt 0.157137 0.970718
vt 0.032299 0.969784
vt 0.032299 0.969784
vt 0.032299 0.969784
vt 0.032299 0.969784
vt 0.157137 0.970718
vt 0.157137 0.970718
vt 0.157137 0.970718
vt 0.157137 0.970718
vt 0.032299 0.969784
vt 0.032299 0.969784
vt 0.157137 0.970718
vt 0.157137 0.970718
vt 0.032299 0.969784
vt 0.032299 0.969784
vt 0.032299 0.969784
vt 0.032299 0.969784
vt 0.032299 0.969784
vt 0.032299 0.969784
vt 0.032299 0.969784
vt 0.157137 0.970718
vt 0.157137 0.970718
vt 0.157137 0.970718
vt 0.157137 0.970718
vt 0.157137 0.970718
vt 0.032299 0.969784
vt 0.032299 0.969784
vt 0.032299 0.969784
vt 0.032299 0.969784
vt 0.032299 0.969784
vt 0.032299 0.969784
vt 0.032299 0.969784
vt 0.032299 0.969784
vt 0.032299 0.969784
vt 0.032299 0.969784
vt 0.032299 0.969784
vt 0.032299 0.969784
vt 0.032299 0.969784
vt 0.032299 0.969784
vt 0.157137 0.970718
vt 0.157137 0.970718
vt 0.157137 0.970718
vt 0.157137 0.970718
vt 0.157137 0.970718
vt 0.157137 0.970718
vt 0.032299 0.969784
vt 0.032299 0.969784
vt 0.032299 0.969784
vt 0.157137 0.970718
vt 0.157137 0.970718
vt 0.157137 0.970718
vt 0.032299 0.969784
vt 0.032299 0.969784
vt 0.032299 0.969784
vt 0.032299 0.969784
vt 0.157137 0.970718
vt 0.157137 0.970718
vt 0.157137 0.970718
vt 0.157137 0.970718
vt 0.032299 0.969784
vt 0.032299 0.969784
vt 0.157137 0.970718
vt 0.157137 0.970718
vt 0.032299 0.969784
vt 0.032299 0.969784
vt 0.032299 0.969784
vt 0.032299 0.969784
vt 0.032299 0.969784
vt 0.032299 0.969784
vt 0.032299 0.969784
vt 0.032299 0.969784
vt 0.157137 0.970718
vt 0.032299 0.969784
vt 0.032299 0.969784
vt 0.032299 0.969784
vt 0.032299 0.969784
vt 0.032299 0.969784
vt 0.157137 0.970718
vt 0.157137 0.970718
vt 0.157137 0.970718
vt 0.157137 0.970718
vt 0.032299 0.969784
vt 0.032299 0.969784
vt 0.032299 0.969784
vt 0.032299 0.969784
vt 0.157137 0.970718
vt 0.032299 0.969784
vt 0.032299 0.969784
vt 0.032299 0.969784
vt 0.157137 0.970718
vt 0.157137 0.970718
vt 0.032299 0.969784
vt 0.032299 0.969784
vt 0.032299 0.969784
vt 0.032299 0.969784
vt 0.032299 0.969784
vt 0.157137 0.970718
vt 0.157137 0.970718
vt 0.157137 0.970718
vt 0.157137 0.970718
vt 0.157137 0.970718
vt 0.157137 0.970718
vt 0.157137 0.970718
vt 0.157137 0.970718
vt 0.157137 0.970718
vt 0.157137 0.970718
vt 0.157137 0.970718
vt 0.157137 0.970718
vt 0.157137 0.970718
vt 0.157137 0.970718
vt 0.157137 0.970718
vt 0.157137 0.970718
vt 0.157137 0.970718
vt 0.157137 0.970718
vt 0.157137 0.970718
vt 0.157137 0.970718
vt 0.157137 0.970718
vt 0.157137 0.970718
vt 0.157137 0.970718
vt 0.157137 0.970718
vt 0.157137 0.970718
vt 0.157137 0.970718
vt 0.157137 0.970718
vt 0.157137 0.970718
vt 0.157137 0.970718
vt 0.157137 0.970718
vt 0.157137 0.970718
vt 0.157137 0.970718
vt 0.157137 0.970718
vt 0.157137 0.970718
vt 0.157137 0.970718
vt 0.157137 0.970718
vt 0.157137 0.970718
vt 0.157137 0.970718
vt 0.157137 0.970718
vt 0.157137 0.970718
vt 0.157137 0.970718
vt 0.157137 0.970718
vt 0.157137 0.970718
vt 0.157137 0.970718
vt 0.157137 0.970718
vt 0.157137 0.970718
vt 0.157137 0.970718
vt 0.157137 0.970718
vt 0.157137 0.970718
vt 0.157137 0.970718
vt 0.157137 0.970718
vt 0.157137 0.970718
vt 0.157137 0.970718
vt 0.157137 0.970718
vt 0.157137 0.970718
vt 0.157137 0.970718
vt 0.157137 0.970718
vt 0.157137 0.970718
vt 0.157137 0.970718
vt 0.157137 0.970718
vt 0.157137 0.970718
vt 0.157137 0.970718
vt 0.157137 0.970718
vt 0.157137 0.970718
vt 0.157137 0.970718
vt 0.157137 0.970718
vt 0.157137 0.970718
vt 0.032299 0.969784
vt 0.032299 0.969784
vt 0.032299 0.969784
vt 0.157137 0.970718
vt 0.157137 0.970718
vt 0.157137 0.970718
vt 0.157137 0.970718
vt 0.157137 0.970718
vt 0.157137 0.970718
vt 0.032299 0.969784
vt 0.032299 0.969784
vt 0.032299 0.969784
vt 0.032299 0.969784
vt 0.157137 0.970718
vt 0.157137 0.970718
vt 0.157137 0.970718
vt 0.157137 0.970718
vt 0.032299 0.969784
vt 0.032299 0.969784
vt 0.032299 0.969784
vt 0.032299 0.969784
vt 0.032299 0.969784
vt 0.032299 0.969784
vt 0.032299 0.969784
vt 0.157137 0.970718
vt 0.157137 0.970718
vt 0.032299 0.969784
vt 0.032299 0.969784
vt 0.032299 0.969784
vt 0.032299 0.969784
vt 0.032299 0.969784
vt 0.032299 0.969784
vt 0.157137 0.970718
vt 0.157137 0.970718
vt 0.157137 0.970718
vt 0.157137 0.970718
vt 0.032299 0.969784
vt 0.032299 0.969784
vt 0.032299 0.969784
vt 0.157137 0.970718
vt 0.157137 0.970718
vt 0.157137 0.970718
vt 0.157137 0.970718
vt 0.157137 0.970718
vt 0.157137 0.970718
vt 0.157137 0.970718
vt 0.157137 0.970718
vt 0.157137 0.970718
vt 0.157137 0.970718
vt 0.157137 0.970718
vt 0.157137 0.970718
vt 0.157137 0.970718
vt 0.157137 0.970718
vt 0.157137 0.970718
vt 0.157137 0.970718
vt 0.157137 0.970718
vt 0.157137 0.970718
vt 0.157137 0.970718
vt 0.157137 0.970718
vt 0.157137 0.970718
vt 0.157137 0.970718
vt 0.157137 0.970718
vt 0.157137 0.970718
vt 0.157137 0.970718
vt 0.157137 0.970718
vt 0.157137 0.970718
vt 0.157137 0.970718
vt 0.157137 0.970718
vt 0.157137 0.970718
vt 0.157137 0.970718
vt 0.157137 0.970718
vt 0.157137 0.970718
vt 0.157137 0.970718
vt 0.157137 0.970718
vt 0.157137 0.970718
vt 0.032299 0.969784
vt 0.032299 0.969784
vt 0.032299 0.969784
vt 0.032299 0.969784
vt 0.032299 0.969784
vt 0.032299 0.969784
vt 0.032299 0.969784
vt 0.032299 0.969784
vt 0.032299 0.969784
vt 0.032299 0.969784
vt 0.032299 0.969784
vt 0.032299 0.969784
vt 0.032299 0.969784
vt 0.032299 0.969784
vt 0.032299 0.969784
vt 0.032299 0.969784
vt 0.032299 0.969784
vt 0.032299 0.969784
vt 0.032299 0.969784
vt 0.032299 0.969784
vt 0.032299 0.969784
vt 0.032299 0.969784
vt 0.032299 0.969784
vt 0.032299 0.969784
vt 0.032299 0.969784
vt 0.032299 0.969784
vt 0.032299 0.969784
vt 0.032299 0.969784
vt 0.032299 0.969784
vt 0.032299 0.969784
vt 0.032299 0.969784
vt 0.032299 0.969784
vt 0.032299 0.969784
vt 0.032299 0.969784
vt 0.032299 0.969784
vt 0.032299 0.969784
vt 0.032299 0.969784
vt 0.032299 0.969784
vt 0.032299 0.969784
vt 0.032299 0.969784
vt 0.032299 0.969784
vt 0.032299 0.969784
vt 0.032299 0.969784
vt 0.032299 0.969784
vt 0.032299 0.969784
vt 0.032299 0.969784
vt 0.032299 0.969784
vt 0.032299 0.969784
vt 0.032299 0.969784
vt 0.032299 0.969784
vt 0.032299 0.969784
vt 0.032299 0.969784
vt 0.032299 0.969784
vt 0.032299 0.969784
vt 0.032299 0.969784
vt 0.032299 0.969784
vt 0.032299 0.969784
vt 0.032299 0.969784
vt 0.032299 0.969784
vt 0.032299 0.969784
vt 0.157137 0.970718
vt 0.157137 0.970718
vt 0.157137 0.970718
vt 0.157137 0.970718
vt 0.157137 0.970718
vt 0.157137 0.970718
vt 0.157137 0.970718
vt 0.157137 0.970718
vt 0.157137 0.970718
vt 0.157137 0.970718
vt 0.157137 0.970718
vt 0.157137 0.970718
vt 0.157137 0.970718
vt 0.157137 0.970718
vt 0.157137 0.970718
vt 0.157137 0.970718
vt 0.157137 0.970718
vt 0.157137 0.970718
vt 0.157137 0.970718
vt 0.157137 0.970718
vt 0.157137 0.970718
vt 0.157137 0.970718
vt 0.157137 0.970718
vt 0.157137 0.970718
vt 0.157137 0.970718
vt 0.157137 0.970718
vt 0.157137 0.970718
vt 0.157137 0.970718
vt 0.157137 0.970718
vt 0.157137 0.970718
vt 0.157137 0.970718
vt 0.157137 0.970718
vt 0.219141 0.969290
vt 0.219141 0.969290
vt 0.219141 0.969290
vt 0.219141 0.969290
vt 0.219141 0.969290
vt 0.219141 0.969290
vt 0.219141 0.969290
vt 0.219141 0.969290
vt 0.219141 0.969290
vt 0.219141 0.969290
vt 0.219141 0.969290
vt 0.219141 0.969290
vt 0.219141 0.969290
vt 0.219141 0.969290
vt 0.219141 0.969290
vt 0.219141 0.969290
vt 0.219141 0.969290
vt 0.219141 0.969290
vt 0.219141 0.969290
vt 0.219141 0.969290
vt 0.219141 0.969290
vt 0.219141 0.969290
vt 0.219141 0.969290
vt 0.219141 0.969290
vt 0.219141 0.969290
vt 0.219141 0.969290
vt 0.219141 0.969290
vt 0.219141 0.969290
vt 0.219141 0.969290
vt 0.219141 0.969290
vt 0.219141 0.969290
vt 0.219141 0.969290
vt 0.219141 0.969290
vt 0.219141 0.969290
vt 0.219141 0.969290
vt 0.219141 0.969290
vt 0.219141 0.969290
vt 0.219141 0.969290
vt 0.219141 0.969290
vt 0.219141 0.969290
vt 0.219141 0.969290
vt 0.219141 0.969290
vt 0.219141 0.969290
vt 0.219141 0.969290
vt 0.219141 0.969290
vt 0.219141 0.969290
vt 0.219141 0.969290
vt 0.219141 0.969290
vt 0.219141 0.969290
vt 0.219141 0.969290
vt 0.219141 0.969290
vt 0.219141 0.969290
vt 0.219141 0.969290
vt 0.219141 0.969290
vt 0.219141 0.969290
vt 0.219141 0.969290
vt 0.219141 0.969290
vt 0.219141 0.969290
vt 0.219141 0.969290
vt 0.219141 0.969290
vt 0.219141 0.969290
vt 0.219141 0.969290
vt 0.219141 0.969290
vt 0.219141 0.969290
vt 0.157137 0.970718
vt 0.157137 0.970718
vt 0.157137 0.970718
vt 0.157137 0.970718
vt 0.157137 0.970718
vt 0.157137 0.970718
vt 0.157137 0.970718
vt 0.157137 0.970718
vt 0.157137 0.970718
vt 0.157137 0.970718
vt 0.157137 0.970718
vt 0.157137 0.970718
vt 0.157137 0.970718
vt 0.157137 0.970718
vt 0.157137 0.970718
vt 0.157137 0.970718
vt 0.157137 0.970718
vt 0.157137 0.970718
vt 0.157137 0.970718
vt 0.157137 0.970718
vt 0.157137 0.970718
vt 0.157137 0.970718
vt 0.157137 0.970718
vt 0.157137 0.970718
vt 0.157137 0.970718
vt 0.157137 0.970718
vt 0.157137 0.970718
vt 0.157137 0.970718
vt 0.157137 0.970718
vt 0.157137 0.970718
vt 0.157137 0.970718
vt 0.157137 0.970718
vt 0.157137 0.970718
vt 0.157137 0.970718
vt 0.157137 0.970718
vt 0.157137 0.970718
vt 0.157137 0.970718
vt 0.157137 0.970718
vt 0.157137 0.970718
vt 0.157137 0.970718
vt 0.157137 0.970718
vt 0.157137 0.970718
vt 0.157137 0.970718
vt 0.157137 0.970718
vt 0.157137 0.970718
vt 0.157137 0.970718
vt 0.157137 0.970718
vt 0.157137 0.970718
vt 0.157137 0.970718
vt 0.157137 0.970718
vt 0.157137 0.970718
vt 0.157137 0.970718
vt 0.219141 0.969290
vt 0.219141 0.969290
vt 0.219141 0.969290
vt 0.219141 0.969290
vt 0.219141 0.969290
vt 0.219141 0.969290
vt 0.219141 0.969290
vt 0.219141 0.969290
vt 0.219141 0.969290
vt 0.219141 0.969290
vt 0.219141 0.969290
vt 0.219141 0.969290
vt 0.219141 0.969290
vt 0.219141 0.969290
vt 0.219141 0.969290
vt 0.219141 0.969290
vt 0.219141 0.969290
vt 0.219141 0.969290
vt 0.219141 0.969290
vt 0.219141 0.969290
vt 0.219141 0.969290
vt 0.219141 0.969290
vt 0.219141 0.969290
vt 0.219141 0.969290
vt 0.219141 0.969290
vt 0.219141 0.969290
vt 0.219141 0.969290
vt 0.219141 0.969290
vt 0.219141 0.969290
vt 0.219141 0.969290
vt 0.219141 0.969290
vt 0.219141 0.969290
vt 0.219141 0.969290
vt 0.219141 0.969290
vt 0.219141 0.969290
vt 0.219141 0.969290
vt 0.219141 0.969290
vt 0.219141 0.969290
vt 0.219141 0.969290
vt 0.219141 0.969290
vt 0.219141 0.969290
vt 0.219141 0.969290
vt 0.219141 0.969290
vt 0.219141 0.969290
vt 0.219141 0.969290
vt 0.219141 0.969290
vt 0.219141 0.969290
vt 0.219141 0.969290
vt 0.219141 0.969290
vt 0.219141 0.969290
vt 0.219141 0.969290
vt 0.219141 0.969290
vt 0.219141 0.969290
vt 0.219141 0.969290
vt 0.219141 0.969290
vt 0.219141 0.969290
vt 0.157137 0.970718
vt 0.157137 0.970718
vt 0.157137 0.970718
vt 0.157137 0.970718
vt 0.157137 0.970718
vt 0.157137 0.970718
vn -1.0000 0.0000 -0.0000
vn 0.4903 -0.7205 -0.4903
vn 0.4903 -0.7205 0.4903
vn -0.2654 -0.7205 -0.6406
vn -0.4903 -0.7205 0.4903
vn 0.6406 -0.7205 -0.2654
vn 0.2654 -0.7205 0.6406
vn 0.0000 -0.7205 -0.6934
vn -0.6406 -0.7205 0.2654
vn 0.6934 -0.7205 0.0000
vn -0.6406 -0.7205 -0.2654
vn 0.0000 -0.7205 0.6934
vn 0.2654 -0.7205 -0.6406
vn -0.6934 -0.7205 -0.0000
vn 0.6406 -0.7205 0.2654
vn -0.4903 -0.7205 -0.4903
vn -0.2654 -0.7205 0.6406
vn 0.3827 -0.0000 -0.9239
vn -0.9239 0.0000 -0.3827
vn 0.3827 0.0000 0.9239
vn -0.7071 0.0000 -0.7071
vn 0.7071 0.0000 0.7071
vn 0.0000 0.0000 1.0000
vn 0.9239 0.0000 0.3827
vn 0.9239 -0.0000 -0.3827
vn -0.9239 0.0000 0.3827
vn -0.3827 0.0000 -0.9239
vn -0.7071 0.0000 0.7071
vn 0.0000 0.0000 -1.0000
vn 0.0000 0.9381 0.3463
vn 0.0000 0.9381 -0.3463
vn -0.1325 0.9381 0.3199
vn 0.1325 0.9381 -0.3199
vn -0.1325 0.9381 -0.3199
vn -0.3199 0.9381 0.1325
vn -0.2971 0.9074 0.2971
vn 0.0000 0.9074 -0.4202
vn -0.1608 0.9074 -0.3882
vn -0.1608 0.9074 0.3882
vn 0.1608 0.9074 -0.3882
vn 0.0000 0.9074 0.4202
vn 0.2971 0.9074 -0.2971
vn 0.2971 0.9074 0.2971
vn 0.1608 0.9074 0.3882
vn -0.3882 0.9074 -0.1608
vn -0.3882 0.9074 0.1608
vn -0.2971 0.9074 -0.2971
vn -0.4202 0.9074 -0.0000
vn -0.3530 0.9241 -0.1462
vn 0.0000 0.9241 0.3821
vn 0.0000 0.9241 -0.3821
vn -0.1462 0.9241 0.3530
vn 0.1462 0.9241 -0.3530
vn -0.1462 0.9241 -0.3530
vn -0.3530 0.9241 0.1462
vn -0.3827 -0.0000 0.9239
vn -0.2702 0.9241 -0.2702
vn 0.7071 0.0000 -0.7071
vn -0.3821 0.9241 -0.0000
vn 0.2702 0.9241 -0.2702
vn 0.2702 0.9241 0.2702
vn -0.2702 0.9241 0.2702
vn 0.1462 0.9241 0.3530
vn -0.3825 0.0293 0.9235
vn -0.9235 0.0293 -0.3825
vn -0.7068 0.0293 0.7068
vn 0.7068 0.0293 -0.7068
vn -0.9235 0.0293 0.3825
vn -0.3825 0.0293 -0.9235
vn 0.0000 0.0293 -0.9996
vn 0.3825 0.0293 0.9235
vn 0.7068 0.0293 0.7068
vn -0.9996 0.0293 -0.0000
vn -0.7068 0.0293 -0.7068
vn 0.3825 0.0293 -0.9235
vn 0.0000 0.0293 0.9996
vn -0.3199 0.9381 -0.1325
vn 0.1325 0.9381 0.3199
vn -0.2449 0.9381 0.2449
vn 0.2449 0.9381 0.2449
vn 0.2449 0.9381 -0.2449
vn -0.3463 0.9381 -0.0000
vn -0.2449 0.9381 -0.2449
vn 1.0000 0.0000 -0.0000
vn 0.9320 -0.0000 -0.3625
vn 0.3625 -0.0000 0.9320
vn -0.4027 0.0000 -0.9153
vn 0.8316 -0.4356 0.3445
vn -0.8316 0.4356 0.3445
vn 0.4027 -0.0000 0.9153
vn -0.8316 -0.4356 0.3445
vn -0.4027 0.0000 0.9153
vn -0.9320 0.0000 -0.3625
vn 0.9153 -0.0000 -0.4027
vn -0.8478 0.3975 -0.3511
vn -0.8478 -0.3975 -0.3511
vn -0.9153 0.0000 -0.4027
vn -0.3511 0.3975 -0.8478
vn 0.8316 0.4356 0.3445
vn 0.4027 -0.0000 -0.9153
vn -0.8478 -0.3975 0.3512
vn -0.9153 0.0000 0.4027
vn -0.8478 0.3975 0.3512
vn 0.8478 -0.3975 0.3512
vn -0.3445 -0.4356 0.8316
vn -0.3445 0.4356 0.8316
vn 0.9320 -0.0000 0.3625
vn 0.8478 0.3975 0.3512
vn -0.3625 0.0000 0.9320
vn 0.8316 -0.4356 -0.3445
vn 0.3445 -0.4356 0.8316
vn 0.8316 0.4356 -0.3445
vn 0.9153 -0.0000 0.4027
vn -0.3625 0.0000 -0.9320
vn -0.3512 -0.3975 0.8478
vn 0.3445 0.4356 0.8316
vn -0.3512 0.3975 0.8478
vn 0.8478 -0.3975 -0.3511
vn -0.9320 0.0000 0.3625
vn 0.3511 -0.3975 0.8478
vn 0.8478 0.3975 -0.3511
vn 0.3445 -0.4356 -0.8316
vn 0.3445 0.4356 -0.8316
vn 0.3625 -0.0000 -0.9320
vn 0.3511 0.3975 0.8478
vn -0.3445 -0.4356 -0.8316
vn -0.3445 0.4356 -0.8316
vn -0.8316 -0.4356 -0.3445
vn 0.3511 -0.3975 -0.8478
vn -0.8316 0.4356 -0.3445
vn 0.3511 0.3975 -0.8478
vn -0.3511 -0.3975 -0.8478
vn 0.9349 -0.3550 0.0000
vn -0.3578 -0.3550 0.8637
vn -0.8638 -0.3547 -0.3578
vn 0.0000 -0.3548 -0.9350
vn 0.3578 -0.3548 -0.8638
vn 0.3577 -0.3551 0.8637
vn 0.6610 -0.3551 0.6610
vn 0.0000 -0.3551 0.9348
vn -0.6611 -0.3550 0.6611
vn -0.9349 -0.3548 -0.0000
vn -0.8637 -0.3549 0.3578
vn -0.3578 -0.3547 -0.8638
vn -0.6611 -0.3547 -0.6611
vn 0.8637 -0.3550 -0.3578
vn 0.6611 -0.3549 -0.6611
vn 0.8637 -0.3551 0.3577
vn -0.9905 -0.0485 0.1286
vn 0.0000 -0.4571 -0.8894
vn 0.7966 -0.0508 0.6024
vn -0.6383 0.0000 0.7698
vn -0.6089 -0.0479 0.7918
vn 0.9909 -0.0456 -0.1269
vn -0.0000 0.4571 0.8894
vn -0.9239 -0.0002 0.3827
vn -0.3823 0.0466 -0.9229
vn -0.7698 0.0000 -0.6383
vn -0.9957 0.0000 -0.0930
vn -0.8051 -0.0241 -0.5926
vn 0.6289 -0.4571 -0.6289
vn 0.9237 0.0169 -0.3826
vn -0.8894 -0.4571 -0.0000
vn 0.3818 0.0670 -0.9218
vn 0.3827 -0.0004 0.9239
vn -0.9239 0.0058 -0.3827
vn -0.6289 -0.4571 0.6289
vn 0.9239 -0.0058 0.3827
vn 0.0000 0.4571 -0.8894
vn 0.1301 -0.0478 0.9904
vn -0.0930 0.0000 -0.9957
vn 0.6227 -0.0041 -0.7824
vn -0.1519 0.0177 -0.9882
vn -0.7698 0.0000 0.6382
vn 0.8894 0.4571 -0.0000
vn -0.6383 0.0000 -0.7698
vn 0.6383 -0.0000 0.7698
vn 0.6289 0.4571 0.6289
vn 0.9957 -0.0000 -0.0930
vn -0.0930 0.0000 0.9957
vn 0.7698 -0.0000 -0.6383
vn -0.0000 -0.4571 0.8894
vn 0.0930 -0.0000 0.9957
vn -0.9957 0.0000 0.0930
vn -0.6289 0.4571 -0.6289
vn 0.0930 -0.0000 -0.9957
vn 0.8894 -0.4571 0.0000
vn 0.6289 -0.4571 0.6289
vn -0.6289 0.4571 0.6289
vn 0.6383 -0.0000 -0.7698
vn 0.7698 -0.0000 0.6383
vn -0.8894 0.4571 -0.0000
vn 0.6289 0.4571 -0.6289
vn 0.9957 -0.0000 0.0930
vn -0.6289 -0.4571 -0.6289
vn 0.0000 -1.0000 -0.0000
vn 0.7543 0.5775 0.3124
vn 0.0000 0.5775 0.8164
vn 0.5773 0.5775 -0.5773
vn 0.0000 0.5775 -0.8164
vn -0.8164 0.5775 0.0000
vn 0.5773 0.5775 0.5773
vn -0.5773 0.5775 0.5773
vn 0.8164 0.5775 0.0000
vn -0.7543 0.5775 0.3124
vn -0.3124 0.5775 -0.7543
vn -0.5773 0.5775 -0.5773
vn -0.3124 0.5775 0.7543
vn 0.7543 0.5775 -0.3124
vn 0.3124 0.5775 -0.7543
vn 0.3124 0.5775 0.7543
vn -0.7543 0.5775 -0.3124
vn 0.9820 -0.1494 0.1157
vn -0.0000 1.0000 0.0000
vn -0.9863 -0.1379 -0.0903
vn 0.8030 0.1534 -0.5759
vn -0.6905 0.3050 0.6558
vn 0.0000 -0.7661 -0.6427
vn -0.3881 -0.3532 0.8512
vn -0.8787 0.0851 0.4697
vn 0.0871 -0.1348 -0.9870
vn -0.4732 -0.2044 0.8569
vn -0.5759 0.1534 -0.8030
vn 0.4094 -0.0852 0.9084
vn 0.4697 0.0851 0.8787
vn -0.8359 -0.2465 -0.4904
vn -0.9957 -0.0855 0.0367
vn 0.6321 0.0851 -0.7702
vn 0.1065 -0.1970 -0.9746
vn 0.9873 -0.1332 0.0864
vn 0.6023 -0.1202 0.7892
vn -0.8030 0.1534 0.5759
vn -0.0371 -0.0849 -0.9957
vn -0.2818 -0.1736 -0.9437
vn -0.0883 -0.1332 0.9871
vn -0.7702 0.0851 -0.6321
vn 0.5759 0.1534 0.8030
vn -0.8790 -0.1338 -0.4577
vn 0.9957 -0.0851 -0.0371
vn 0.0290 -0.3549 -0.9345
vn 0.5215 0.1534 -0.8394
vn -0.6321 0.0851 0.7702
vn 0.7596 -0.1837 -0.6239
vn 0.4552 -0.1311 -0.8807
vn 0.8692 0.3037 0.3903
vn -0.8394 0.1534 -0.5214
vn -0.8773 -0.3521 0.3262
vn 0.0324 -0.0852 0.9958
vn 0.4870 -0.1399 -0.8621
vn 0.7702 0.0851 0.6321
vn -0.9351 -0.0854 -0.3439
vn -0.3822 0.3073 0.8715
vn 0.8789 -0.1318 0.4584
vn -0.1239 -0.1348 0.9831
vn 0.2892 0.0851 -0.9535
vn 0.9876 -0.1384 0.0737
vn -0.5214 0.1534 0.8394
vn 0.3441 -0.0846 -0.9351
vn -0.9052 -0.0861 0.4163
vn -0.9535 0.0851 -0.2892
vn -0.4598 -0.1348 0.8777
vn -0.8796 -0.0719 -0.4702
vn -0.5556 0.0000 -0.8315
vn -0.0980 0.0000 0.9952
vn 0.9569 -0.0000 -0.2903
vn -0.8315 0.0000 0.5556
vn 0.4702 -0.0719 -0.8796
vn 0.8315 -0.0000 0.5556
vn 0.9952 0.0000 0.0980
vn -0.2903 0.0000 -0.9569
vn 0.8796 -0.0719 0.4702
vn 0.5556 0.0000 0.8315
vn -0.9569 0.0000 0.2903
vn -0.9545 -0.0719 0.2895
vn -0.4702 -0.0719 0.8796
vn 0.2248 0.1534 0.9622
vn 0.2985 -0.1282 0.9457
vn -0.4697 0.0851 -0.8787
vn -0.4142 -0.0858 -0.9061
vn -0.9622 0.1534 0.2248
vn -0.7625 -0.1393 0.6319
vn 0.9457 -0.1333 -0.2964
vn 0.8787 0.0851 -0.4697
vn 0.0977 0.0851 0.9916
vn -0.2248 0.1534 -0.9622
vn 0.7268 -0.0857 0.6815
vn -0.2967 -0.1324 -0.9458
vn 0.9750 0.1534 0.1605
vn -0.9916 0.0851 0.0977
vn -0.6796 -0.0857 0.7286
vn 0.6797 -0.0847 -0.7286
vn 0.9622 0.1534 -0.2248
vn -0.1605 0.1534 0.9750
vn -0.0977 0.0851 -0.9916
vn 0.6388 -0.1260 0.7590
vn -0.7279 -0.0855 -0.6803
vn 0.9535 0.0851 0.2892
vn -0.9750 0.1534 -0.1605
vn -0.3488 -0.0854 0.9333
vn -0.9459 -0.1353 0.2950
vn 0.7588 -0.1319 -0.6378
vn 0.9916 0.0851 -0.0977
vn -0.2892 0.0851 0.9535
vn 0.9330 -0.0853 0.3497
vn 0.1605 0.1534 -0.9750
vn -0.6338 -0.1361 -0.7614
vn 0.8394 0.1534 0.5214
vn -0.0978 -0.0719 0.9926
vn -0.9952 0.0000 -0.0980
vn 0.9926 -0.0719 0.0978
vn -0.1951 0.0000 0.9808
vn 0.0980 -0.0000 -0.9952
vn 0.8819 0.0000 0.4714
vn 0.1951 -0.0000 -0.9808
vn 0.0978 -0.0719 -0.9926
vn -0.9808 0.0000 0.1951
vn -0.4714 0.0000 0.8819
vn -0.9926 -0.0719 -0.0978
vn 0.2895 -0.0719 0.9545
vn -0.1951 0.0000 -0.9808
vn -0.8819 0.0000 -0.4714
vn 0.8315 0.0000 -0.5556
vn -0.9808 0.0000 -0.1951
vn 0.9545 -0.0719 -0.2895
vn 0.4714 -0.0000 -0.8819
vn 0.6344 -0.0000 0.7730
vn 0.9808 -0.0000 0.1951
vn -0.5556 -0.0000 0.8315
vn -0.2895 -0.0719 -0.9545
vn 0.1951 0.0000 0.9808
vn -0.7710 -0.0719 0.6328
vn 0.5556 0.0000 -0.8315
vn -0.7730 0.0000 0.6344
vn 0.9808 -0.0000 -0.1951
vn 0.6328 -0.0719 0.7710
vn -0.6344 0.0000 -0.7730
vn 0.7710 -0.0719 -0.6327
vn 0.7730 -0.0000 -0.6344
vn 0.2903 -0.0000 0.9569
vn -0.8315 0.0000 -0.5556
vn -0.6327 -0.0719 -0.7710
vn 0.9072 -0.0852 -0.4119
vn -0.5938 -0.7661 -0.2459
vn 0.4149 -0.9098 0.0000
vn 0.3832 -0.9099 0.1587
vn -0.2459 -0.7661 -0.5938
vn 0.2459 -0.7661 0.5938
vn 0.2932 -0.9100 0.2932
vn 0.5938 -0.7661 0.2459
vn 0.1587 -0.9100 0.3831
vn 0.0000 -0.9099 0.4148
vn 0.4544 -0.7661 0.4544
vn -0.1588 -0.9098 0.3834
vn -0.6427 -0.7661 -0.0000
vn -0.2936 -0.9097 0.2936
vn 0.6427 -0.7661 0.0000
vn 0.0000 -0.7661 0.6427
vn -0.3838 -0.9096 0.1590
vn -0.4156 -0.9095 0.0000
vn 0.4544 -0.7661 -0.4544
vn -0.3841 -0.9095 -0.1591
vn -0.4545 -0.7661 -0.4544
vn -0.2940 -0.9094 -0.2940
vn -0.4545 -0.7661 0.4544
vn 0.2459 -0.7661 -0.5938
vn -0.1591 -0.9094 -0.3842
vn 0.0000 -0.9095 -0.4158
vn -0.5938 -0.7661 0.2459
vn -0.2459 -0.7661 0.5938
vn 0.1590 -0.9096 -0.3840
vn 0.5938 -0.7661 -0.2459
vn 0.2937 -0.9096 -0.2937
vn 0.3962 0.3004 -0.8676
vn 0.3836 -0.9098 -0.1589
vn 0.8745 -0.3557 -0.3298
vn 0.0892 -0.1945 -0.9768
vn 0.6763 -0.3599 -0.6428
vn 0.8806 -0.1482 0.4500
vn -0.8694 0.3032 -0.3903
vn -0.3307 -0.3570 -0.8736
vn 0.8942 0.3004 -0.3319
vn 0.4506 -0.1469 -0.8806
vn -0.9366 -0.3483 -0.0380
vn -0.6133 -0.1977 -0.7647
vn 0.7065 0.2957 -0.6429
vn 0.8547 -0.0984 0.5098
vn -0.7495 -0.1335 0.6484
vn -0.6937 -0.3450 0.6322
vn -0.8031 -0.0842 0.5899
vn 0.6453 -0.3669 0.6701
vn 0.9532 -0.1431 -0.2662
vn -0.6597 0.3083 -0.6854
vn 0.3368 0.3040 0.8911
vn 0.2685 -0.1492 0.9516
vn 0.9536 0.2984 0.0393
vn 0.6509 -0.1298 0.7480
vn -0.8657 -0.1663 -0.4721
vn 0.8519 -0.3583 0.3819
vn -0.3038 -0.1465 -0.9414
vn 0.6471 0.3001 0.7008
vn 0.7405 -0.0997 -0.6646
vn -0.6358 -0.3505 -0.6877
vn -0.9409 -0.1374 0.3096
vn -0.3434 0.3062 -0.8879
vn 0.3364 -0.3634 0.8688
vn -0.6349 -0.2192 -0.7408
vn -0.4909 -0.1338 0.8608
vn -0.8524 -0.3567 -0.3823
vn 0.3070 -0.1439 0.9408
vn -0.0300 0.3026 0.9527
vn -0.8921 0.3021 0.3359
vn 0.9392 -0.1100 -0.3254
vn -0.9724 -0.2051 -0.1107
vn -0.9819 -0.1524 -0.1129
vn -0.9627 -0.1060 0.2488
vn -0.0304 -0.3556 0.9341
vn -0.0877 -0.1647 0.9824
vn 0.0315 0.3015 -0.9529
vn 0.3740 -0.3631 -0.8534
vn 0.9336 -0.3575 0.0264
vn -0.9526 0.3029 -0.0274
vn 0.5299 -0.8063 -0.2627
vn -0.6514 -0.1006 -0.7520
vn 0.5605 -0.8064 0.1885
vn 0.7403 -0.0966 -0.6653
vn -0.9431 -0.0999 0.3172
vn -0.1881 -0.8064 0.5606
vn -0.4456 -0.8064 -0.3889
vn 0.6700 -0.0927 0.7366
vn 0.3887 -0.8061 -0.4462
vn -0.3883 -0.8065 0.4458
vn -0.3237 -0.0976 -0.9411
vn 0.4448 -0.8065 0.3894
vn 0.9415 -0.0983 -0.3225
vn -0.7575 -0.1030 0.6447
vn -0.2638 -0.8065 -0.5290
vn 0.3320 -0.0944 0.9385
vn -0.4408 -0.0994 0.8921
vn -0.5283 -0.8067 0.2648
vn 0.1858 -0.8061 -0.5619
vn 0.8956 -0.0971 0.4341
vn -0.5615 -0.8064 -0.1856
vn 0.0394 -0.8063 0.5902
vn 0.4229 -0.0953 -0.9012
vn 0.5900 -0.8063 -0.0419
vn -0.8961 -0.0982 -0.4329
vn -0.0630 -0.0983 0.9932
vn -0.0420 -0.8062 -0.5902
vn 0.9936 -0.0978 0.0565
vn -0.5899 -0.8064 0.0417
vn 0.2613 -0.8063 0.5306
vn 0.0597 -0.0990 -0.9933
vn -0.9922 -0.1018 -0.0720
vn 0.4573 -0.1154 0.8818
vn -0.9893 -0.1164 0.0877
vn -0.0879 -0.1145 -0.9895
vn 0.9895 -0.1149 -0.0878
vn 0.0859 -0.1153 0.9896
vn -0.9480 -0.1159 -0.2964
vn 0.2966 -0.1135 -0.9482
vn -0.8800 -0.1183 0.4600
vn -0.4593 -0.1174 -0.8805
vn 0.7602 -0.1170 0.6390
vn -0.6381 -0.1171 0.7610
vn 0.6384 -0.1136 -0.7613
vn -0.7608 -0.1163 -0.6385
vn -0.2983 -0.1162 0.9474
vn 0.9473 -0.1159 0.2986
vn 0.8812 -0.1155 -0.4584
vn -0.3796 -0.8096 -0.4477
vn 0.4443 -0.8089 -0.3852
vn -0.5587 -0.8095 0.1805
vn 0.3870 -0.8080 0.4442
vn -0.1829 -0.8090 -0.5586
vn 0.5585 -0.8092 -0.1825
vn -0.4490 -0.8102 0.3768
vn 0.1858 -0.8084 0.5586
vn -0.2668 -0.8094 0.5231
vn 0.5249 -0.8090 0.2648
vn 0.2607 -0.8086 -0.5274
vn -0.5249 -0.8092 -0.2641
vn -0.0454 -0.8092 0.5858
vn 0.5861 -0.8091 0.0429
vn 0.0439 -0.8093 -0.5857
vn -0.5846 -0.8099 -0.0483
vn 0.9842 -0.1341 0.1160
vn -0.9882 -0.1237 -0.0905
vn 0.8049 0.1377 -0.5773
vn -0.6970 0.2756 0.6620
vn 0.0000 -0.7297 -0.6838
vn -0.3930 -0.3202 0.8620
vn -0.8794 0.0763 0.4700
vn 0.0872 -0.1209 -0.9888
vn -0.4752 -0.1837 0.8605
vn -0.5773 0.1377 -0.8049
vn 0.4097 -0.0763 0.9090
vn 0.4700 0.0763 0.8794
vn -0.8410 -0.2221 -0.4934
vn -0.9964 -0.0766 0.0367
vn 0.6325 0.0763 -0.7708
vn 0.1069 -0.1771 -0.9784
vn 0.9891 -0.1195 0.0865
vn 0.6032 -0.1078 0.7903
vn -0.8049 0.1377 0.5773
vn -0.0372 -0.0761 -0.9964
vn -0.2826 -0.1558 -0.9465
vn -0.0884 -0.1195 0.9889
vn -0.7708 0.0763 -0.6325
vn 0.5773 0.1377 0.8049
vn -0.8806 -0.1200 -0.4585
vn 0.9964 -0.0762 -0.0371
vn 0.0294 -0.3217 -0.9464
vn 0.5227 0.1377 -0.8413
vn -0.6325 0.0763 0.7708
vn 0.7621 -0.1650 -0.6260
vn 0.4559 -0.1176 -0.8822
vn 0.8772 0.2744 0.3939
vn -0.8413 0.1377 -0.5227
vn -0.8883 -0.3192 0.3303
vn 0.0325 -0.0763 0.9966
vn 0.4879 -0.1255 -0.8638
vn 0.7708 0.0763 0.6325
vn -0.9358 -0.0765 -0.3442
vn -0.3859 0.2777 0.8798
vn 0.8804 -0.1182 0.4592
vn -0.1241 -0.1209 0.9849
vn 0.2894 0.0763 -0.9542
vn 0.9895 -0.1241 0.0739
vn -0.5227 0.1377 0.8413
vn 0.3444 -0.0758 -0.9358
vn -0.9058 -0.0771 0.4166
vn -0.9542 0.0763 -0.2894
vn -0.4606 -0.1209 0.8793
vn -0.8801 -0.0644 -0.4704
vn 0.4704 -0.0644 -0.8801
vn 0.8801 -0.0644 0.4704
vn -0.9550 -0.0644 0.2897
vn -0.4704 -0.0644 0.8801
vn 0.2253 0.1377 0.9645
vn 0.2990 -0.1150 0.9473
vn -0.4700 0.0763 -0.8794
vn -0.4145 -0.0769 -0.9068
vn -0.9645 0.1377 0.2253
vn -0.7639 -0.1249 0.6331
vn 0.9474 -0.1195 -0.2969
vn 0.8794 0.0763 -0.4700
vn 0.0977 0.0763 0.9923
vn -0.2253 0.1377 -0.9645
vn 0.7274 -0.0767 0.6820
vn -0.2972 -0.1187 -0.9474
vn 0.9773 0.1377 0.1609
vn -0.9923 0.0763 0.0977
vn -0.6800 -0.0768 0.7291
vn 0.6802 -0.0758 -0.7291
vn 0.9645 0.1377 -0.2253
vn -0.1609 0.1377 0.9773
vn -0.0977 0.0763 -0.9923
vn 0.6398 -0.1130 0.7602
vn -0.7284 -0.0766 -0.6808
vn 0.9542 0.0763 0.2894
vn -0.9773 0.1377 -0.1609
vn -0.3491 -0.0765 0.9340
vn -0.9476 -0.1214 0.2956
vn 0.7601 -0.1183 -0.6389
vn 0.9923 0.0763 -0.0977
vn -0.2894 0.0763 0.9542
vn 0.9337 -0.0764 0.3499
vn 0.1609 0.1377 -0.9773
vn -0.6350 -0.1220 -0.7628
vn 0.8413 0.1377 0.5227
vn -0.0978 -0.0644 0.9931
vn 0.9931 -0.0644 0.0978
vn 0.0978 -0.0644 -0.9931
vn -0.9931 -0.0644 -0.0978
vn 0.2897 -0.0644 0.9550
vn 0.9550 -0.0644 -0.2897
vn -0.2897 -0.0644 -0.9550
vn -0.7714 -0.0644 0.6331
vn 0.6331 -0.0644 0.7714
vn 0.7714 -0.0644 -0.6331
vn -0.6331 -0.0644 -0.7714
vn 0.9079 -0.0764 -0.4122
vn -0.6317 -0.7297 -0.2617
vn 0.4539 -0.8910 0.0000
vn 0.4192 -0.8911 0.1737
vn -0.2617 -0.7297 -0.6317
vn 0.2617 -0.7297 0.6317
vn 0.3208 -0.8912 0.3208
vn 0.6317 -0.7297 0.2617
vn 0.1736 -0.8912 0.4192
vn 0.0000 -0.8911 0.4538
vn 0.4835 -0.7297 0.4835
vn -0.1737 -0.8910 0.4194
vn -0.6838 -0.7297 -0.0000
vn -0.3212 -0.8909 0.3212
vn 0.6838 -0.7297 0.0000
vn 0.0000 -0.7297 0.6838
vn -0.4198 -0.8908 0.1739
vn -0.4546 -0.8907 -0.0000
vn 0.4835 -0.7297 -0.4835
vn -0.4202 -0.8906 -0.1740
vn -0.4835 -0.7297 -0.4835
vn -0.3217 -0.8905 -0.3217
vn -0.4835 -0.7297 0.4835
vn 0.2617 -0.7297 -0.6317
vn -0.1741 -0.8905 -0.4203
vn 0.0000 -0.8906 -0.4548
vn -0.6317 -0.7297 0.2617
vn -0.2617 -0.7297 0.6317
vn 0.1740 -0.8907 -0.4200
vn 0.6317 -0.7297 -0.2617
vn 0.3213 -0.8908 -0.3213
vn 0.3998 0.2713 -0.8755
vn 0.4196 -0.8909 -0.1738
vn 0.8857 -0.3225 -0.3340
vn 0.0895 -0.1747 -0.9805
vn 0.6851 -0.3264 -0.6512
vn 0.8826 -0.1330 0.4510
vn -0.8774 0.2739 -0.3939
vn -0.3350 -0.3237 -0.8849
vn 0.9023 0.2713 -0.3349
vn 0.4516 -0.1318 -0.8825
vn -0.9481 -0.3156 -0.0385
vn -0.6157 -0.1776 -0.7677
vn 0.7128 0.2670 -0.6486
vn 0.8555 -0.0882 0.5103
vn -0.7509 -0.1197 0.6495
vn -0.7021 -0.3125 0.6398
vn -0.8036 -0.0755 0.5903
vn 0.6541 -0.3329 0.6792
vn 0.9552 -0.1284 -0.2667
vn -0.6660 0.2786 -0.6920
vn 0.3399 0.2747 0.8994
vn 0.2691 -0.1339 0.9538
vn 0.9622 0.2695 0.0397
vn 0.6519 -0.1164 0.7493
vn -0.8681 -0.1493 -0.4734
vn 0.8630 -0.3249 0.3869
vn -0.3045 -0.1314 -0.9434
vn 0.6530 0.2711 0.7072
vn 0.7412 -0.0893 -0.6653
vn -0.6437 -0.3177 -0.6962
vn -0.9427 -0.1232 0.3102
vn -0.3466 0.2767 -0.8963
vn 0.3409 -0.3296 0.8804
vn -0.6380 -0.1972 -0.7444
vn -0.4918 -0.1200 0.8624
vn -0.8634 -0.3234 -0.3872
vn 0.3077 -0.1291 0.9427
vn -0.0303 0.2734 0.9614
vn -0.9003 0.2730 0.3390
vn 0.9403 -0.0985 -0.3258
vn -0.9765 -0.1844 -0.1112
vn -0.9841 -0.1367 -0.1131
vn -0.9638 -0.0950 0.2490
vn -0.0307 -0.3224 0.9461
vn -0.0879 -0.1478 0.9851
vn 0.0318 0.2724 -0.9617
vn 0.3790 -0.3294 -0.8648
vn 0.9456 -0.3241 0.0267
vn -0.9614 0.2736 -0.0276
vn 0.5678 -0.7735 -0.2816
vn -0.6521 -0.0901 -0.7528
vn 0.6006 -0.7736 0.2020
vn 0.7410 -0.0866 -0.6659
vn -0.9440 -0.0895 0.3175
vn -0.2015 -0.7736 0.6008
vn -0.4775 -0.7735 -0.4167
vn 0.6705 -0.0830 0.7372
vn 0.4165 -0.7732 -0.4782
vn -0.4161 -0.7737 0.4777
vn -0.3241 -0.0875 -0.9420
vn 0.4767 -0.7737 0.4173
vn 0.9424 -0.0880 -0.3228
vn -0.7583 -0.0923 0.6454
vn -0.2828 -0.7737 -0.5669
vn 0.3323 -0.0846 0.9394
vn -0.4413 -0.0891 0.8929
vn -0.5662 -0.7739 0.2838
vn 0.1991 -0.7732 -0.6021
vn 0.8965 -0.0870 0.4345
vn -0.6017 -0.7735 -0.1989
vn 0.0423 -0.7735 0.6324
vn 0.4232 -0.0854 -0.9020
vn 0.6323 -0.7734 -0.0449
vn -0.8969 -0.0880 -0.4334
vn -0.0630 -0.0881 0.9941
vn -0.0450 -0.7733 -0.6324
vn 0.9945 -0.0876 0.0566
vn -0.6321 -0.7736 0.0447
vn 0.2800 -0.7735 0.5686
vn 0.0597 -0.0887 -0.9943
vn -0.9932 -0.0912 -0.0721
vn 0.4579 -0.1035 0.8830
vn -0.9907 -0.1043 0.0878
vn -0.0880 -0.1026 -0.9908
vn 0.9908 -0.1030 -0.0880
vn 0.0860 -0.1033 0.9909
vn -0.9493 -0.1039 -0.2968
vn 0.2970 -0.1017 -0.9494
vn -0.8812 -0.1060 0.4606
vn -0.4599 -0.1053 -0.8817
vn 0.7613 -0.1049 0.6399
vn -0.6390 -0.1050 0.7620
vn 0.6392 -0.1018 -0.7623
vn -0.7618 -0.1042 -0.6394
vn -0.2987 -0.1042 0.9486
vn 0.9486 -0.1039 0.2990
vn 0.8824 -0.1035 -0.4590
vn -0.4070 -0.7771 -0.4800
vn 0.4763 -0.7763 -0.4130
vn -0.5990 -0.7770 0.1936
vn 0.4149 -0.7753 0.4762
vn -0.1961 -0.7764 -0.5989
vn 0.5988 -0.7766 -0.1956
vn -0.4815 -0.7777 0.4041
vn 0.1992 -0.7757 0.5988
vn -0.2861 -0.7769 0.5609
vn 0.5627 -0.7764 0.2839
vn 0.2795 -0.7760 -0.5654
vn -0.5628 -0.7766 -0.2831
vn -0.0487 -0.7767 0.6280
vn 0.6284 -0.7766 0.0460
vn 0.0471 -0.7768 -0.6280
vn -0.6268 -0.7774 -0.0518
vn 0.0519 -0.9824 0.1795
vn 0.0086 0.8171 -0.5765
vn 0.0276 -0.5258 0.8502
vn 0.0073 0.6313 -0.7755
vn 0.0011 0.4363 -0.8998
vn -0.0000 0.2883 -0.9575
vn 0.0000 0.0141 -0.9999
vn 0.0164 -0.3112 0.9502
vn 0.0474 -0.8978 0.4379
vn 0.0003 -0.0109 0.9999
vn 0.0360 -0.6818 0.7307
vn 0.0519 -0.9824 -0.1796
vn 0.0086 0.8171 0.5765
vn 0.0276 -0.5258 -0.8502
vn 0.0073 0.6313 0.7755
vn 0.0011 0.4363 0.8998
vn 0.0000 0.2883 0.9575
vn 0.0000 0.0141 0.9999
vn 0.0164 -0.3112 -0.9502
vn 0.0474 -0.8978 -0.4379
vn 0.0003 -0.0109 -0.9999
vn 0.0360 -0.6818 -0.7307
vn 0.0027 0.9724 0.2334
vn 0.0027 0.9724 -0.2334
vn -0.0685 0.9808 -0.1825
vn -0.0361 0.5188 -0.8542
vn -0.0213 0.3062 -0.9517
vn -0.0625 0.8939 -0.4439
vn -0.0472 0.6749 -0.7364
vn -0.0685 0.9808 0.1825
vn -0.0361 0.5188 0.8542
vn -0.0213 0.3062 0.9517
vn -0.0625 0.8939 0.4439
vn -0.0472 0.6749 0.7364
vn 0.0755 -0.9803 0.1824
vn 0.0398 -0.5187 0.8540
vn 0.0235 -0.3062 0.9517
vn 0.0688 -0.8935 0.4437
vn 0.0006 -0.0146 0.9999
vn 0.0520 -0.6747 0.7362
vn 0.0755 -0.9803 -0.1824
vn 0.0398 -0.5187 -0.8540
vn 0.0235 -0.3062 -0.9517
vn 0.0688 -0.8935 -0.4437
vn 0.0006 -0.0146 -0.9999
vn 0.0520 -0.6747 -0.7362
vn 0.8036 0.5330 -0.2647
vn 0.8036 0.5330 0.2647
vn 0.8143 0.5706 -0.1062
vn 0.8206 0.2969 0.4883
vn 0.8055 0.4003 0.4368
vn 0.8503 0.1611 -0.5011
vn 0.8143 0.5706 0.1062
vn 0.8960 0.0058 -0.4439
vn 0.8503 0.1611 0.5011
vn 0.8055 0.4003 -0.4368
vn 0.8961 0.0058 0.4439
vn 0.8206 0.2969 -0.4883
vn -0.0003 0.0110 0.9999
vn -0.0004 0.0111 -0.9999
usemtl Medieval
s off
f 1498/1555/746 1316/1556/746 1300/1557/746 1503/1558/746
f 1306/1559/747 1305/1560/747 1326/1561/747 1323/1562/747
f 1310/1563/748 1309/1564/748 1325/1565/748 1328/1566/748
f 1303/1567/749 1302/1568/749 1333/1569/749 1320/1570/749
f 1314/1571/750 1313/1572/750 1327/1573/750 1321/1574/750
f 1307/1575/751 1306/1559/751 1323/1562/751 1332/1576/751
f 1311/1577/752 1310/1563/752 1328/1566/752 1322/1578/752
f 1304/1579/753 1303/1567/753 1320/1570/753 1315/1580/753
f 1316/1556/754 1314/1571/754 1321/1574/754 1324/1581/754
f 1308/1582/755 1307/1575/755 1332/1576/755 1331/1583/755
f 1301/1584/756 1300/1557/756 1329/1585/756 1319/1586/756
f 1312/1587/757 1311/1577/757 1322/1578/757 1330/1588/757
f 1305/1560/758 1304/1579/758 1315/1580/758 1326/1561/758
f 1300/1557/759 1316/1556/759 1324/1581/759 1329/1585/759
f 1309/1564/760 1308/1582/760 1331/1583/760 1325/1565/760
f 1302/1568/761 1301/1584/761 1319/1586/761 1333/1569/761
f 1313/1572/762 1312/1587/762 1330/1588/762 1327/1573/762
f 1509/1589/763 1304/1579/763 1305/1560/763 1506/1590/763
f 1503/1558/764 1300/1557/764 1301/1584/764 1514/1591/764
f 1508/1592/765 1310/1563/765 1311/1577/765 1511/1593/765
f 1514/1591/766 1301/1584/766 1302/1568/766 1519/1594/766
f 1508/1592/767 1525/1595/767 1309/1564/767 1310/1563/767
f 1511/1593/768 1311/1577/768 1312/1587/768 1496/1596/768
f 1525/1595/769 1522/1597/769 1308/1582/769 1309/1564/769
f 1524/1598/770 1500/1599/770 1306/1559/770 1307/1575/770
f 1518/1600/771 1314/1571/771 1316/1556/771 1498/1555/771
f 1519/1594/772 1302/1568/772 1303/1567/772 1502/1601/772
f 1516/1602/773 1313/1572/773 1314/1571/773 1518/1600/773
f 1502/1601/774 1303/1567/774 1304/1579/774 1509/1589/774
f 1352/1603/775 1358/1604/775 1427/1605/775 1418/1606/775
f 1409/1607/776 1349/1608/776 1416/1609/776 1392/1610/776
f 1358/1604/777 1413/1611/777 1399/1612/777 1427/1605/777
f 1349/1608/778 1357/1613/778 1425/1614/778 1416/1609/778
f 1356/1615/779 1409/1607/779 1392/1610/779 1423/1616/779
f 1411/1617/780 1404/1618/780 1381/1619/780 1396/1620/780
f 1342/1621/781 1343/1622/781 1370/1623/781 1369/1624/781
f 1336/1625/782 1317/1626/782 1362/1627/782 1361/1628/782
f 1335/1629/783 1336/1625/783 1361/1628/783 1363/1630/783
f 1299/1631/784 1342/1621/784 1369/1624/784 1359/1632/784
f 1317/1626/785 1337/1633/785 1364/1634/785 1362/1627/785
f 1341/1635/786 1299/1631/786 1359/1632/786 1360/1636/786
f 1337/1633/787 1338/1637/787 1365/1638/787 1364/1634/787
f 1339/1639/788 1340/1640/788 1371/1641/788 1366/1642/788
f 1340/1640/789 1341/1635/789 1360/1636/789 1371/1641/789
f 1318/1643/790 1334/1644/790 1372/1645/790 1368/1646/790
f 1343/1622/791 1344/1647/791 1367/1648/791 1370/1623/791
f 1334/1644/792 1335/1629/792 1363/1630/792 1372/1645/792
f 1344/1647/793 1318/1643/793 1368/1646/793 1367/1648/793
f 1395/1649/794 1380/1650/794 1402/1651/794 1403/1652/794
f 1374/1653/795 1388/1654/795 1353/1655/795 1351/1656/795
f 1385/1657/796 1376/1658/796 1348/1659/796 1410/1660/796
f 1388/1654/797 1387/1661/797 1414/1662/797 1353/1655/797
f 1376/1658/798 1390/1663/798 1350/1664/798 1348/1659/798
f 1393/1665/799 1385/1657/799 1410/1660/799 1345/1666/799
f 1386/1667/800 1382/1668/800 1405/1669/800 1412/1670/800
f 1359/1671/801 1369/1672/801 1387/1673/801 1388/1674/801
f 1368/1675/764 1372/1676/764 1380/1677/764 1395/1678/764
f 1380/1650/802 1393/1665/802 1345/1666/802 1402/1651/802
f 1369/1672/773 1370/1679/773 1386/1680/773 1387/1673/773
f 1364/1681/803 1365/1682/803 1378/1683/803 1390/1684/803
f 1370/1679/771 1367/1685/771 1382/1686/771 1386/1680/771
f 1382/1668/804 1395/1649/804 1403/1652/804 1405/1669/804
f 1363/1687/772 1361/1688/772 1385/1689/772 1393/1690/772
f 1361/1688/774 1362/1691/774 1376/1692/774 1385/1689/774
f 1390/1663/805 1378/1693/805 1346/1694/805 1350/1664/805
f 1371/1695/765 1360/1696/765 1374/1697/765 1397/1698/765
f 1366/1699/767 1371/1695/767 1397/1698/767 1384/1700/767
f 1384/1701/806 1397/1702/806 1406/1703/806 1408/1704/806
f 1367/1685/746 1368/1675/746 1395/1678/746 1382/1686/746
f 1372/1676/766 1363/1687/766 1393/1690/766 1380/1677/766
f 1387/1661/807 1386/1667/807 1412/1670/807 1414/1662/807
f 1362/1691/763 1364/1681/763 1390/1684/763 1376/1692/763
f 1360/1696/768 1359/1671/768 1388/1674/768 1374/1697/768
f 1397/1702/808 1374/1653/808 1351/1656/808 1406/1703/808
f 1353/1705/801 1414/1706/801 1413/1707/801 1358/1708/801
f 1403/1709/764 1402/1710/764 1401/1711/764 1355/1712/764
f 1414/1706/773 1412/1713/773 1411/1714/773 1413/1707/773
f 1350/1715/803 1346/1716/803 1347/1717/803 1357/1718/803
f 1412/1713/771 1405/1719/771 1404/1720/771 1411/1714/771
f 1345/1721/772 1410/1722/772 1409/1723/772 1356/1724/772
f 1410/1722/774 1348/1725/774 1349/1726/774 1409/1723/774
f 1406/1727/765 1351/1728/765 1352/1729/765 1354/1730/765
f 1408/1731/767 1406/1727/767 1354/1730/767 1407/1732/767
f 1405/1719/746 1403/1709/746 1355/1712/746 1404/1720/746
f 1402/1710/766 1345/1721/766 1356/1724/766 1401/1711/766
f 1348/1725/763 1350/1715/763 1357/1718/763 1349/1726/763
f 1351/1728/768 1353/1705/768 1358/1708/768 1352/1729/768
f 1427/1733/809 1399/1734/809 1400/1735/809 1428/1736/809
f 1421/1737/810 1377/1738/810 1379/1739/810 1422/1740/810
f 1399/1734/811 1396/1741/811 1398/1742/811 1400/1735/811
f 1425/1743/812 1373/1744/812 1375/1745/812 1426/1746/812
f 1396/1741/813 1381/1747/813 1383/1748/813 1398/1742/813
f 1423/1749/814 1392/1750/814 1394/1751/814 1424/1752/814
f 1392/1750/815 1416/1753/815 1415/1754/815 1394/1751/815
f 1419/1755/816 1418/1756/816 1417/1757/816 1420/1758/816
f 1389/1759/817 1419/1755/817 1420/1758/817 1391/1760/817
f 1381/1747/818 1421/1737/818 1422/1740/818 1383/1748/818
f 1377/1738/819 1423/1749/819 1424/1752/819 1379/1739/819
f 1416/1753/820 1425/1743/820 1426/1746/820 1415/1754/820
f 1418/1756/821 1427/1733/821 1428/1736/821 1417/1757/821
f 1355/1761/822 1401/1762/822 1377/1763/822 1421/1764/822
f 1354/1765/823 1352/1603/823 1418/1606/823 1419/1766/823
f 1413/1611/824 1411/1617/824 1396/1620/824 1399/1612/824
f 1407/1767/825 1354/1765/825 1419/1766/825 1389/1768/825
f 1357/1613/826 1347/1769/826 1373/1770/826 1425/1614/826
f 1404/1618/827 1355/1761/827 1421/1764/827 1381/1619/827
f 1401/1762/828 1356/1615/828 1423/1616/828 1377/1763/828
f 1500/1599/803 1506/1590/803 1305/1560/803 1306/1559/803
f 1461/1771/769 1460/1772/769 1459/1773/769 1462/1774/769
f 1522/1597/829 1524/1598/829 1307/1575/829 1308/1582/829
f 1493/1775/769 1490/1776/769 1590/1777/769 1587/1778/769
f 1468/1779/803 1474/1780/803 1576/1781/803 1573/1782/803
f 1574/1783/803 1575/1784/803 1505/1785/803 1499/1786/803
f 1482/1787/766 1584/1788/766 1581/1789/766 1487/1790/766
f 1583/1791/766 1513/1792/766 1520/1793/766 1582/1794/766
f 1471/1795/764 1567/1796/764 1584/1788/764 1482/1787/764
f 1486/1797/771 1570/1798/771 1565/1799/771 1466/1800/771
f 1566/1801/746 1497/1802/746 1504/1803/746 1568/1804/746
f 1476/1805/765 1585/1806/765 1560/1807/765 1479/1808/765
f 1476/1805/767 1493/1775/767 1587/1778/767 1585/1806/767
f 1479/1808/768 1560/1807/768 1561/1809/768 1464/1810/768
f 1477/1811/763 1580/1812/763 1576/1781/763 1474/1780/763
f 1487/1790/772 1581/1789/772 1577/1813/772 1470/1814/772
f 1492/1815/770 1468/1779/770 1573/1782/770 1571/1816/770
f 1299/1631/801 1463/1817/801 1483/1818/801 1342/1621/801
f 1496/1596/801 1312/1587/801 1313/1572/801 1516/1602/801
f 1429/1819/829 1430/1820/829 1491/1821/829 1489/1822/829
f 1430/1820/770 1338/1637/770 1467/1823/770 1491/1821/770
f 1335/1629/772 1488/1824/772 1469/1825/772 1336/1625/772
f 1342/1621/773 1483/1818/773 1485/1826/773 1343/1622/773
f 1336/1625/774 1469/1825/774 1478/1827/774 1317/1626/774
f 1344/1647/746 1465/1828/746 1472/1829/746 1318/1643/746
f 1338/1637/803 1337/1633/803 1473/1830/803 1467/1823/803
f 1339/1639/769 1429/1819/769 1489/1822/769 1494/1831/769
f 1343/1622/771 1485/1826/771 1465/1828/771 1344/1647/771
f 1340/1640/765 1475/1832/765 1480/1833/765 1341/1635/765
f 1334/1644/766 1481/1834/766 1488/1824/766 1335/1629/766
f 1340/1640/767 1339/1639/767 1494/1831/767 1475/1832/767
f 1318/1643/764 1472/1829/764 1481/1834/764 1334/1644/764
f 1317/1626/763 1478/1827/763 1473/1830/763 1337/1633/763
f 1484/1835/773 1564/1836/773 1570/1798/773 1486/1797/773
f 1490/1776/829 1492/1815/829 1571/1816/829 1590/1777/829
f 1525/1595/830 1526/1837/830 1530/1838/830 1529/1839/830
f 1492/1815/829 1490/1776/829 1489/1822/829 1491/1821/829
f 1516/1602/831 1515/1840/831 1551/1841/831 1552/1842/831
f 1474/1780/803 1468/1779/803 1467/1823/803 1473/1830/803
f 1482/1787/766 1487/1790/766 1488/1824/766 1481/1834/766
f 1470/1814/774 1477/1811/774 1478/1827/774 1469/1825/774
f 1466/1800/746 1471/1795/746 1472/1829/746 1465/1828/746
f 1472/1829/832 1471/1795/832 1442/1843/832 1441/1844/832
f 1484/1835/773 1486/1797/773 1485/1826/773 1483/1818/773
f 1522/1597/833 1525/1595/833 1529/1839/833 1528/1845/833
f 1497/1802/834 1517/1846/834 1549/1847/834 1545/1848/834
f 1493/1775/767 1476/1805/767 1475/1832/767 1494/1831/767
f 1521/1849/835 1522/1597/835 1528/1845/835 1527/1850/835
f 1518/1600/836 1498/1555/836 1546/1851/836 1550/1852/836
f 1466/1800/837 1465/1828/837 1444/1853/837 1443/1854/837
f 1479/1808/768 1464/1810/768 1463/1817/768 1480/1833/768
f 1517/1846/838 1518/1600/838 1550/1852/838 1549/1847/838
f 1524/1598/829 1522/1597/829 1521/1849/829 1523/1855/829
f 1478/1827/839 1477/1811/839 1446/1856/839 1445/1857/839
f 1506/1590/803 1500/1599/803 1499/1786/803 1505/1785/803
f 1514/1591/766 1519/1594/766 1520/1793/766 1513/1792/766
f 1502/1601/774 1509/1589/774 1510/1858/774 1501/1859/774
f 1498/1555/746 1503/1558/746 1504/1803/746 1497/1802/746
f 1481/1834/840 1472/1829/840 1441/1844/840 1452/1860/840
f 1516/1602/773 1518/1600/773 1517/1846/773 1515/1840/773
f 1504/1803/832 1503/1558/832 1547/1861/832 1548/1862/832
f 1471/1795/841 1482/1787/841 1451/1863/841 1442/1843/841
f 1525/1595/767 1508/1592/767 1507/1864/767 1526/1837/767
f 1470/1814/842 1469/1825/842 1448/1865/842 1447/1866/842
f 1469/1825/843 1488/1824/843 1449/1867/843 1448/1865/843
f 1498/1555/837 1497/1802/837 1545/1848/837 1546/1851/837
f 1511/1593/768 1496/1596/768 1495/1868/768 1512/1869/768
f 1341/1635/768 1480/1833/768 1463/1817/768 1299/1631/768
f 1455/1870/770 1457/1871/770 1458/1872/770 1456/1873/770
f 1439/1874/771 1443/1875/771 1444/1876/771 1440/1877/771
f 1435/1878/801 1437/1879/801 1438/1880/801 1436/1881/801
f 1433/1882/765 1432/1883/765 1431/1884/765 1434/1885/765
f 1446/1886/763 1453/1887/763 1454/1888/763 1445/1889/763
f 1450/1890/772 1447/1891/772 1448/1892/772 1449/1893/772
f 1442/1894/764 1451/1895/764 1452/1896/764 1441/1897/764
f 1528/1898/769 1529/1899/769 1530/1900/769 1527/1901/769
f 1534/1902/770 1532/1903/770 1531/1904/770 1533/1905/770
f 1550/1906/771 1546/1907/771 1545/1908/771 1549/1909/771
f 1554/1910/801 1552/1911/801 1551/1912/801 1553/1913/801
f 1556/1914/765 1557/1915/765 1558/1916/765 1555/1917/765
f 1543/1918/763 1536/1919/763 1535/1920/763 1544/1921/763
f 1539/1922/772 1542/1923/772 1541/1924/772 1540/1925/772
f 1547/1926/764 1538/1927/764 1537/1928/764 1548/1929/764
f 1526/1837/844 1521/1849/844 1527/1850/844 1530/1838/844
f 1485/1826/838 1486/1797/838 1439/1930/838 1440/1931/838
f 1524/1598/845 1523/1855/845 1531/1932/845 1532/1933/845
f 1486/1797/846 1466/1800/846 1443/1854/846 1439/1930/846
f 1489/1822/835 1490/1776/835 1461/1934/835 1462/1935/835
f 1495/1868/847 1496/1596/847 1554/1936/847 1553/1937/847
f 1465/1828/848 1485/1826/848 1440/1931/848 1444/1853/848
f 1490/1776/849 1493/1775/849 1460/1938/849 1461/1934/849
f 1496/1596/850 1516/1602/850 1552/1842/850 1554/1936/850
f 1484/1835/831 1483/1818/831 1438/1939/831 1437/1940/831
f 1493/1775/830 1494/1831/830 1459/1941/830 1460/1938/830
f 1515/1840/851 1495/1868/851 1553/1937/851 1551/1841/851
f 1499/1786/852 1500/1599/852 1534/1942/852 1533/1943/852
f 1494/1831/853 1489/1822/853 1462/1935/853 1459/1941/853
f 1507/1864/854 1508/1592/854 1556/1944/854 1555/1945/854
f 1500/1599/855 1524/1598/855 1532/1933/855 1534/1942/855
f 1492/1815/845 1491/1821/845 1458/1946/845 1457/1947/845
f 1508/1592/856 1511/1593/856 1557/1948/856 1556/1944/856
f 1523/1855/857 1499/1786/857 1533/1943/857 1531/1932/857
f 1463/1817/847 1464/1810/847 1435/1949/847 1436/1950/847
f 1511/1593/858 1512/1869/858 1558/1951/858 1557/1948/858
f 1506/1590/859 1505/1785/859 1535/1952/859 1536/1953/859
f 1464/1810/860 1484/1835/860 1437/1940/860 1435/1949/860
f 1512/1869/861 1507/1864/861 1555/1945/861 1558/1951/861
f 1483/1818/862 1463/1817/862 1436/1950/862 1438/1939/862
f 1467/1823/852 1468/1779/852 1455/1954/852 1456/1955/852
f 1475/1832/854 1476/1805/854 1433/1956/854 1434/1957/854
f 1468/1779/863 1492/1815/863 1457/1947/863 1455/1954/863
f 1514/1591/864 1513/1792/864 1537/1958/864 1538/1959/864
f 1476/1805/865 1479/1808/865 1432/1960/865 1433/1956/865
f 1491/1821/866 1467/1823/866 1456/1955/866 1458/1946/866
f 1509/1589/867 1506/1590/867 1536/1953/867 1543/1961/867
f 1479/1808/858 1480/1833/858 1431/1962/858 1432/1960/858
f 1474/1780/859 1473/1830/859 1454/1963/859 1453/1964/859
f 1505/1785/868 1510/1858/868 1544/1965/868 1535/1952/868
f 1520/1793/869 1519/1594/869 1539/1966/869 1540/1967/869
f 1480/1833/870 1475/1832/870 1434/1957/870 1431/1962/870
f 1519/1594/871 1502/1601/871 1542/1968/871 1539/1966/871
f 1501/1859/872 1520/1793/872 1540/1967/872 1541/1969/872
f 1502/1601/842 1501/1859/842 1541/1969/842 1542/1968/842
f 1482/1787/864 1481/1834/864 1452/1860/864 1451/1863/864
f 1503/1558/873 1514/1591/873 1538/1959/873 1547/1861/873
f 1477/1811/874 1474/1780/874 1453/1964/874 1446/1856/874
f 1513/1792/875 1504/1803/875 1548/1862/875 1537/1958/875
f 1510/1858/839 1509/1589/839 1543/1961/839 1544/1965/839
f 1473/1830/876 1478/1827/876 1445/1857/876 1454/1963/876
f 1488/1824/869 1487/1790/869 1450/1970/869 1449/1867/869
f 1487/1790/877 1470/1814/877 1447/1866/877 1450/1970/877
f 1572/1971/770 1574/1783/770 1499/1786/770 1523/1855/770
f 1562/1972/801 1495/1868/801 1515/1840/801 1563/1973/801
f 1568/1804/764 1504/1803/764 1513/1792/764 1583/1791/764
f 1582/1794/772 1520/1793/772 1501/1859/772 1578/1974/772
f 1578/1974/774 1501/1859/774 1510/1858/774 1579/1975/774
f 1464/1810/801 1561/1809/801 1564/1836/801 1484/1835/801
f 1588/1976/769 1589/1977/769 1521/1849/769 1526/1837/769
f 1559/1978/768 1512/1869/768 1495/1868/768 1562/1972/768
f 1563/1973/773 1515/1840/773 1517/1846/773 1569/1979/773
f 1569/1979/771 1517/1846/771 1497/1802/771 1566/1801/771
f 1466/1800/746 1565/1799/746 1567/1796/746 1471/1795/746
f 1470/1814/774 1577/1813/774 1580/1812/774 1477/1811/774
f 1586/1980/767 1588/1976/767 1526/1837/767 1507/1864/767
f 1589/1977/829 1572/1971/829 1523/1855/829 1521/1849/829
f 1579/1975/763 1510/1858/763 1505/1785/763 1575/1784/763
f 1572/1971/878 1589/1977/878 1590/1777/878 1571/1816/878
f 1562/1972/879 1563/1973/879 1564/1836/879 1561/1809/879
f 1568/1804/880 1583/1791/880 1584/1788/880 1567/1796/880
f 1578/1974/881 1579/1975/881 1580/1812/881 1577/1813/881
f 1579/1975/882 1575/1784/882 1576/1781/882 1580/1812/882
f 1586/1980/883 1559/1978/883 1560/1807/883 1585/1806/883
f 1588/1976/884 1586/1980/884 1585/1806/884 1587/1778/884
f 1559/1978/885 1562/1972/885 1561/1809/885 1560/1807/885
f 1563/1973/886 1569/1979/886 1570/1798/886 1564/1836/886
f 1566/1801/887 1568/1804/887 1567/1796/887 1565/1799/887
f 1569/1979/888 1566/1801/888 1565/1799/888 1570/1798/888
f 1582/1794/889 1578/1974/889 1577/1813/889 1581/1789/889
f 1583/1791/890 1582/1794/890 1581/1789/890 1584/1788/890
f 1574/1783/891 1572/1971/891 1571/1816/891 1573/1782/891
f 1575/1784/892 1574/1783/892 1573/1782/892 1576/1781/892
f 1589/1977/893 1588/1976/893 1587/1778/893 1590/1777/893
f 1586/1980/765 1507/1864/765 1512/1869/765 1559/1978/765
f 1591/1981/746 1611/1982/746 1612/1983/746 1592/1984/746
f 1601/1985/767 1629/1986/767 1630/1987/767 1602/1988/767
f 1607/1989/773 1625/1990/773 1626/1991/773 1608/1992/773
f 1609/1993/829 1605/1994/829 1606/1995/829 1610/1996/829
f 1611/1982/771 1607/1989/771 1608/1992/771 1612/1983/771
f 1613/1997/772 1623/1998/772 1624/1999/772 1614/2000/772
f 1623/1998/766 1617/2001/766 1618/2002/766 1624/1999/766
f 1625/1990/801 1619/2003/801 1620/2004/801 1626/1991/801
f 1605/1994/770 1621/2005/770 1622/2006/770 1606/1995/770
f 1615/2007/763 1603/2008/763 1604/2009/763 1616/2010/763
f 1627/2011/765 1601/1985/765 1602/1988/765 1628/2012/765
f 1617/2001/764 1591/1981/764 1592/1984/764 1618/2002/764
f 1629/1986/769 1609/1993/769 1610/1996/769 1630/1987/769
f 1619/2003/768 1627/2011/768 1628/2012/768 1620/2004/768
f 1621/2005/803 1615/2007/803 1616/2010/803 1622/2006/803
f 1603/2008/774 1613/1997/774 1614/2000/774 1604/2009/774
f 1594/2013/894 1593/2014/894 1645/2015/894 1631/2016/894
f 1613/1997/895 1603/2008/895 1632/2017/895 1671/2018/895
f 1600/2019/896 1597/2020/896 1657/2021/896 1633/2022/896
f 1591/1981/897 1631/2016/897 1638/2023/897 1639/2024/897
f 1593/2014/898 1595/2025/898 1648/2026/898 1640/2027/898
f 1597/2020/899 1598/2028/899 1637/2029/899 1642/2030/899
f 1643/2031/900 1655/2032/900 1662/2033/900 1644/2034/900
f 1593/2014/901 1640/2027/901 1645/2015/901
f 1645/2015/771 1640/2027/771 1607/1989/771 1611/1982/771
f 1599/2035/902 1653/2036/902 1634/2037/902
f 1634/2037/772 1653/2036/772 1623/1998/772 1613/1997/772
f 1603/2008/903 1636/2038/903 1647/2039/903 1632/2017/903
f 1648/2026/904 1625/1990/904 1641/2040/904 1649/2041/904
f 1599/2035/905 1594/2013/905 1650/2042/905 1653/2036/905
f 1615/2007/906 1621/2005/906 1654/2043/906 1659/2044/906
f 1595/2025/801 1643/2031/801 1648/2026/801
f 1648/2026/801 1643/2031/801 1619/2003/801 1625/1990/801
f 1598/2028/907 1652/2045/907 1637/2029/907
f 1637/2029/770 1652/2045/770 1621/2005/770 1605/1994/770
f 1611/1982/908 1591/1981/908 1639/2024/908 1660/2046/908
f 1596/2047/909 1636/2038/909 1646/2048/909
f 1646/2048/763 1636/2038/763 1603/2008/763 1615/2007/763
f 1600/2019/910 1633/2022/910 1655/2032/910
f 1655/2032/765 1633/2022/765 1601/1985/765 1627/2011/765
f 1594/2013/911 1631/2016/911 1650/2042/911
f 1650/2042/764 1631/2016/764 1591/1981/764 1617/2001/764
f 1625/1990/912 1607/1989/912 1656/2049/912 1641/2040/912
f 1597/2020/913 1642/2030/913 1657/2021/913
f 1657/2021/769 1642/2030/769 1609/1993/769 1629/1986/769
f 1636/2038/914 1634/2037/914 1635/2050/914 1647/2039/914
f 1595/2025/915 1600/2019/915 1655/2032/915 1643/2031/915
f 1621/2005/916 1652/2045/916 1658/2051/916 1654/2043/916
f 1598/2028/917 1596/2047/917 1646/2048/917 1652/2045/917
f 1596/2047/918 1599/2035/918 1634/2037/918 1636/2038/918
f 1655/2032/919 1627/2011/919 1661/2052/919 1662/2033/919
f 1642/2030/920 1637/2029/920 1666/2053/920 1663/2054/920
f 1645/2015/921 1611/1982/921 1660/2046/921 1664/2055/921
f 1637/2029/922 1605/1994/922 1665/2056/922 1666/2053/922
f 1633/2022/923 1657/2021/923 1668/2057/923 1667/2058/923
f 1601/1985/924 1633/2022/924 1667/2058/924 1669/2059/924
f 1657/2021/925 1629/1986/925 1670/2060/925 1668/2057/925
f 1634/2037/926 1613/1997/926 1671/2018/926 1635/2050/926
f 1627/2011/927 1619/2003/927 1672/2061/927 1661/2052/927
f 1607/1989/928 1640/2027/928 1673/2062/928 1656/2049/928
f 1623/1998/929 1653/2036/929 1674/2063/929 1675/2064/929
f 1653/2036/930 1650/2042/930 1676/2065/930 1674/2063/930
f 1650/2042/931 1617/2001/931 1651/2066/931 1676/2065/931
f 1605/1994/932 1609/1993/932 1677/2067/932 1665/2056/932
f 1629/1986/933 1601/1985/933 1669/2059/933 1670/2060/933
f 1640/2027/934 1648/2026/934 1649/2041/934 1673/2062/934
f 1609/1993/935 1642/2030/935 1663/2054/935 1677/2067/935
f 1619/2003/936 1643/2031/936 1644/2034/936 1672/2061/936
f 1631/2016/937 1645/2015/937 1664/2055/937 1638/2023/937
f 1652/2045/938 1646/2048/938 1678/2068/938 1658/2051/938
f 1646/2048/939 1615/2007/939 1659/2044/939 1678/2068/939
f 1617/2001/940 1623/1998/940 1675/2064/940 1651/2066/940
f 1622/2069/941 1616/2070/941 1689/2071/941 1679/2072/941
f 1604/2073/941 1614/2074/941 1688/2075/941 1681/2076/941
f 1592/2077/941 1612/2078/941 1687/2079/941 1682/2080/941
f 1602/2081/941 1630/2082/941 1680/2083/941 1683/2084/941
f 1608/2085/941 1626/2086/941 1693/2087/941 1685/2088/941
f 1610/2089/941 1606/2090/941 1684/2091/941 1686/2092/941
f 1612/2078/941 1608/2085/941 1685/2088/941 1687/2079/941
f 1614/2074/941 1624/2093/941 1692/2094/941 1688/2075/941
f 1624/2093/941 1618/2095/941 1690/2096/941 1692/2094/941
f 1626/2086/941 1620/2097/941 1691/2098/941 1693/2087/941
f 1606/2090/941 1622/2069/941 1679/2072/941 1684/2091/941
f 1616/2070/941 1604/2073/941 1681/2076/941 1689/2071/941
f 1628/2099/941 1602/2081/941 1683/2084/941 1694/2100/941
f 1618/2095/941 1592/2077/941 1682/2080/941 1690/2096/941
f 1630/2082/941 1610/2089/941 1686/2092/941 1680/2083/941
f 1620/2097/941 1628/2099/941 1694/2100/941 1691/2098/941
f 1680/2083/942 1686/2092/942 1695/2101/942
f 1691/2098/943 1694/2100/943 1695/2101/943
f 1679/2072/944 1689/2071/944 1695/2101/944
f 1681/2076/945 1688/2075/945 1695/2101/945
f 1682/2080/946 1687/2079/946 1695/2101/946
f 1683/2084/947 1680/2083/947 1695/2101/947
f 1685/2088/948 1693/2087/948 1695/2101/948
f 1686/2092/949 1684/2091/949 1695/2101/949
f 1687/2079/950 1685/2088/950 1695/2101/950
f 1688/2075/951 1692/2094/951 1695/2101/951
f 1692/2094/952 1690/2096/952 1695/2101/952
f 1693/2087/953 1691/2098/953 1695/2101/953
f 1684/2091/954 1679/2072/954 1695/2101/954
f 1689/2071/955 1681/2076/955 1695/2101/955
f 1694/2100/956 1683/2084/956 1695/2101/956
f 1690/2096/957 1682/2080/957 1695/2101/957
f 1638/2102/746 1664/2103/746 1660/2104/746 1639/2105/746
f 1667/2106/767 1668/2107/767 1670/2108/767 1669/2109/767
f 1673/2110/773 1649/2111/773 1641/2112/773 1656/2113/773
f 1663/2114/829 1666/2115/829 1665/2116/829 1677/2117/829
f 1674/2118/766 1676/2119/766 1651/2120/766 1675/2121/766
f 1644/2122/768 1662/2123/768 1661/2124/768 1672/2125/768
f 1658/2126/803 1678/2127/803 1659/2128/803 1654/2129/803
f 1647/2130/774 1635/2131/774 1671/2132/774 1632/2133/774
f 1698/2134/958 1697/2135/958 1945/2136/958 1944/2137/958
f 1702/2138/959 1757/2139/959 1696/2140/959
f 2008/2141/960 2025/2142/960 1700/2143/960 1701/2144/960
f 1702/2145/961 1760/2146/961 1703/2147/961 1704/2148/961
f 1723/2149/962 1901/2150/962 1967/2151/962 1917/2152/962
f 1945/2136/963 1964/2153/963 1943/2154/963 1944/2137/963
f 1883/2155/964 1739/2156/964 1948/2157/964 1958/2158/964
f 1711/2159/965 1712/2160/965 1713/2161/965
f 2015/2162/966 2029/2163/966 1716/2164/966 1717/2165/966
f 1892/2166/967 1891/2167/967 1942/2168/967 1962/2169/967
f 1720/2170/968 1699/2171/968 1721/2172/968 1722/2173/968
f 1988/2174/969 1880/2175/969 1741/2176/969 1978/2177/969
f 1729/2178/970 1730/2179/970 1731/2180/970
f 1900/2181/971 1899/2182/971 1965/2183/971 1966/2184/971
f 1993/2185/972 1889/2186/972 1728/2187/972 1979/2188/972
f 1702/2145/973 1704/2148/973 1737/2189/973
f 1873/2190/974 1874/2191/974 1937/2192/974 1952/2193/974
f 2013/2194/975 2017/2195/975 1708/2196/975 1742/2197/975
f 1724/2198/976 1723/2149/976 1917/2152/976 1918/2199/976
f 1745/2200/977 1711/2159/977 1713/2161/977 1746/2201/977
f 1997/2202/978 1897/2203/978 1710/2204/978 1970/2205/978
f 1728/2187/979 1727/2206/979 1923/2207/979 1924/2208/979
f 2001/2209/980 2021/2210/980 1726/2211/980 1752/2212/980
f 1720/2170/981 1722/2173/981 1753/2213/981
f 1761/2214/959 1699/2215/959 1696/2140/959
f 1760/2216/959 1702/2138/959 1696/2140/959
f 1745/2217/959 1754/2218/959 1696/2140/959
f 1758/2219/959 1762/2220/959 1696/2140/959
f 1757/2139/959 1761/2214/959 1696/2140/959
f 1720/2221/959 1756/2222/959 1696/2140/959
f 1754/2218/959 1755/2223/959 1696/2140/959
f 1711/2224/959 1745/2217/959 1696/2140/959
f 1762/2220/959 1763/2225/959 1696/2140/959
f 1759/2226/959 1711/2224/959 1696/2140/959
f 1729/2227/959 1758/2219/959 1696/2140/959
f 1756/2222/959 1759/2226/959 1696/2140/959
f 1699/2215/959 1720/2221/959 1696/2140/959
f 1763/2225/959 1760/2216/959 1696/2140/959
f 1755/2223/959 1729/2227/959 1696/2140/959
f 1758/2228/982 1729/2178/982 1731/2180/982 1768/2229/982
f 2012/2230/983 2026/2231/983 1734/2232/983 1769/2233/983
f 1985/2234/984 1874/2191/984 1764/2235/984 1971/2236/984
f 1897/2203/985 1698/2134/985 1944/2137/985 1943/2154/985
f 1757/2237/986 1702/2145/986 1737/2189/986 1771/2238/986
f 1745/2200/987 1746/2201/987 1772/2239/987
f 1765/2240/988 1767/2241/988 1939/2242/988 1938/2243/988
f 2005/2244/989 2030/2245/989 1749/2246/989 1773/2247/989
f 1705/2248/990 1892/2166/990 1962/2169/990 1921/2249/990
f 1756/2250/991 1720/2170/991 1753/2213/991 1774/2251/991
f 1888/2252/992 1728/2187/992 1924/2208/992 1933/2253/992
f 1989/2254/993 1881/2255/993 1719/2256/993 1982/2257/993
f 1706/2258/994 1705/2248/994 1921/2249/994 1922/2259/994
f 1758/2228/995 1768/2229/995 1776/2260/995
f 1994/2261/996 1891/2167/996 1744/2262/996 1976/2263/996
f 1735/2264/997 1900/2181/997 1966/2184/997 1907/2265/997
f 2009/2266/998 2018/2267/998 1770/2268/998 1778/2269/998
f 1751/2270/999 1750/2271/999 1909/2272/999 1910/2273/999
f 1757/2237/1000 1771/2238/1000 1779/2274/1000
f 1882/2275/1001 1881/2255/1001 1956/2276/1001 1957/2277/1001
f 1754/2278/1002 1745/2200/1002 1772/2239/1002 1780/2279/1002
f 1998/2280/1003 1899/2182/1003 1698/2134/1003 1983/2281/1003
f 1992/2282/1004 1888/2252/1004 1715/2283/1004 1975/2284/1004
f 1756/2250/1005 1774/2251/1005 1783/2285/1005
f 2004/2286/1006 2022/2287/1006 1775/2288/1006 1784/2289/1006
f 1769/2233/1007 1734/2232/1007 1785/2290/1007 1786/2291/1007
f 1703/2147/1008 1787/2292/1008 1788/2293/1008 1789/2294/1008
f 1790/2295/959 1791/2296/959 1734/2232/959 1701/2144/959
f 1792/2297/959 1793/2298/959 1726/2211/959 1725/2299/959
f 1794/2300/1009 1795/2301/1009 1796/2302/1009 1797/2303/1009
f 1798/2304/959 1799/2305/959 1708/2196/959 1707/2306/959
f 1800/2307/1010 1801/2308/1010 1802/2309/1010 1803/2310/1010
f 1721/2172/1011 1804/2311/1011 1805/2312/1011 1806/2313/1011
f 1807/2314/959 1794/2300/959 1716/2164/959 1808/2315/959
f 1773/2247/1012 1749/2246/1012 1809/2316/1012 1810/2317/1012
f 1721/2172/959 1811/2318/959 1812/2319/959 1804/2311/959
f 1772/2239/1013 1773/2247/1013 1810/2317/1013 1813/2320/1013
f 1713/2161/959 1712/2160/959 1814/2321/959 1815/2322/959
f 1816/2323/1014 1790/2295/1014 1817/2324/1014 1818/2325/1014
f 1731/2180/959 1730/2179/959 1819/2326/959 1820/2327/959
f 1795/2301/959 1780/2279/959 1749/2246/959 1717/2165/959
f 1811/2318/1015 1792/2297/1015 1821/2328/1015 1822/2329/1015
f 1823/2330/767 1704/2148/767 1824/2331/767 1825/2332/767
f 1703/2147/959 1800/2307/959 1826/2333/959 1787/2292/959
f 1783/2285/959 1774/2251/959 1770/2268/959 1742/2197/959
f 1778/2269/1016 1770/2268/1016 1827/2334/1016 1828/2335/1016
f 1779/2274/959 1771/2238/959 1775/2288/959 1752/2212/959
f 1776/2260/959 1768/2229/959 1777/2336/959 1769/2233/959
f 1713/2161/1017 1815/2322/1017 1829/2337/1017 1830/2338/1017
f 1712/2160/1018 1798/2304/1018 1831/2339/1018 1832/2340/1018
f 1772/2239/959 1746/2201/959 1781/2341/959 1773/2247/959
f 1770/2268/763 1774/2251/763 1833/2342/763 1827/2334/763
f 1782/2343/1019 1826/2333/1019 1834/2344/1019 1835/2345/1019
f 1801/2308/959 1816/2323/959 1700/2143/959 1782/2343/959
f 1753/2213/959 1722/2173/959 1836/2346/959 1778/2269/959
f 1784/2289/1020 1775/2288/1020 1837/2347/1020 1838/2348/1020
f 1737/2189/959 1704/2148/959 1823/2330/959 1784/2289/959
f 1729/2178/1021 1755/2349/1021 1807/2314/1021 1730/2179/1021
f 2014/2350/1022 2020/2351/1022 1812/2319/1022 1725/2299/1022
f 1699/2171/1023 1811/2318/1023 1721/2172/1023
f 1996/2352/1024 1896/2353/1024 1765/2240/1024 1984/2354/1024
f 1711/2159/1025 1759/2355/1025 1798/2304/1025 1712/2160/1025
f 2007/2356/1026 2023/2357/1026 1823/2330/1026 1787/2292/1026
f 2003/2358/1027 2032/2359/1027 1814/2321/1027 1707/2306/1027
f 1760/2146/1028 1800/2307/1028 1703/2147/1028
f 1755/2349/1029 1794/2300/1029 1807/2314/1029
f 1699/2171/1030 1761/2360/1030 1792/2297/1030 1811/2318/1030
f 1987/2361/1031 1877/2362/1031 1733/2363/1031 1977/2364/1031
f 2002/2365/1032 2028/2366/1032 1819/2326/1032 1808/2315/1032
f 1763/2367/1033 1762/2368/1033 1790/2295/1033 1816/2323/1033
f 1759/2355/1034 1799/2305/1034 1798/2304/1034
f 1991/2369/1035 1886/2370/1035 1739/2156/1035 1972/2371/1035
f 1999/2372/1036 1902/2373/1036 1736/2374/1036 1973/2375/1036
f 1760/2146/1037 1763/2367/1037 1801/2308/1037 1800/2307/1037
f 1755/2349/1038 1754/2278/1038 1795/2301/1038 1794/2300/1038
f 1761/2360/1039 1793/2298/1039 1792/2297/1039
f 2010/2376/1040 2019/2377/1040 1836/2346/1040 1804/2311/1040
f 1995/2378/1041 1893/2379/1041 1706/2258/1041 1980/2380/1041
f 1762/2368/1042 1791/2296/1042 1790/2295/1042
f 1759/2355/1043 1756/2250/1043 1783/2285/1043 1799/2305/1043
f 1990/2381/1044 1883/2155/1044 1748/2382/1044 1969/2383/1044
f 2011/2384/1045 2024/2385/1045 1826/2333/1045 1782/2343/1045
f 2006/2386/1046 2031/2387/1046 1781/2341/1046 1815/2322/1046
f 1763/2367/1047 1816/2323/1047 1801/2308/1047
f 1754/2278/1048 1780/2279/1048 1795/2301/1048
f 1986/2388/1049 1875/2389/1049 1751/2270/1049 1981/2390/1049
f 1761/2360/1050 1757/2237/1050 1779/2274/1050 1793/2298/1050
f 2016/2391/1051 2027/2392/1051 1777/2336/1051 1820/2327/1051
f 1762/2368/1052 1758/2228/1052 1776/2260/1052 1791/2296/1052
f 1839/2393/959 1840/2394/959 1841/2395/959 1842/2396/959
f 1824/2331/959 1789/2294/959 1788/2293/959 1825/2332/959
f 1797/2303/959 1796/2302/959 1843/2397/959 1844/2398/959
f 1818/2325/959 1817/2324/959 1845/2399/959 1846/2400/959
f 1822/2329/959 1821/2328/959 1847/2401/959 1848/2402/959
f 1832/2340/959 1831/2339/959 1849/2403/959 1850/2404/959
f 1851/2405/959 1852/2406/959 1853/2407/959 1854/2408/959
f 1855/2409/959 1806/2313/959 1805/2312/959 1856/2410/959
f 1857/2411/959 1858/2412/959 1859/2413/959 1860/2414/959
f 1861/2415/959 1862/2416/959 1786/2291/959 1785/2290/959
f 1863/2417/959 1813/2320/959 1810/2317/959 1809/2316/959
f 1803/2310/959 1802/2309/959 1835/2345/959 1834/2344/959
f 1833/2342/959 1864/2418/959 1828/2335/959 1827/2334/959
f 1865/2419/959 1866/2420/959 1838/2348/959 1837/2347/959
f 1867/2421/959 1868/2422/959 1869/2423/959 1870/2424/959
f 1871/2425/959 1830/2338/959 1829/2337/959 1872/2426/959
f 1752/2212/1053 1726/2211/1053 1860/2414/1053 1859/2413/1053
f 1700/2143/768 1816/2323/768 1818/2325/768 1846/2400/768
f 1775/2288/769 1771/2238/769 1865/2419/769 1837/2347/769
f 1799/2305/1054 1783/2285/1054 1840/2394/1054 1839/2393/1054
f 1836/2346/803 1722/2173/803 1855/2409/803 1856/2410/803
f 1742/2197/1055 1708/2196/1055 1842/2396/1055 1841/2395/1055
f 1783/2285/1056 1742/2197/1056 1841/2395/1056 1840/2394/1056
f 1793/2298/1057 1779/2274/1057 1858/2412/1057 1857/2411/1057
f 1791/2296/1058 1776/2260/1058 1862/2416/1058 1861/2415/1058
f 1790/2295/1059 1701/2144/1059 1845/2399/1059 1817/2324/1059
f 1777/2336/773 1768/2229/773 1867/2421/773 1870/2424/773
f 1717/2165/1060 1716/2164/1060 1844/2398/1060 1843/2397/1060
f 1792/2297/1061 1725/2299/1061 1847/2401/1061 1821/2328/1061
f 1819/2326/771 1730/2179/771 1851/2405/771 1854/2408/771
f 1749/2246/764 1780/2279/764 1863/2417/764 1809/2316/764
f 1780/2279/1062 1772/2239/1062 1813/2320/1062 1863/2417/1062
f 1701/2144/1063 1700/2143/1063 1846/2400/1063 1845/2399/1063
f 1708/2196/774 1799/2305/774 1839/2393/774 1842/2396/774
f 1725/2299/1064 1812/2319/1064 1848/2402/1064 1847/2401/1064
f 1801/2308/1065 1782/2343/1065 1835/2345/1065 1802/2309/1065
f 1774/2251/1066 1753/2213/1066 1864/2418/1066 1833/2342/1066
f 1716/2164/746 1794/2300/746 1797/2303/746 1844/2398/746
f 1731/2180/1067 1820/2327/1067 1869/2423/1067 1868/2422/1067
f 1779/2274/1068 1752/2212/1068 1859/2413/1068 1858/2412/1068
f 1707/2306/1069 1814/2321/1069 1850/2404/1069 1849/2403/1069
f 1771/2238/1070 1737/2189/1070 1866/2420/1070 1865/2419/1070
f 1812/2319/770 1811/2318/770 1822/2329/770 1848/2402/770
f 1768/2229/1071 1731/2180/1071 1868/2422/1071 1867/2421/1071
f 1795/2301/1072 1717/2165/1072 1843/2397/1072 1796/2302/1072
f 1753/2213/1073 1778/2269/1073 1828/2335/1073 1864/2418/1073
f 1808/2315/1074 1819/2326/1074 1854/2408/1074 1853/2407/1074
f 1798/2304/1075 1707/2306/1075 1849/2403/1075 1831/2339/1075
f 1787/2292/1076 1823/2330/1076 1825/2332/1076 1788/2293/1076
f 1776/2260/1077 1769/2233/1077 1786/2291/1077 1862/2416/1077
f 1746/2201/1078 1713/2161/1078 1830/2338/1078 1871/2425/1078
f 1807/2314/1079 1808/2315/1079 1853/2407/1079 1852/2406/1079
f 1804/2311/1080 1836/2346/1080 1856/2410/1080 1805/2312/1080
f 1726/2211/829 1793/2298/829 1857/2411/829 1860/2414/829
f 1781/2341/766 1746/2201/766 1871/2425/766 1872/2426/766
f 1722/2173/1081 1721/2172/1081 1806/2313/1081 1855/2409/1081
f 1826/2333/765 1800/2307/765 1803/2310/765 1834/2344/765
f 1815/2322/1082 1781/2341/1082 1872/2426/1082 1829/2337/1082
f 1704/2148/1083 1703/2147/1083 1789/2294/1083 1824/2331/1083
f 1814/2321/772 1712/2160/772 1832/2340/772 1850/2404/772
f 1734/2232/801 1791/2296/801 1861/2415/801 1785/2290/801
f 1730/2179/1084 1807/2314/1084 1852/2406/1084 1851/2405/1084
f 1737/2189/1085 1784/2289/1085 1838/2348/1085 1866/2420/1085
f 1820/2327/1086 1777/2336/1086 1870/2424/1086 1869/2423/1086
f 2000/2427/1087 1904/2428/1087 1724/2198/1087 1974/2429/1087
f 1921/2249/1088 1962/2169/1088 1942/2168/1088 1922/2259/1088
f 1874/2191/1089 1873/2190/1089 1766/2430/1089 1764/2235/1089
f 1875/2389/1090 1876/2431/1090 1750/2271/1090 1751/2270/1090
f 1919/2432/1091 1963/2433/1091 1946/2434/1091 1920/2435/1091
f 1915/2436/1092 1955/2437/1092 1935/2438/1092 1916/2439/1092
f 1877/2362/1093 1878/2440/1093 1732/2441/1093 1733/2363/1093
f 1913/2442/1094 1953/2443/1094 1930/2444/1094 1914/2445/1094
f 1880/2175/1095 1879/2446/1095 1740/2447/1095 1741/2176/1095
f 1881/2255/1096 1882/2275/1096 1718/2448/1096 1719/2256/1096
f 1911/2449/1097 1954/2450/1097 1929/2451/1097 1912/2452/1097
f 1883/2155/1098 1884/2453/1098 1747/2454/1098 1748/2382/1098
f 1905/2455/1099 1941/2456/1099 1934/2457/1099 1906/2458/1099
f 1886/2370/1100 1885/2459/1100 1738/2460/1100 1739/2156/1100
f 1909/2272/1101 1952/2193/1101 1937/2192/1101 1910/2273/1101
f 1931/2461/1102 1957/2277/1102 1956/2276/1102 1932/2462/1102
f 1888/2252/1103 1887/2463/1103 1714/2464/1103 1715/2283/1103
f 1889/2186/1104 1890/2465/1104 1727/2206/1104 1728/2187/1104
f 1917/2152/1105 1967/2151/1105 1968/2466/1105 1918/2199/1105
f 1891/2167/1106 1892/2166/1106 1743/2467/1106 1744/2262/1106
f 1939/2242/1107 1950/2468/1107 1951/2469/1107 1938/2243/1107
f 1893/2379/1108 1894/2470/1108 1705/2248/1108 1706/2258/1108
f 1927/2471/1109 1960/2472/1109 1961/2473/1109 1928/2474/1109
f 1907/2265/1110 1966/2184/1110 1965/2183/1110 1908/2475/1110
f 1896/2353/1111 1895/2476/1111 1767/2241/1111 1765/2240/1111
f 1897/2203/1112 1898/2477/1112 1709/2478/1112 1710/2204/1112
f 1923/2207/1113 1940/2479/1113 1933/2253/1113 1924/2208/1113
f 1947/2480/1114 1959/2481/1114 1958/2158/1114 1948/2157/1114
f 1899/2182/1115 1900/2181/1115 1697/2135/1115 1698/2134/1115
f 1926/2482/1116 1949/2483/1116 1936/2484/1116 1925/2485/1116
f 1902/2373/1117 1901/2150/1117 1735/2264/1117 1736/2374/1117
f 1738/2460/1118 1884/2453/1118 1959/2481/1118 1947/2480/1118
f 1904/2428/1119 1903/2486/1119 1723/2149/1119 1724/2198/1119
f 1904/2428/1120 1764/2235/1120 1925/2485/1120 1936/2484/1120
f 1744/2262/1121 1743/2467/1121 1905/2455/1121 1906/2458/1121
f 1902/2373/1122 1724/2198/1122 1918/2199/1122 1968/2466/1122
f 1884/2453/1123 1883/2155/1123 1958/2158/1123 1959/2481/1123
f 1732/2441/1124 1876/2431/1124 1953/2443/1124 1913/2442/1124
f 1896/2353/1125 1710/2204/1125 1920/2435/1125 1946/2434/1125
f 1727/2206/1126 1887/2463/1126 1940/2479/1126 1923/2207/1126
f 1876/2431/1127 1875/2389/1127 1930/2444/1127 1953/2443/1127
f 1889/2186/1128 1744/2262/1128 1906/2458/1128 1934/2457/1128
f 1901/2150/1129 1902/2373/1129 1968/2466/1129 1967/2151/1129
f 1714/2464/1130 1885/2459/1130 1960/2472/1130 1927/2471/1130
f 1736/2374/1131 1735/2264/1131 1907/2265/1131 1908/2475/1131
f 1894/2470/1132 1893/2379/1132 1951/2469/1132 1950/2468/1132
f 1886/2370/1133 1715/2283/1133 1928/2474/1133 1961/2473/1133
f 1741/2176/1134 1740/2447/1134 1911/2449/1134 1912/2452/1134
f 1877/2362/1135 1741/2176/1135 1912/2452/1135 1929/2451/1135
f 1710/2204/1136 1709/2478/1136 1919/2432/1136 1920/2435/1136
f 1740/2447/1137 1878/2440/1137 1954/2450/1137 1911/2449/1137
f 1709/2478/1138 1895/2476/1138 1963/2433/1138 1919/2432/1138
f 1764/2235/1139 1766/2430/1139 1926/2482/1139 1925/2485/1139
f 1743/2467/1140 1890/2465/1140 1941/2456/1140 1905/2455/1140
f 1885/2459/1141 1886/2370/1141 1961/2473/1141 1960/2472/1141
f 1739/2156/1142 1738/2460/1142 1947/2480/1142 1948/2157/1142
f 1875/2389/1143 1733/2363/1143 1914/2445/1143 1930/2444/1143
f 1903/2486/1144 1904/2428/1144 1936/2484/1144 1949/2483/1144
f 1767/2241/1145 1894/2470/1145 1950/2468/1145 1939/2242/1145
f 1878/2440/1146 1877/2362/1146 1929/2451/1146 1954/2450/1146
f 1893/2379/1147 1765/2240/1147 1938/2243/1147 1951/2469/1147
f 1895/2476/1148 1896/2353/1148 1946/2434/1148 1963/2433/1148
f 1718/2448/1149 1879/2446/1149 1955/2437/1149 1915/2436/1149
f 1880/2175/1150 1719/2256/1150 1916/2439/1150 1935/2438/1150
f 1715/2283/1151 1714/2464/1151 1927/2471/1151 1928/2474/1151
f 1733/2363/1152 1732/2441/1152 1913/2442/1152 1914/2445/1152
f 1891/2167/1153 1706/2258/1153 1922/2259/1153 1942/2168/1153
f 1887/2463/1154 1888/2252/1154 1933/2253/1154 1940/2479/1154
f 1697/2135/1155 1898/2477/1155 1964/2153/1155 1945/2136/1155
f 1766/2430/1156 1903/2486/1156 1949/2483/1156 1926/2482/1156
f 1879/2446/1157 1880/2175/1157 1935/2438/1157 1955/2437/1157
f 1898/2477/1158 1897/2203/1158 1943/2154/1158 1964/2153/1158
f 1748/2382/1159 1747/2454/1159 1931/2461/1159 1932/2462/1159
f 1719/2256/1160 1718/2448/1160 1915/2436/1160 1916/2439/1160
f 1881/2255/1161 1748/2382/1161 1932/2462/1161 1956/2276/1161
f 1890/2465/1162 1889/2186/1162 1934/2457/1162 1941/2456/1162
f 1747/2454/1163 1882/2275/1163 1957/2277/1163 1931/2461/1163
f 1899/2182/1164 1736/2374/1164 1908/2475/1164 1965/2183/1164
f 1874/2191/1165 1751/2270/1165 1910/2273/1165 1937/2192/1165
f 1750/2271/1166 1873/2190/1166 1952/2193/1166 1909/2272/1166
f 2032/2359/1167 2000/2487/1167 1974/2488/1167 2006/2386/1167
f 1765/2240/1168 1893/2379/1168 1995/2378/1168 1984/2354/1168
f 2018/2267/1169 1986/2489/1169 1981/2490/1169 2013/2194/1169
f 1724/2198/1170 1902/2373/1170 1999/2372/1170 1974/2429/1170
f 1728/2187/1171 1888/2252/1171 1992/2282/1171 1979/2188/1171
f 2022/2287/1172 1990/2491/1172 1969/2492/1172 2001/2209/1172
f 2027/2392/1173 1995/2493/1173 1980/2494/1173 2012/2230/1173
f 1741/2176/1174 1877/2362/1174 1987/2361/1174 1978/2177/1174
f 2031/2387/1175 1999/2495/1175 1973/2496/1175 2005/2244/1175
f 2023/2357/1176 1991/2497/1176 1972/2498/1176 2004/2286/1176
f 1710/2204/1177 1896/2353/1177 1996/2352/1177 1970/2205/1177
f 2019/2377/1178 1987/2499/1178 1977/2500/1178 2009/2266/1178
f 1764/2235/1179 1904/2428/1179 2000/2427/1179 1971/2236/1179
f 1715/2283/1180 1886/2370/1180 1991/2369/1180 1975/2284/1180
f 2028/2366/1181 1996/2501/1181 1984/2502/1181 2016/2391/1181
f 1719/2256/1182 1880/2175/1182 1988/2174/1182 1982/2257/1182
f 1739/2156/1183 1883/2155/1183 1990/2381/1183 1972/2371/1183
f 2024/2385/1184 1992/2503/1184 1975/2504/1184 2007/2356/1184
f 2030/2245/1185 1998/2505/1185 1983/2506/1185 2015/2162/1185
f 1733/2363/1186 1875/2389/1186 1986/2388/1186 1977/2364/1186
f 2026/2231/1187 1994/2507/1187 1976/2508/1187 2008/2141/1187
f 2021/2210/1188 1989/2509/1188 1982/2510/1188 2014/2350/1188
f 1736/2374/1189 1899/2182/1189 1998/2280/1189 1973/2375/1189
f 2017/2195/1190 1985/2511/1190 1971/2512/1190 2003/2358/1190
f 1706/2258/1191 1891/2167/1191 1994/2261/1191 1980/2380/1191
f 1748/2382/1192 1881/2255/1192 1989/2254/1192 1969/2383/1192
f 2029/2163/1193 1997/2513/1193 1970/2514/1193 2002/2365/1193
f 1751/2270/1194 1874/2191/1194 1985/2234/1194 1981/2390/1194
f 2025/2142/1195 1993/2515/1195 1979/2516/1195 2011/2384/1195
f 2020/2351/1196 1988/2517/1196 1978/2518/1196 2010/2376/1196
f 1698/2134/1197 1897/2203/1197 1997/2202/1197 1983/2281/1197
f 1744/2262/1198 1889/2186/1198 1993/2185/1198 1976/2263/1198
f 1812/2319/1199 2020/2351/1199 2010/2376/1199 1804/2311/1199
f 1700/2143/1200 2025/2142/1200 2011/2384/1200 1782/2343/1200
f 1716/2164/1201 2029/2163/1201 2002/2365/1201 1808/2315/1201
f 1708/2196/1202 2017/2195/1202 2003/2358/1202 1707/2306/1202
f 1726/2211/1203 2021/2210/1203 2014/2350/1203 1725/2299/1203
f 1734/2232/1204 2026/2231/1204 2008/2141/1204 1701/2144/1204
f 1749/2246/1205 2030/2245/1205 2015/2162/1205 1717/2165/1205
f 1826/2333/1206 2024/2385/1206 2007/2356/1206 1787/2292/1206
f 1819/2326/1207 2028/2366/1207 2016/2391/1207 1820/2327/1207
f 1836/2346/1208 2019/2377/1208 2009/2266/1208 1778/2269/1208
f 1823/2330/1209 2023/2357/1209 2004/2286/1209 1784/2289/1209
f 1781/2341/1210 2031/2387/1210 2005/2244/1210 1773/2247/1210
f 1777/2336/1211 2027/2392/1211 2012/2230/1211 1769/2233/1211
f 1775/2288/1212 2022/2287/1212 2001/2209/1212 1752/2212/1212
f 1770/2268/1213 2018/2267/1213 2013/2194/1213 1742/2197/1213
f 1814/2321/1214 2032/2359/1214 2006/2386/1214 1815/2322/1214
f 1984/2502/1215 1995/2493/1215 2027/2392/1215 2016/2391/1215
f 1974/2488/1216 1999/2495/1216 2031/2387/1216 2006/2386/1216
f 1979/2516/1217 1992/2503/1217 2024/2385/1217 2011/2384/1217
f 1978/2518/1218 1987/2499/1218 2019/2377/1218 2010/2376/1218
f 1970/2514/1219 1996/2501/1219 2028/2366/1219 2002/2365/1219
f 1971/2512/1220 2000/2487/1220 2032/2359/1220 2003/2358/1220
f 1975/2504/1221 1991/2497/1221 2023/2357/1221 2007/2356/1221
f 1982/2510/1222 1988/2517/1222 2020/2351/1222 2014/2350/1222
f 1972/2498/1223 1990/2491/1223 2022/2287/1223 2004/2286/1223
f 1977/2500/1224 1986/2489/1224 2018/2267/1224 2009/2266/1224
f 1973/2496/1225 1998/2505/1225 2030/2245/1225 2005/2244/1225
f 1980/2494/1226 1994/2507/1226 2026/2231/1226 2012/2230/1226
f 1969/2492/1227 1989/2509/1227 2021/2210/1227 2001/2209/1227
f 1981/2490/1228 1985/2511/1228 2017/2195/1228 2013/2194/1228
f 1983/2506/1229 1997/2513/1229 2029/2163/1229 2015/2162/1229
f 1976/2508/1230 1993/2515/1230 2025/2142/1230 2008/2141/1230
f 2035/2519/1231 2034/2520/1231 2282/2521/1231 2281/2522/1231
f 2039/2523/959 2094/2524/959 2033/2525/959
f 2345/2526/1232 2362/2527/1232 2037/2528/1232 2038/2529/1232
f 2039/2530/1233 2097/2531/1233 2040/2532/1233 2041/2533/1233
f 2060/2534/1234 2238/2535/1234 2304/2536/1234 2254/2537/1234
f 2282/2521/1235 2301/2538/1235 2280/2539/1235 2281/2522/1235
f 2220/2540/1236 2076/2541/1236 2285/2542/1236 2295/2543/1236
f 2048/2544/1237 2049/2545/1237 2050/2546/1237
f 2352/2547/1238 2366/2548/1238 2053/2549/1238 2054/2550/1238
f 2229/2551/1239 2228/2552/1239 2279/2553/1239 2299/2554/1239
f 2057/2555/1240 2036/2556/1240 2058/2557/1240 2059/2558/1240
f 2325/2559/1241 2217/2560/1241 2078/2561/1241 2315/2562/1241
f 2066/2563/1242 2067/2564/1242 2068/2565/1242
f 2237/2566/1243 2236/2567/1243 2302/2568/1243 2303/2569/1243
f 2330/2570/1244 2226/2571/1244 2065/2572/1244 2316/2573/1244
f 2039/2530/1245 2041/2533/1245 2074/2574/1245
f 2210/2575/1246 2211/2576/1246 2274/2577/1246 2289/2578/1246
f 2350/2579/1247 2354/2580/1247 2045/2581/1247 2079/2582/1247
f 2061/2583/1248 2060/2534/1248 2254/2537/1248 2255/2584/1248
f 2082/2585/1249 2048/2544/1249 2050/2546/1249 2083/2586/1249
f 2334/2587/1250 2234/2588/1250 2047/2589/1250 2307/2590/1250
f 2065/2572/1251 2064/2591/1251 2260/2592/1251 2261/2593/1251
f 2338/2594/1252 2358/2595/1252 2063/2596/1252 2089/2597/1252
f 2057/2555/1253 2059/2558/1253 2090/2598/1253
f 2098/2599/959 2036/2600/959 2033/2525/959
f 2097/2601/959 2039/2523/959 2033/2525/959
f 2082/2602/959 2091/2603/959 2033/2525/959
f 2095/2604/959 2099/2605/959 2033/2525/959
f 2094/2524/959 2098/2599/959 2033/2525/959
f 2057/2606/959 2093/2607/959 2033/2525/959
f 2091/2603/959 2092/2608/959 2033/2525/959
f 2048/2609/959 2082/2602/959 2033/2525/959
f 2099/2605/959 2100/2610/959 2033/2525/959
f 2096/2611/959 2048/2609/959 2033/2525/959
f 2066/2612/959 2095/2604/959 2033/2525/959
f 2093/2607/959 2096/2611/959 2033/2525/959
f 2036/2600/959 2057/2606/959 2033/2525/959
f 2100/2610/959 2097/2601/959 2033/2525/959
f 2092/2608/959 2066/2612/959 2033/2525/959
f 2095/2613/1254 2066/2563/1254 2068/2565/1254 2105/2614/1254
f 2349/2615/1255 2363/2616/1255 2071/2617/1255 2106/2618/1255
f 2322/2619/1256 2211/2576/1256 2101/2620/1256 2308/2621/1256
f 2234/2588/1257 2035/2519/1257 2281/2522/1257 2280/2539/1257
f 2094/2622/1258 2039/2530/1258 2074/2574/1258 2108/2623/1258
f 2082/2585/1259 2083/2586/1259 2109/2624/1259
f 2102/2625/1260 2104/2626/1260 2276/2627/1260 2275/2628/1260
f 2342/2629/1261 2367/2630/1261 2086/2631/1261 2110/2632/1261
f 2042/2633/1262 2229/2551/1262 2299/2554/1262 2258/2634/1262
f 2093/2635/1263 2057/2555/1263 2090/2598/1263 2111/2636/1263
f 2225/2637/1264 2065/2572/1264 2261/2593/1264 2270/2638/1264
f 2326/2639/1265 2218/2640/1265 2056/2641/1265 2319/2642/1265
f 2043/2643/1266 2042/2633/1266 2258/2634/1266 2259/2644/1266
f 2095/2613/1267 2105/2614/1267 2113/2645/1267
f 2331/2646/1268 2228/2552/1268 2081/2647/1268 2313/2648/1268
f 2072/2649/1269 2237/2566/1269 2303/2569/1269 2244/2650/1269
f 2346/2651/1270 2355/2652/1270 2107/2653/1270 2115/2654/1270
f 2088/2655/1271 2087/2656/1271 2246/2657/1271 2247/2658/1271
f 2094/2622/1272 2108/2623/1272 2116/2659/1272
f 2219/2660/1273 2218/2640/1273 2293/2661/1273 2294/2662/1273
f 2091/2663/1274 2082/2585/1274 2109/2624/1274 2117/2664/1274
f 2335/2665/1275 2236/2567/1275 2035/2519/1275 2320/2666/1275
f 2329/2667/1276 2225/2637/1276 2052/2668/1276 2312/2669/1276
f 2093/2635/1277 2111/2636/1277 2120/2670/1277
f 2341/2671/1278 2359/2672/1278 2112/2673/1278 2121/2674/1278
f 2106/2618/1279 2071/2617/1279 2122/2675/1279 2123/2676/1279
f 2040/2532/1008 2124/2677/1008 2125/2678/1008 2126/2679/1008
f 2127/2680/959 2128/2681/959 2071/2617/959 2038/2529/959
f 2129/2682/959 2130/2683/959 2063/2596/959 2062/2684/959
f 2131/2685/1009 2132/2686/1009 2133/2687/1009 2134/2688/1009
f 2135/2689/959 2136/2690/959 2045/2581/959 2044/2691/959
f 2137/2692/1010 2138/2693/1010 2139/2694/1010 2140/2695/1010
f 2058/2557/1011 2141/2696/1011 2142/2697/1011 2143/2698/1011
f 2144/2699/959 2131/2685/959 2053/2549/959 2145/2700/959
f 2110/2632/1280 2086/2631/1280 2146/2701/1280 2147/2702/1280
f 2058/2557/959 2148/2703/959 2149/2704/959 2141/2696/959
f 2109/2624/1013 2110/2632/1013 2147/2702/1013 2150/2705/1013
f 2050/2546/959 2049/2545/959 2151/2706/959 2152/2707/959
f 2153/2708/1014 2127/2680/1014 2154/2709/1014 2155/2710/1014
f 2068/2565/959 2067/2564/959 2156/2711/959 2157/2712/959
f 2132/2686/959 2117/2664/959 2086/2631/959 2054/2550/959
f 2148/2703/1015 2129/2682/1015 2158/2713/1015 2159/2714/1015
f 2160/2715/767 2041/2533/767 2161/2716/767 2162/2717/767
f 2040/2532/959 2137/2692/959 2163/2718/959 2124/2677/959
f 2120/2670/959 2111/2636/959 2107/2653/959 2079/2582/959
f 2115/2654/1281 2107/2653/1281 2164/2719/1281 2165/2720/1281
f 2116/2659/959 2108/2623/959 2112/2673/959 2089/2597/959
f 2113/2645/959 2105/2614/959 2114/2721/959 2106/2618/959
f 2050/2546/1017 2152/2707/1017 2166/2722/1017 2167/2723/1017
f 2049/2545/1018 2135/2689/1018 2168/2724/1018 2169/2725/1018
f 2109/2624/959 2083/2586/959 2118/2726/959 2110/2632/959
f 2107/2653/763 2111/2636/763 2170/2727/763 2164/2719/763
f 2119/2728/1282 2163/2718/1282 2171/2729/1282 2172/2730/1282
f 2138/2693/959 2153/2708/959 2037/2528/959 2119/2728/959
f 2090/2598/959 2059/2558/959 2173/2731/959 2115/2654/959
f 2121/2674/1283 2112/2673/1283 2174/2732/1283 2175/2733/1283
f 2074/2574/959 2041/2533/959 2160/2715/959 2121/2674/959
f 2066/2563/1284 2092/2734/1284 2144/2699/1284 2067/2564/1284
f 2351/2735/1285 2357/2736/1285 2149/2704/1285 2062/2684/1285
f 2036/2556/1286 2148/2703/1286 2058/2557/1286
f 2333/2737/1287 2233/2738/1287 2102/2625/1287 2321/2739/1287
f 2048/2544/1288 2096/2740/1288 2135/2689/1288 2049/2545/1288
f 2344/2741/1289 2360/2742/1289 2160/2715/1289 2124/2677/1289
f 2340/2743/1290 2369/2744/1290 2151/2706/1290 2044/2691/1290
f 2097/2531/1291 2137/2692/1291 2040/2532/1291
f 2092/2734/1292 2131/2685/1292 2144/2699/1292
f 2036/2556/1293 2098/2745/1293 2129/2682/1293 2148/2703/1293
f 2324/2746/1294 2214/2747/1294 2070/2748/1294 2314/2749/1294
f 2339/2750/1295 2365/2751/1295 2156/2711/1295 2145/2700/1295
f 2100/2752/1296 2099/2753/1296 2127/2680/1296 2153/2708/1296
f 2096/2740/1297 2136/2690/1297 2135/2689/1297
f 2328/2754/1298 2223/2755/1298 2076/2541/1298 2309/2756/1298
f 2336/2757/1299 2239/2758/1299 2073/2759/1299 2310/2760/1299
f 2097/2531/1300 2100/2752/1300 2138/2693/1300 2137/2692/1300
f 2092/2734/1301 2091/2663/1301 2132/2686/1301 2131/2685/1301
f 2098/2745/1302 2130/2683/1302 2129/2682/1302
f 2347/2761/1303 2356/2762/1303 2173/2731/1303 2141/2696/1303
f 2332/2763/1304 2230/2764/1304 2043/2643/1304 2317/2765/1304
f 2099/2753/1305 2128/2681/1305 2127/2680/1305
f 2096/2740/1306 2093/2635/1306 2120/2670/1306 2136/2690/1306
f 2327/2766/1307 2220/2540/1307 2085/2767/1307 2306/2768/1307
f 2348/2769/1308 2361/2770/1308 2163/2718/1308 2119/2728/1308
f 2343/2771/1309 2368/2772/1309 2118/2726/1309 2152/2707/1309
f 2100/2752/1310 2153/2708/1310 2138/2693/1310
f 2091/2663/1311 2117/2664/1311 2132/2686/1311
f 2323/2773/1312 2212/2774/1312 2088/2655/1312 2318/2775/1312
f 2098/2745/1313 2094/2622/1313 2116/2659/1313 2130/2683/1313
f 2353/2776/1314 2364/2777/1314 2114/2721/1314 2157/2712/1314
f 2099/2753/1315 2095/2613/1315 2113/2645/1315 2128/2681/1315
f 2176/2778/959 2177/2779/959 2178/2780/959 2179/2781/959
f 2161/2716/959 2126/2679/959 2125/2678/959 2162/2717/959
f 2134/2688/959 2133/2687/959 2180/2782/959 2181/2783/959
f 2155/2710/959 2154/2709/959 2182/2784/959 2183/2785/959
f 2159/2714/959 2158/2713/959 2184/2786/959 2185/2787/959
f 2169/2725/959 2168/2724/959 2186/2788/959 2187/2789/959
f 2188/2790/959 2189/2791/959 2190/2792/959 2191/2793/959
f 2192/2794/959 2143/2698/959 2142/2697/959 2193/2795/959
f 2194/2796/959 2195/2797/959 2196/2798/959 2197/2799/959
f 2198/2800/959 2199/2801/959 2123/2676/959 2122/2675/959
f 2200/2802/959 2150/2705/959 2147/2702/959 2146/2701/959
f 2140/2695/959 2139/2694/959 2172/2730/959 2171/2729/959
f 2170/2727/959 2201/2803/959 2165/2720/959 2164/2719/959
f 2202/2804/959 2203/2805/959 2175/2733/959 2174/2732/959
f 2204/2806/959 2205/2807/959 2206/2808/959 2207/2809/959
f 2208/2810/959 2167/2723/959 2166/2722/959 2209/2811/959
f 2089/2597/1316 2063/2596/1316 2197/2799/1316 2196/2798/1316
f 2037/2528/768 2153/2708/768 2155/2710/768 2183/2785/768
f 2112/2673/769 2108/2623/769 2202/2804/769 2174/2732/769
f 2136/2690/1054 2120/2670/1054 2177/2779/1054 2176/2778/1054
f 2173/2731/803 2059/2558/803 2192/2794/803 2193/2795/803
f 2079/2582/1317 2045/2581/1317 2179/2781/1317 2178/2780/1317
f 2120/2670/1056 2079/2582/1056 2178/2780/1056 2177/2779/1056
f 2130/2683/1057 2116/2659/1057 2195/2797/1057 2194/2796/1057
f 2128/2681/1058 2113/2645/1058 2199/2801/1058 2198/2800/1058
f 2127/2680/1059 2038/2529/1059 2182/2784/1059 2154/2709/1059
f 2114/2721/773 2105/2614/773 2204/2806/773 2207/2809/773
f 2054/2550/1318 2053/2549/1318 2181/2783/1318 2180/2782/1318
f 2129/2682/1061 2062/2684/1061 2184/2786/1061 2158/2713/1061
f 2156/2711/771 2067/2564/771 2188/2790/771 2191/2793/771
f 2086/2631/764 2117/2664/764 2200/2802/764 2146/2701/764
f 2117/2664/1062 2109/2624/1062 2150/2705/1062 2200/2802/1062
f 2038/2529/1319 2037/2528/1319 2183/2785/1319 2182/2784/1319
f 2045/2581/774 2136/2690/774 2176/2778/774 2179/2781/774
f 2062/2684/1320 2149/2704/1320 2185/2787/1320 2184/2786/1320
f 2138/2693/1065 2119/2728/1065 2172/2730/1065 2139/2694/1065
f 2111/2636/1066 2090/2598/1066 2201/2803/1066 2170/2727/1066
f 2053/2549/746 2131/2685/746 2134/2688/746 2181/2783/746
f 2068/2565/1067 2157/2712/1067 2206/2808/1067 2205/2807/1067
f 2116/2659/1068 2089/2597/1068 2196/2798/1068 2195/2797/1068
f 2044/2691/1321 2151/2706/1321 2187/2789/1321 2186/2788/1321
f 2108/2623/1070 2074/2574/1070 2203/2805/1070 2202/2804/1070
f 2149/2704/770 2148/2703/770 2159/2714/770 2185/2787/770
f 2105/2614/1071 2068/2565/1071 2205/2807/1071 2204/2806/1071
f 2132/2686/1072 2054/2550/1072 2180/2782/1072 2133/2687/1072
f 2090/2598/1073 2115/2654/1073 2165/2720/1073 2201/2803/1073
f 2145/2700/1322 2156/2711/1322 2191/2793/1322 2190/2792/1322
f 2135/2689/1075 2044/2691/1075 2186/2788/1075 2168/2724/1075
f 2124/2677/1323 2160/2715/1323 2162/2717/1323 2125/2678/1323
f 2113/2645/1077 2106/2618/1077 2123/2676/1077 2199/2801/1077
f 2083/2586/1078 2050/2546/1078 2167/2723/1078 2208/2810/1078
f 2144/2699/1079 2145/2700/1079 2190/2792/1079 2189/2791/1079
f 2141/2696/1324 2173/2731/1324 2193/2795/1324 2142/2697/1324
f 2063/2596/829 2130/2683/829 2194/2796/829 2197/2799/829
f 2118/2726/766 2083/2586/766 2208/2810/766 2209/2811/766
f 2059/2558/1081 2058/2557/1081 2143/2698/1081 2192/2794/1081
f 2163/2718/765 2137/2692/765 2140/2695/765 2171/2729/765
f 2152/2707/1325 2118/2726/1325 2209/2811/1325 2166/2722/1325
f 2041/2533/1083 2040/2532/1083 2126/2679/1083 2161/2716/1083
f 2151/2706/772 2049/2545/772 2169/2725/772 2187/2789/772
f 2071/2617/801 2128/2681/801 2198/2800/801 2122/2675/801
f 2067/2564/1084 2144/2699/1084 2189/2791/1084 2188/2790/1084
f 2074/2574/1085 2121/2674/1085 2175/2733/1085 2203/2805/1085
f 2157/2712/1326 2114/2721/1326 2207/2809/1326 2206/2808/1326
f 2337/2812/1327 2241/2813/1327 2061/2583/1327 2311/2814/1327
f 2258/2634/1328 2299/2554/1328 2279/2553/1328 2259/2644/1328
f 2211/2576/1329 2210/2575/1329 2103/2815/1329 2101/2620/1329
f 2212/2774/1330 2213/2816/1330 2087/2656/1330 2088/2655/1330
f 2256/2817/1331 2300/2818/1331 2283/2819/1331 2257/2820/1331
f 2252/2821/1332 2292/2822/1332 2272/2823/1332 2253/2824/1332
f 2214/2747/1333 2215/2825/1333 2069/2826/1333 2070/2748/1333
f 2250/2827/1334 2290/2828/1334 2267/2829/1334 2251/2830/1334
f 2217/2560/1335 2216/2831/1335 2077/2832/1335 2078/2561/1335
f 2218/2640/1336 2219/2660/1336 2055/2833/1336 2056/2641/1336
f 2248/2834/1337 2291/2835/1337 2266/2836/1337 2249/2837/1337
f 2220/2540/1338 2221/2838/1338 2084/2839/1338 2085/2767/1338
f 2242/2840/1339 2278/2841/1339 2271/2842/1339 2243/2843/1339
f 2223/2755/1340 2222/2844/1340 2075/2845/1340 2076/2541/1340
f 2246/2657/1341 2289/2578/1341 2274/2577/1341 2247/2658/1341
f 2268/2846/1342 2294/2662/1342 2293/2661/1342 2269/2847/1342
f 2225/2637/1343 2224/2848/1343 2051/2849/1343 2052/2668/1343
f 2226/2571/1344 2227/2850/1344 2064/2591/1344 2065/2572/1344
f 2254/2537/1345 2304/2536/1345 2305/2851/1345 2255/2584/1345
f 2228/2552/1346 2229/2551/1346 2080/2852/1346 2081/2647/1346
f 2276/2627/1347 2287/2853/1347 2288/2854/1347 2275/2628/1347
f 2230/2764/1348 2231/2855/1348 2042/2633/1348 2043/2643/1348
f 2264/2856/1349 2297/2857/1349 2298/2858/1349 2265/2859/1349
f 2244/2650/1350 2303/2569/1350 2302/2568/1350 2245/2860/1350
f 2233/2738/1351 2232/2861/1351 2104/2626/1351 2102/2625/1351
f 2234/2588/1352 2235/2862/1352 2046/2863/1352 2047/2589/1352
f 2260/2592/1353 2277/2864/1353 2270/2638/1353 2261/2593/1353
f 2284/2865/1354 2296/2866/1354 2295/2543/1354 2285/2542/1354
f 2236/2567/1355 2237/2566/1355 2034/2520/1355 2035/2519/1355
f 2263/2867/1356 2286/2868/1356 2273/2869/1356 2262/2870/1356
f 2239/2758/1357 2238/2535/1357 2072/2649/1357 2073/2759/1357
f 2075/2845/1358 2221/2838/1358 2296/2866/1358 2284/2865/1358
f 2241/2813/1359 2240/2871/1359 2060/2534/1359 2061/2583/1359
f 2241/2813/1360 2101/2620/1360 2262/2870/1360 2273/2869/1360
f 2081/2647/1361 2080/2852/1361 2242/2840/1361 2243/2843/1361
f 2239/2758/1362 2061/2583/1362 2255/2584/1362 2305/2851/1362
f 2221/2838/1363 2220/2540/1363 2295/2543/1363 2296/2866/1363
f 2069/2826/1364 2213/2816/1364 2290/2828/1364 2250/2827/1364
f 2233/2738/1365 2047/2589/1365 2257/2820/1365 2283/2819/1365
f 2064/2591/1366 2224/2848/1366 2277/2864/1366 2260/2592/1366
f 2213/2816/1367 2212/2774/1367 2267/2829/1367 2290/2828/1367
f 2226/2571/1368 2081/2647/1368 2243/2843/1368 2271/2842/1368
f 2238/2535/1369 2239/2758/1369 2305/2851/1369 2304/2536/1369
f 2051/2849/1370 2222/2844/1370 2297/2857/1370 2264/2856/1370
f 2073/2759/1371 2072/2649/1371 2244/2650/1371 2245/2860/1371
f 2231/2855/1372 2230/2764/1372 2288/2854/1372 2287/2853/1372
f 2223/2755/1373 2052/2668/1373 2265/2859/1373 2298/2858/1373
f 2078/2561/1374 2077/2832/1374 2248/2834/1374 2249/2837/1374
f 2214/2747/1375 2078/2561/1375 2249/2837/1375 2266/2836/1375
f 2047/2589/1376 2046/2863/1376 2256/2817/1376 2257/2820/1376
f 2077/2832/1377 2215/2825/1377 2291/2835/1377 2248/2834/1377
f 2046/2863/1378 2232/2861/1378 2300/2818/1378 2256/2817/1378
f 2101/2620/1379 2103/2815/1379 2263/2867/1379 2262/2870/1379
f 2080/2852/1380 2227/2850/1380 2278/2841/1380 2242/2840/1380
f 2222/2844/1381 2223/2755/1381 2298/2858/1381 2297/2857/1381
f 2076/2541/1382 2075/2845/1382 2284/2865/1382 2285/2542/1382
f 2212/2774/1383 2070/2748/1383 2251/2830/1383 2267/2829/1383
f 2240/2871/1384 2241/2813/1384 2273/2869/1384 2286/2868/1384
f 2104/2626/1385 2231/2855/1385 2287/2853/1385 2276/2627/1385
f 2215/2825/1386 2214/2747/1386 2266/2836/1386 2291/2835/1386
f 2230/2764/1387 2102/2625/1387 2275/2628/1387 2288/2854/1387
f 2232/2861/1388 2233/2738/1388 2283/2819/1388 2300/2818/1388
f 2055/2833/1389 2216/2831/1389 2292/2822/1389 2252/2821/1389
f 2217/2560/1390 2056/2641/1390 2253/2824/1390 2272/2823/1390
f 2052/2668/1391 2051/2849/1391 2264/2856/1391 2265/2859/1391
f 2070/2748/1392 2069/2826/1392 2250/2827/1392 2251/2830/1392
f 2228/2552/1393 2043/2643/1393 2259/2644/1393 2279/2553/1393
f 2224/2848/1394 2225/2637/1394 2270/2638/1394 2277/2864/1394
f 2034/2520/1395 2235/2862/1395 2301/2538/1395 2282/2521/1395
f 2103/2815/1396 2240/2871/1396 2286/2868/1396 2263/2867/1396
f 2216/2831/1397 2217/2560/1397 2272/2823/1397 2292/2822/1397
f 2235/2862/1398 2234/2588/1398 2280/2539/1398 2301/2538/1398
f 2085/2767/1399 2084/2839/1399 2268/2846/1399 2269/2847/1399
f 2056/2641/1400 2055/2833/1400 2252/2821/1400 2253/2824/1400
f 2218/2640/1401 2085/2767/1401 2269/2847/1401 2293/2661/1401
f 2227/2850/1402 2226/2571/1402 2271/2842/1402 2278/2841/1402
f 2084/2839/1403 2219/2660/1403 2294/2662/1403 2268/2846/1403
f 2236/2567/1404 2073/2759/1404 2245/2860/1404 2302/2568/1404
f 2211/2576/1405 2088/2655/1405 2247/2658/1405 2274/2577/1405
f 2087/2656/1406 2210/2575/1406 2289/2578/1406 2246/2657/1406
f 2369/2744/1407 2337/2872/1407 2311/2873/1407 2343/2771/1407
f 2102/2625/1408 2230/2764/1408 2332/2763/1408 2321/2739/1408
f 2355/2652/1409 2323/2874/1409 2318/2875/1409 2350/2579/1409
f 2061/2583/1410 2239/2758/1410 2336/2757/1410 2311/2814/1410
f 2065/2572/1411 2225/2637/1411 2329/2667/1411 2316/2573/1411
f 2359/2672/1412 2327/2876/1412 2306/2877/1412 2338/2594/1412
f 2364/2777/1413 2332/2878/1413 2317/2879/1413 2349/2615/1413
f 2078/2561/1414 2214/2747/1414 2324/2746/1414 2315/2562/1414
f 2368/2772/1415 2336/2880/1415 2310/2881/1415 2342/2629/1415
f 2360/2742/1416 2328/2882/1416 2309/2883/1416 2341/2671/1416
f 2047/2589/1417 2233/2738/1417 2333/2737/1417 2307/2590/1417
f 2356/2762/1418 2324/2884/1418 2314/2885/1418 2346/2651/1418
f 2101/2620/1419 2241/2813/1419 2337/2812/1419 2308/2621/1419
f 2052/2668/1420 2223/2755/1420 2328/2754/1420 2312/2669/1420
f 2365/2751/1421 2333/2886/1421 2321/2887/1421 2353/2776/1421
f 2056/2641/1422 2217/2560/1422 2325/2559/1422 2319/2642/1422
f 2076/2541/1423 2220/2540/1423 2327/2766/1423 2309/2756/1423
f 2361/2770/1424 2329/2888/1424 2312/2889/1424 2344/2741/1424
f 2367/2630/1425 2335/2890/1425 2320/2891/1425 2352/2547/1425
f 2070/2748/1426 2212/2774/1426 2323/2773/1426 2314/2749/1426
f 2363/2616/1427 2331/2892/1427 2313/2893/1427 2345/2526/1427
f 2358/2595/1428 2326/2894/1428 2319/2895/1428 2351/2735/1428
f 2073/2759/1429 2236/2567/1429 2335/2665/1429 2310/2760/1429
f 2354/2580/1430 2322/2896/1430 2308/2897/1430 2340/2743/1430
f 2043/2643/1431 2228/2552/1431 2331/2646/1431 2317/2765/1431
f 2085/2767/1432 2218/2640/1432 2326/2639/1432 2306/2768/1432
f 2366/2548/1433 2334/2898/1433 2307/2899/1433 2339/2750/1433
f 2088/2655/1434 2211/2576/1434 2322/2619/1434 2318/2775/1434
f 2362/2527/1435 2330/2900/1435 2316/2901/1435 2348/2769/1435
f 2357/2736/1436 2325/2902/1436 2315/2903/1436 2347/2761/1436
f 2035/2519/1437 2234/2588/1437 2334/2587/1437 2320/2666/1437
f 2081/2647/1438 2226/2571/1438 2330/2570/1438 2313/2648/1438
f 2149/2704/1439 2357/2736/1439 2347/2761/1439 2141/2696/1439
f 2037/2528/1440 2362/2527/1440 2348/2769/1440 2119/2728/1440
f 2053/2549/1441 2366/2548/1441 2339/2750/1441 2145/2700/1441
f 2045/2581/1442 2354/2580/1442 2340/2743/1442 2044/2691/1442
f 2063/2596/1443 2358/2595/1443 2351/2735/1443 2062/2684/1443
f 2071/2617/1444 2363/2616/1444 2345/2526/1444 2038/2529/1444
f 2086/2631/1445 2367/2630/1445 2352/2547/1445 2054/2550/1445
f 2163/2718/1446 2361/2770/1446 2344/2741/1446 2124/2677/1446
f 2156/2711/1447 2365/2751/1447 2353/2776/1447 2157/2712/1447
f 2173/2731/1448 2356/2762/1448 2346/2651/1448 2115/2654/1448
f 2160/2715/1449 2360/2742/1449 2341/2671/1449 2121/2674/1449
f 2118/2726/1450 2368/2772/1450 2342/2629/1450 2110/2632/1450
f 2114/2721/1451 2364/2777/1451 2349/2615/1451 2106/2618/1451
f 2112/2673/1452 2359/2672/1452 2338/2594/1452 2089/2597/1452
f 2107/2653/1453 2355/2652/1453 2350/2579/1453 2079/2582/1453
f 2151/2706/1454 2369/2744/1454 2343/2771/1454 2152/2707/1454
f 2321/2887/1455 2332/2878/1455 2364/2777/1455 2353/2776/1455
f 2311/2873/1456 2336/2880/1456 2368/2772/1456 2343/2771/1456
f 2316/2901/1457 2329/2888/1457 2361/2770/1457 2348/2769/1457
f 2315/2903/1458 2324/2884/1458 2356/2762/1458 2347/2761/1458
f 2307/2899/1459 2333/2886/1459 2365/2751/1459 2339/2750/1459
f 2308/2897/1460 2337/2872/1460 2369/2744/1460 2340/2743/1460
f 2312/2889/1461 2328/2882/1461 2360/2742/1461 2344/2741/1461
f 2319/2895/1462 2325/2902/1462 2357/2736/1462 2351/2735/1462
f 2309/2883/1463 2327/2876/1463 2359/2672/1463 2341/2671/1463
f 2314/2885/1464 2323/2874/1464 2355/2652/1464 2346/2651/1464
f 2310/2881/1465 2335/2890/1465 2367/2630/1465 2342/2629/1465
f 2317/2879/1466 2331/2892/1466 2363/2616/1466 2349/2615/1466
f 2306/2877/1467 2326/2894/1467 2358/2595/1467 2338/2594/1467
f 2318/2875/1468 2322/2896/1468 2354/2580/1468 2350/2579/1468
f 2320/2891/1469 2334/2898/1469 2366/2548/1469 2352/2547/1469
f 2313/2893/1470 2330/2900/1470 2362/2527/1470 2345/2526/1470
f 2370/2904/768 2371/2905/768 2373/2906/768 2372/2907/768
f 2372/2907/746 2373/2906/746 2377/2908/746 2376/2909/746
f 2376/2909/774 2377/2908/774 2375/2910/774 2374/2911/774
f 2374/2911/829 2375/2910/829 2371/2905/829 2370/2904/829
f 2372/2907/941 2376/2909/941 2374/2911/941 2370/2904/941
f 2377/2908/959 2373/2906/959 2371/2905/959 2375/2910/959
f 2378/2912/768 2379/2913/768 2381/2914/768 2380/2915/768
f 2380/2915/746 2381/2914/746 2385/2916/746 2384/2917/746
f 2384/2917/774 2385/2916/774 2383/2918/774 2382/2919/774
f 2382/2919/829 2383/2918/829 2379/2913/829 2378/2912/829
f 2380/2915/941 2384/2917/941 2382/2919/941 2378/2912/941
f 2385/2916/959 2381/2914/959 2379/2913/959 2383/2918/959
f 2386/2920/768 2387/2921/768 2389/2922/768 2388/2923/768
f 2388/2923/746 2389/2922/746 2393/2924/746 2392/2925/746
f 2392/2925/774 2393/2924/774 2391/2926/774 2390/2927/774
f 2390/2927/829 2391/2926/829 2387/2921/829 2386/2920/829
f 2388/2923/941 2392/2925/941 2390/2927/941 2386/2920/941
f 2393/2924/959 2389/2922/959 2387/2921/959 2391/2926/959
f 2394/2928/768 2395/2929/768 2397/2930/768 2396/2931/768
f 2396/2931/746 2397/2930/746 2401/2932/746 2400/2933/746
f 2400/2933/774 2401/2932/774 2399/2934/774 2398/2935/774
f 2398/2935/829 2399/2934/829 2395/2929/829 2394/2928/829
f 2396/2931/941 2400/2933/941 2398/2935/941 2394/2928/941
f 2401/2932/959 2397/2930/959 2395/2929/959 2399/2934/959
f 2402/2936/768 2403/2937/768 2405/2938/768 2404/2939/768
f 2404/2939/746 2405/2938/746 2409/2940/746 2408/2941/746
f 2408/2941/774 2409/2940/774 2407/2942/774 2406/2943/774
f 2406/2943/829 2407/2942/829 2403/2937/829 2402/2936/829
f 2404/2939/941 2408/2941/941 2406/2943/941 2402/2936/941
f 2409/2940/959 2405/2938/959 2403/2937/959 2407/2942/959
f 2410/2944/768 2411/2945/768 2413/2946/768 2412/2947/768
f 2412/2947/746 2413/2946/746 2417/2948/746 2416/2949/746
f 2416/2949/774 2417/2948/774 2415/2950/774 2414/2951/774
f 2414/2951/829 2415/2950/829 2411/2945/829 2410/2944/829
f 2412/2947/941 2416/2949/941 2414/2951/941 2410/2944/941
f 2417/2948/959 2413/2946/959 2411/2945/959 2415/2950/959
f 2418/2952/768 2419/2953/768 2421/2954/768 2420/2955/768
f 2420/2955/746 2421/2954/746 2425/2956/746 2424/2957/746
f 2424/2957/774 2425/2956/774 2423/2958/774 2422/2959/774
f 2422/2959/829 2423/2958/829 2419/2953/829 2418/2952/829
f 2420/2955/941 2424/2957/941 2422/2959/941 2418/2952/941
f 2425/2956/959 2421/2954/959 2419/2953/959 2423/2958/959
f 2426/2960/768 2427/2961/768 2429/2962/768 2428/2963/768
f 2428/2963/746 2429/2962/746 2433/2964/746 2432/2965/746
f 2432/2965/774 2433/2964/774 2431/2966/774 2430/2967/774
f 2430/2967/829 2431/2966/829 2427/2961/829 2426/2960/829
f 2428/2963/941 2432/2965/941 2430/2967/941 2426/2960/941
f 2433/2964/959 2429/2962/959 2427/2961/959 2431/2966/959
f 2439/2968/829 2434/2969/829 2435/2970/829 2436/2971/829
f 2436/2971/1471 2435/2970/1471 2437/2972/1471 2438/2973/1471
f 2457/2974/829 2462/2975/829 2458/2976/829 2455/2977/829
f 2476/2978/1472 2439/2968/1472 2444/2979/1472 2474/2980/1472
f 2440/2981/829 2444/2979/829 2439/2968/829 2436/2971/829
f 2448/2982/1473 2445/2983/1473 2446/2984/1473 2454/2985/1473
f 2474/2980/1474 2444/2979/1474 2447/2986/1474 2477/2987/1474
f 2445/2983/829 2447/2986/829 2444/2979/829 2440/2981/829
f 2477/2987/1475 2447/2986/1475 2449/2988/1475 2479/2989/1475
f 2448/2982/829 2449/2988/829 2447/2986/829 2445/2983/829
f 2479/2989/1476 2449/2988/1476 2452/2990/1476 2475/2991/1476
f 2452/2990/829 2450/2992/829 2442/2993/829 2453/2994/829
f 2475/2991/1477 2452/2990/1477 2453/2994/1477 2478/2995/1477
f 2450/2992/1478 2448/2982/1478 2454/2985/1478 2451/2996/1478
f 2440/2981/1479 2436/2971/1479 2438/2973/1479 2441/2997/1479
f 2442/2993/1480 2450/2992/1480 2451/2996/1480 2443/2998/1480
f 2445/2983/1481 2440/2981/1481 2441/2997/1481 2446/2984/1481
f 2457/2974/829 2455/2977/829 2435/2970/829 2434/2969/829
f 2455/2977/1482 2456/2999/1482 2437/2972/1482 2435/2970/1482
f 2462/2975/829 2465/3000/829 2463/3001/829 2458/2976/829
f 2482/3002/1483 2480/3003/1483 2462/2975/1483 2457/2974/1483
f 2465/3000/829 2467/3004/829 2466/3005/829 2463/3001/829
f 2466/3005/1484 2472/3006/1484 2464/3007/1484 2463/3001/1484
f 2480/3003/1485 2483/3008/1485 2465/3000/1485 2462/2975/1485
f 2467/3004/829 2470/3009/829 2468/3010/829 2466/3005/829
f 2483/3008/1486 2485/3011/1486 2467/3004/1486 2465/3000/1486
f 2485/3011/1487 2481/3012/1487 2470/3009/1487 2467/3004/1487
f 2470/3009/829 2471/3013/829 2460/3014/829 2468/3010/829
f 2481/3012/1488 2484/3015/1488 2471/3013/1488 2470/3009/1488
f 2468/3010/1489 2469/3016/1489 2472/3006/1489 2466/3005/1489
f 2458/2976/1490 2459/3017/1490 2456/2999/1490 2455/2977/1490
f 2460/3014/1491 2461/3018/1491 2469/3016/1491 2468/3010/1491
f 2463/3001/1492 2464/3007/1492 2459/3017/1492 2458/2976/1492
f 2457/2974/1493 2434/2969/1493 2473/3019/1493 2482/3002/1493
f 2439/2968/1494 2476/2978/1494 2473/3019/1494 2434/2969/1494
f 2450/2992/829 2452/2990/829 2449/2988/829 2448/2982/829
f 2487/3020/1495 2489/3021/1495 2488/3022/1495 2486/3023/1495
f 2496/3024/1496 2499/3025/1496 2495/3026/1496 2494/3027/1496
f 2497/3028/1497 2498/3029/1497 2499/3025/1497 2496/3024/1497
f 2490/3030/1498 2491/3031/1498 2489/3021/1498 2487/3020/1498
f 2539/3032/941 2538/3033/941 2540/3034/941 2541/3035/941
f 2494/3027/1499 2495/3026/1499 2491/3031/1499 2490/3030/1499
f 2500/3036/1500 2486/3023/1500 2488/3022/1500 2501/3037/1500
f 2508/3038/1501 2506/3039/1501 2507/3040/1501 2511/3041/1501
f 2509/3042/1502 2508/3038/1502 2511/3041/1502 2510/3043/1502
f 2502/3044/1503 2500/3036/1503 2501/3037/1503 2503/3045/1503
f 2504/3046/746 2539/3032/746 2541/3035/746 2492/3047/746
f 2506/3039/1504 2502/3044/1504 2503/3045/1504 2507/3040/1504
f 2522/3048/1505 2521/3049/1505 2523/3050/1505 2524/3051/1505
f 2517/3052/1506 2525/3053/1506 2526/3054/1506 2518/3055/1506
f 2516/3056/1507 2517/3052/1507 2518/3055/1507 2513/3057/1507
f 2514/3058/1508 2522/3048/1508 2524/3051/1508 2515/3059/1508
f 2529/3060/1509 2516/3056/1509 2513/3057/1509 2512/3061/1509
f 2525/3053/1510 2514/3058/1510 2515/3059/1510 2526/3054/1510
f 2519/3062/1511 2527/3063/1511 2523/3050/1511 2521/3049/1511
f 2533/3064/1512 2534/3065/1512 2535/3066/1512 2536/3067/1512
f 2532/3068/1513 2530/3069/1513 2534/3065/1513 2533/3064/1513
f 2520/3070/1514 2528/3071/1514 2527/3063/1514 2519/3062/1514
f 2537/3072/1515 2531/3073/1515 2530/3069/1515 2532/3068/1515
f 2536/3067/1516 2535/3066/1516 2528/3071/1516 2520/3070/1516
f 2502/3044/746 2506/3039/746 2536/3067/746 2520/3070/746
f 2489/3021/1517 2491/3031/1517 2515/3059/1517 2524/3051/1517
f 2490/3030/746 2487/3020/746 2522/3048/746 2514/3058/746
f 2500/3036/746 2502/3044/746 2520/3070/746 2519/3062/746
f 2494/3027/746 2490/3030/746 2514/3058/746 2525/3053/746
f 2503/3045/1518 2501/3037/1518 2527/3063/1518 2528/3071/1518
f 2508/3038/746 2509/3042/746 2532/3068/746 2533/3064/746
f 2487/3020/746 2486/3023/746 2521/3049/746 2522/3048/746
f 2497/3028/746 2496/3024/746 2517/3052/746 2516/3056/746
f 2488/3022/1519 2489/3021/1519 2524/3051/1519 2523/3050/1519
f 2511/3041/1520 2507/3040/1520 2535/3066/1520 2534/3065/1520
f 2507/3040/1521 2503/3045/1521 2528/3071/1521 2535/3066/1521
f 2499/3025/1522 2498/3029/1522 2513/3057/1522 2518/3055/1522
f 2493/3074/959 2492/3047/959 2529/3060/959 2512/3061/959
f 2501/3037/1523 2488/3022/1523 2523/3050/1523 2527/3063/1523
f 2486/3023/746 2500/3036/746 2519/3062/746 2521/3049/746
f 2498/3029/1524 2540/3034/1524 2493/3074/1524 2512/3061/1524 2513/3057/1524
f 2492/3047/746 2541/3035/746 2497/3028/746 2516/3056/746 2529/3060/746
f 2506/3039/746 2508/3038/746 2533/3064/746 2536/3067/746
f 2510/3043/1525 2511/3041/1525 2534/3065/1525 2530/3069/1525
f 2496/3024/746 2494/3027/746 2525/3053/746 2517/3052/746
f 2504/3046/959 2505/3075/959 2531/3073/959 2537/3072/959
f 2491/3031/1526 2495/3026/1526 2526/3054/1526 2515/3059/1526
f 2505/3075/1527 2538/3033/1527 2510/3043/1527 2530/3069/1527 2531/3073/1527
f 2509/3042/746 2539/3032/746 2504/3046/746 2537/3072/746 2532/3068/746
f 2495/3026/1528 2499/3025/1528 2518/3055/1528 2526/3054/1528
f 2538/3033/829 2505/3075/829 2493/3074/829 2540/3034/829
f 2538/3033/1529 2539/3032/1529 2509/3042/1529 2510/3043/1529
f 2541/3035/1530 2540/3034/1530 2498/3029/1530 2497/3028/1530
f 2505/3075/959 2504/3046/959 2492/3047/959 2493/3074/959
f 2546/3076/829 2543/3077/829 2545/3078/829 2547/3079/829
f 2542/3080/829 2546/3076/829 2547/3079/829 2544/3081/829
o ColliderTower1_Cube.003_Cube.027
v 1.672918 0.984421 9.348978
v 1.877221 0.777393 9.552650
v 1.518199 0.777393 9.911431
v 1.598582 0.000000 9.991066
v 1.970320 0.777394 6.447351
v 2.126165 0.000000 6.366977
v 1.570579 0.777394 6.088571
v 1.702943 0.000000 6.008934
v -1.586617 0.777394 6.088571
v -1.666999 0.000000 6.008934
v -1.945639 0.777394 6.447352
v -2.025275 0.000000 6.366977
v -1.945639 0.777393 9.552650
v -2.025275 0.000000 9.633023
v 1.956858 0.000000 9.633023
v -1.382899 0.984421 6.292874
v 1.723003 0.984421 6.651025
v 1.314480 0.984421 9.707129
v -1.382899 0.984421 9.707129
v -1.586617 0.777393 9.911431
v -1.741338 1.849184 9.350511
v -1.741338 0.984421 9.348978
v -1.741338 0.984421 6.651025
v 1.337879 0.984421 6.292874
v 1.672918 1.821443 6.649493
v 1.315971 1.849184 9.707129
v -1.384390 1.849184 9.707129
v -1.053958 2.173159 9.438541
v -1.384390 1.849185 6.292874
v -1.103762 10.220916 6.408217
v 1.478709 10.220916 5.910646
v -1.729036 8.279505 9.198764
v 1.672918 1.849184 9.350511
v 1.401580 2.173159 9.017492
v 1.315971 1.831685 6.292874
v 0.980031 2.111551 6.561458
v -1.741338 1.849185 6.649493
v -1.475508 2.173159 6.982507
v 1.490045 9.026208 10.085654
v 1.912445 9.026208 9.635226
v 1.491689 9.000558 5.903097
v -1.986371 9.026208 6.365035
v 1.030214 10.220917 9.589677
v -1.534302 10.220916 6.831428
v -1.234475 8.279503 9.692192
v 1.655099 8.251987 9.198764
v 1.915787 8.974057 6.341630
v 1.160538 8.270299 9.692192
v -1.563972 9.026208 5.914608
v -1.986371 9.026208 9.635226
v -1.986193 10.220917 9.623157
v -1.100090 9.548506 6.409244
v 1.030262 10.220916 6.407904
v 1.461400 9.548506 6.832952
v 1.478290 10.220917 10.084627
v 1.026185 9.548506 9.590704
v 1.460754 10.220916 9.166466
v -1.534480 9.548506 9.161595
v -1.100090 9.548506 9.590704
v -1.475508 2.173159 9.017492
v 1.401580 2.088208 6.982507
v -1.563972 9.026208 10.085654
v -1.986193 10.220916 6.375051
v 1.478112 10.225417 10.085654
v 1.026300 9.548506 6.408492
v 0.980031 2.173159 9.438541
v -1.053958 2.173159 6.561458
v -1.534480 9.548506 6.838352
v 1.460576 9.548506 9.161595
v 1.912623 10.220917 9.623157
v -1.534480 10.225417 9.167493
v -1.551860 10.220916 5.913582
v -1.552038 10.225417 10.085654
v -1.103762 10.220917 9.589677
v -1.986371 10.225417 9.624184
v -1.551860 10.220917 10.084627
v 1.913867 10.220916 6.366337
v 1.461353 10.220916 6.827506
v -1.666999 0.000000 9.991066
v 1.912445 10.225417 9.624184
v -1.055048 7.886867 9.438542
v -1.162923 8.337781 9.575659
v 1.087411 8.326392 9.573645
v 0.981119 7.875907 9.438542
v 0.981120 7.886859 6.561454
v 1.091940 8.336651 6.418607
v -1.586317 8.342163 6.847302
v -1.475508 7.886869 6.980957
v 1.401580 7.854105 9.019045
v 1.508168 8.309022 9.147664
v 1.516202 8.333198 6.837594
v 1.401764 7.883843 6.979751
v -1.055048 7.886868 6.561458
v -1.164149 8.339884 6.422840
v -1.585798 8.341275 9.152129
v -1.475508 7.886869 9.019046
v 1.160539 8.279497 6.308055
v 1.655315 8.276963 6.800072
v -1.234475 8.279504 6.308061
v -1.729036 8.279505 6.801490
vt 0.059177 0.538824
vt 0.112987 0.538825
vt 0.113251 0.538825
vt 0.058913 0.538824
vt 0.848590 0.002030
vt 0.833759 0.002030
vt 0.833687 0.002030
vt 0.848663 0.002030
vt 0.495491 0.375373
vt 0.549295 0.375382
vt 0.549559 0.375382
vt 0.495227 0.375373
vt 0.231326 0.535195
vt 0.216494 0.535194
vt 0.216422 0.535194
vt 0.231398 0.535195
vt 0.231124 0.535195
vt 0.216695 0.535194
vt 0.059908 0.538824
vt 0.112256 0.538825
vt 0.496222 0.375373
vt 0.548564 0.375382
vt 0.848389 0.002030
vt 0.833960 0.002030
vt 0.496193 0.345554
vt 0.548593 0.345562
vt 0.059879 0.509005
vt 0.112285 0.509005
vt 0.069482 0.486123
vt 0.102685 0.486123
vt 0.505833 0.322670
vt 0.539032 0.322676
vt 0.847998 0.183408
vt 0.849441 0.194626
vt 0.848043 0.198482
vt 0.846231 0.184347
vt 0.836074 0.184093
vt 0.834293 0.198482
vt 0.832878 0.194626
vt 0.834285 0.183290
vt 0.497521 0.193912
vt 0.492350 0.182737
vt 0.497475 0.178913
vt 0.504028 0.193130
vt 0.911258 0.923275
vt 0.913103 0.923275
vt 0.913107 0.929666
vt 0.909893 0.929666
vt 0.630502 0.986009
vt 0.630502 0.975133
vt 0.633447 0.984196
vt 0.633447 0.986036
vt 0.379697 0.985759
vt 0.379697 0.974884
vt 0.382642 0.983941
vt 0.382642 0.985787
vt 0.231132 0.565010
vt 0.216687 0.565009
vt 0.848397 0.031850
vt 0.833952 0.031850
vt 0.845704 0.054632
vt 0.836550 0.054633
vt 0.228436 0.588053
vt 0.219281 0.588052
vt 0.925491 0.884698
vt 0.924166 0.884698
vt 0.924166 0.879732
vt 0.925491 0.873120
vt 0.498953 0.322669
vt 0.498953 0.202593
vt 0.505816 0.202594
vt 0.925491 0.873120
vt 0.922185 0.872422
vt 0.923550 0.866031
vt 0.834656 0.174702
vt 0.836543 0.174682
vt 0.847598 0.054632
vt 0.847598 0.174769
vt 0.845712 0.174788
vt 0.844774 0.214775
vt 0.847997 0.214775
vt 0.844783 0.214775
vt 0.227514 0.747942
vt 0.230778 0.731651
vt 0.230732 0.747942
vt 0.227527 0.747941
vt 0.626570 0.986918
vt 0.626710 0.986057
vt 0.626710 0.979664
vt 0.626729 0.979482
vt 0.850304 0.002030
vt 0.850304 0.002030
vt 0.489267 0.375372
vt 0.489267 0.375372
vt 0.119212 0.538825
vt 0.119212 0.538825
vt 0.832045 0.002030
vt 0.832045 0.002030
vt 0.832045 0.002030
vt 0.489267 0.375372
vt 0.850304 0.002030
vt 0.119212 0.538825
vt 0.119212 0.509005
vt 0.489267 0.345553
vt 0.850304 0.031850
vt 0.832045 0.031850
vt 0.109566 0.486123
vt 0.117097 0.503987
vt 0.834656 0.054633
vt 0.832618 0.036851
vt 0.849710 0.036851
vt 0.491391 0.340534
vt 0.836543 0.174682
vt 0.834656 0.174702
vt 0.218787 0.717592
vt 0.228947 0.717575
vt 0.217028 0.731649
vt 0.104463 0.356625
vt 0.067729 0.356680
vt 0.061156 0.342362
vt 0.111009 0.342363
vt 0.924166 0.910998
vt 0.925491 0.910998
vt 0.925491 0.922576
vt 0.909278 0.879732
vt 0.909278 0.884698
vt 0.907952 0.884700
vt 0.907952 0.873120
vt 0.633447 0.975106
vt 0.630502 0.973125
vt 0.633447 0.973125
vt 0.973213 0.158012
vt 0.970268 0.147098
vt 0.970268 0.139719
vt 0.973213 0.139719
vt 0.633447 0.988017
vt 0.630502 0.988017
vt 0.382642 0.974856
vt 0.379697 0.972875
vt 0.382642 0.972875
vt 0.117904 0.342363
vt 0.110814 0.326070
vt 0.110814 0.326070
vt 0.117904 0.326070
vt 0.849937 0.198482
vt 0.849937 0.214775
vt 0.627239 0.987096
vt 0.966438 0.124280
vt 0.966811 0.142967
vt 0.966391 0.169476
vt 0.116141 0.346188
vt 0.110985 0.357378
vt 0.540845 0.193088
vt 0.547322 0.178921
vt 0.920346 0.872422
vt 0.920346 0.866031
vt 0.923550 0.866031
vt 0.909278 0.872422
vt 0.908891 0.870558
vt 0.909893 0.866031
vt 0.911258 0.872422
vt 0.907952 0.922577
vt 0.909278 0.915965
vt 0.924166 0.915964
vt 0.925491 0.922576
vt 0.923550 0.929665
vt 0.922185 0.923274
vt 0.832399 0.214776
vt 0.834339 0.214776
vt 0.832399 0.214776
vt 0.490580 0.178912
vt 0.490580 0.162619
vt 0.497669 0.162620
vt 0.109315 0.491200
vt 0.062852 0.491054
vt 0.069131 0.365786
vt 0.103040 0.365788
vt 0.545650 0.328024
vt 0.498928 0.197894
vt 0.539386 0.202306
vt 0.328110 0.822274
vt 0.304334 0.828160
vt 0.304302 0.663810
vt 0.328128 0.659632
vt 0.965857 -0.058124
vt 0.989638 -0.058124
vt 0.989656 0.099813
vt 0.965839 0.099813
vt 0.061351 0.326069
vt 0.061351 0.326069
vt 0.072931 0.326069
vt 0.970268 0.183216
vt 0.976171 0.183279
vt 0.417877 0.541456
vt 0.417877 0.577570
vt 0.414932 0.577636
vt 0.411975 0.541388
vt 0.836337 0.175464
vt 0.845921 0.175339
vt 0.845921 0.175339
vt 0.836337 0.175464
vt 0.498953 0.202593
vt 0.505816 0.202594
vt 0.103473 0.365460
vt 0.068695 0.365435
vt 0.068695 0.365435
vt 0.103473 0.365460
vt 0.109566 0.366045
vt 0.102702 0.366045
vt 0.102702 0.366045
vt 0.109566 0.366045
vt 0.845712 0.174788
vt 0.847598 0.174769
vt 0.539819 0.202001
vt 0.505046 0.201995
vt 0.219062 0.708711
vt 0.228655 0.708712
vt 0.539819 0.202001
vt 0.505046 0.201995
vt 0.219062 0.708711
vt 0.228655 0.708712
vt 0.099234 0.326070
vt 0.099234 0.326070
vt 0.110814 0.326070
vt 0.509301 0.162622
vt 0.509249 0.162622
vn 0.0000 0.1019 0.9948
vn 0.9879 0.1496 0.0407
vn 0.0000 0.1019 -0.9948
vn -0.9948 0.1019 0.0000
vn -0.7118 0.7024 0.0000
vn 0.0000 0.7024 0.7118
vn 0.0000 0.7024 -0.7118
vn 0.6757 0.7370 0.0167
vn -0.0000 0.0000 -1.0000
vn 0.0000 0.0000 1.0000
vn 0.0000 0.6382 0.7698
vn 0.0111 0.6647 -0.7471
vn 0.4945 -0.7012 -0.5137
vn 0.5288 -0.6693 0.5220
vn -0.5299 -0.6778 -0.5098
vn -0.0000 1.0000 -0.0000
vn 1.0000 -0.0001 0.0000
vn -1.0000 0.0001 -0.0003
vn -1.0000 0.0000 0.0000
vn 0.9995 0.0294 0.0091
vn 0.7363 0.6764 -0.0161
vn -0.7731 0.6343 0.0000
vn 0.8605 -0.5094 0.0043
vn -0.0009 1.0000 -0.0045
vn -0.7065 -0.0002 -0.7077
vn 0.0051 1.0000 0.0001
vn 0.2850 0.9260 0.2478
vn 0.7059 -0.0002 -0.7083
vn 1.0000 0.0007 0.0007
vn -1.0000 0.0001 0.0000
vn 0.6441 0.1955 -0.7395
vn -0.6995 0.1440 -0.7000
vn -0.6995 0.1440 0.7000
vn 0.6995 0.1440 0.7000
vn 0.4121 0.8125 0.4124
vn -0.4121 0.8125 -0.4124
vn 0.3725 0.8336 -0.4078
vn -0.4121 0.8125 0.4124
vn -0.7068 -0.0012 0.7074
vn -0.7068 -0.0012 -0.7074
vn 0.6936 0.0290 -0.7197
vn 0.7068 -0.0012 0.7074
vn -0.4294 0.7943 0.4299
vn 0.4269 0.7969 0.4274
vn 0.3987 0.8423 -0.3628
vn -0.4294 0.7943 -0.4299
vn 0.7065 -0.0002 0.7077
vn -0.8632 -0.5048 0.0000
vn -0.0010 -0.5929 0.8053
vn 0.7292 0.1796 -0.6603
vn 0.7019 0.0060 0.7123
vn -0.6979 0.0052 0.7162
vn 0.7014 0.0045 -0.7128
vn -0.7019 0.0042 -0.7123
vn -0.7288 0.0068 0.6847
vn 0.7212 0.0134 -0.6926
vn -0.5298 -0.6778 0.5097
vn -0.0056 -0.6042 -0.7968
vn -0.0050 1.0000 -0.0008
vn -0.0049 1.0000 -0.0048
vn 0.7288 0.0068 0.6847
vn -0.7288 0.0063 -0.6847
vn 1.0000 -0.0000 0.0000
vn 0.9916 0.0099 0.1287
vn 0.0003 0.0012 1.0000
vn 0.0000 -0.0015 -1.0000
vn 0.8419 -0.5397 -0.0066
vn 0.5452 -0.6116 0.5733
vn -0.5570 -0.6149 -0.5583
vn -0.0025 -0.5418 0.8405
vn -0.5569 -0.6151 0.5582
vn -0.7065 -0.0002 0.7077
vn -0.2881 0.9121 0.2918
vn 0.2920 0.9118 -0.2886
vn 0.0002 0.8866 -0.4625
vn 0.0042 0.8992 0.4375
vn 0.3677 0.9299 0.0104
vn -0.3990 0.9170 0.0002
vn -0.2977 0.9064 -0.2996
vn 0.5543 -0.6147 -0.5612
vn -0.0000 -0.5423 -0.8402
vn -0.8401 -0.5425 0.0000
vn -0.0002 0.0004 1.0000
vn -0.0024 0.0027 -1.0000
usemtl COLLIDER
s off
f 2550/3082/1531 2567/3083/1531 2626/3084/1531 2551/3085/1531
f 2552/3086/1532 2549/3087/1532 2562/3088/1532 2553/3089/1532
f 2556/3090/1533 2554/3091/1533 2555/3092/1533 2557/3093/1533
f 2560/3094/1534 2558/3095/1534 2559/3096/1534 2561/3097/1534
f 2569/3098/1535 2570/3099/1535 2558/3095/1535 2560/3094/1535
f 2565/3100/1536 2566/3101/1536 2567/3083/1536 2550/3082/1536
f 2563/3102/1537 2571/3103/1537 2554/3091/1537 2556/3090/1537
f 2564/3104/1538 2548/3105/1538 2549/3087/1538 2552/3086/1538
f 2576/3106/1539 2582/3107/1539 2571/3103/1539 2563/3102/1539
f 2573/3108/1540 2574/3109/1540 2566/3101/1540 2565/3100/1540
f 2574/3109/1541 2573/3108/1541 2613/3110/1541 2575/3111/1541
f 2582/3107/1542 2576/3106/1542 2614/3112/1542 2583/3113/1542
f 2633/3114/1543 2588/3115/1543 2594/3116/1543 2638/3117/1543
f 2637/3118/1544 2587/3119/1544 2586/3120/1544 2630/3121/1544
f 2634/3122/1545 2589/3123/1545 2596/3124/1545 2641/3125/1545
f 2625/3126/1546 2604/3127/1546 2617/3128/1546 2624/3129/1546
f 2605/3130/1547 2615/3131/1547 2591/3132/1547 2618/3133/1547
f 2601/3134/1548 2616/3135/1548 2604/3136/1548 2625/3137/1548
f 2568/3138/1549 2584/3139/1549 2570/3099/1549 2569/3098/1549
f 2572/3140/1550 2580/3141/1550 2548/3105/1550 2564/3104/1550
f 2580/3141/1551 2572/3140/1551 2608/3142/1551 2581/3143/1551
f 2584/3139/1552 2568/3138/1552 2607/3144/1552 2585/3145/1552
f 2637/3118/1553 2638/3117/1553 2594/3116/1553 2587/3119/1553
f 2611/3146/1554 2590/3147/1554 2621/3148/1554 2623/3149/1554
f 2585/3150/1555 2635/3151/1555 2640/3152/1555 2614/3112/1555
f 2620/3153/1556 2621/3148/1556 2618/3154/1556 2622/3155/1556
f 2595/3156/1557 2593/3157/1557 2637/3118/1557 2630/3121/1557
f 2583/3158/1558 2632/3159/1558 2639/3160/1558 2608/3142/1558
f 2587/3161/1559 2594/3116/1559 2624/3162/1559 2617/3163/1559
f 2589/3164/1560 2597/3165/1560 2598/3166/1560 2610/3167/1560
f 2603/3168/1546 2616/3169/1546 2599/3170/1546 2615/3171/1546
f 2552/3086/1561 2553/3089/1561 2555/3172/1561 2554/3173/1561
f 2559/3174/1562 2558/3175/1562 2556/3090/1562 2557/3093/1562
f 2560/3176/1563 2561/3177/1563 2626/3084/1563 2567/3083/1563
f 2562/3088/1564 2549/3087/1564 2550/3178/1564 2551/3179/1564
f 2565/3180/1565 2550/3178/1565 2549/3087/1565 2548/3105/1565
f 2558/3175/1566 2570/3181/1566 2563/3102/1566 2556/3090/1566
f 2554/3173/1567 2571/3182/1567 2564/3104/1567 2552/3086/1567
f 2569/3183/1568 2560/3176/1568 2567/3083/1568 2566/3101/1568
f 2566/3101/1569 2574/3109/1569 2568/3184/1569 2569/3183/1569
f 2576/3106/1570 2563/3102/1570 2570/3181/1570 2584/3185/1570
f 2572/3140/1571 2564/3104/1571 2571/3182/1571 2582/3186/1571
f 2573/3187/1572 2565/3180/1572 2548/3105/1572 2580/3141/1572
f 2607/3188/1573 2568/3189/1573 2574/3109/1573 2575/3111/1573
f 2580/3141/1574 2581/3143/1574 2613/3190/1574 2573/3191/1574
f 2582/3192/1575 2583/3158/1575 2608/3142/1575 2572/3140/1575
f 2584/3193/1576 2585/3150/1576 2614/3112/1576 2576/3106/1576
f 2581/3143/1577 2636/3194/1577 2631/3195/1577 2613/3190/1577
f 2634/3196/1578 2642/3197/1578 2597/3165/1578 2589/3198/1578
f 2629/3199/1579 2630/3200/1579 2586/3201/1579 2609/3202/1579
f 2590/3203/1580 2611/3204/1580 2602/3205/1580
f 2577/3206/1546 2600/3207/1546 2578/3208/1546 2619/3209/1546
f 2591/3210/1581 2615/3131/1581 2599/3211/1581 2577/3212/1581
f 2600/3213/1582 2612/3214/1582 2601/3215/1582 2625/3216/1582
f 2605/3130/1583 2618/3133/1583 2621/3217/1583 2606/3218/1583
f 2604/3219/1584 2616/3135/1584 2603/3220/1584 2590/3221/1584
f 2597/3222/1585 2609/3223/1585 2620/3224/1585 2622/3225/1585
f 2594/3116/1586 2588/3226/1586 2578/3227/1586 2624/3162/1586
f 2606/3228/1546 2603/3168/1546 2615/3171/1546 2605/3130/1546
f 2616/3229/1546 2601/3230/1546 2612/3214/1546 2599/3231/1546
f 2629/3199/1587 2609/3202/1587 2597/3232/1587 2642/3233/1587
f 2633/3234/1588 2641/3125/1588 2596/3124/1588 2588/3235/1588
f 2618/3154/1589 2591/3236/1589 2610/3237/1589 2598/3238/1589
f 2577/3239/1546 2619/3240/1546 2610/3241/1546 2591/3242/1546
f 2625/3126/1546 2624/3129/1546 2578/3243/1546 2600/3244/1546
f 2590/3245/1590 2611/3246/1590 2627/3247/1590 2604/3248/1590
f 2586/3249/1591 2587/3119/1591 2627/3250/1591 2611/3251/1591
f 2596/3124/1592 2589/3252/1592 2610/3253/1592 2619/3254/1592
f 2575/3255/1540 2613/3256/1540 2631/3257/1540 2628/3258/1540
f 2583/3259/1539 2614/3112/1539 2640/3260/1539 2632/3261/1539
f 2581/3262/1593 2608/3263/1593 2639/3264/1593 2636/3265/1593
f 2585/3266/1549 2607/3267/1549 2643/3268/1549 2635/3269/1549
f 2586/3270/1594 2602/3271/1594 2611/3272/1594
f 2599/3273/1595 2612/3214/1595 2600/3213/1595 2577/3274/1595
f 2603/3275/1596 2606/3276/1596 2621/3277/1596 2590/3278/1596
f 2636/3279/1597 2639/3280/1597 2645/3281/1597 2593/3282/1597
f 2631/3195/1598 2636/3194/1598 2593/3157/1598 2595/3156/1598
f 2640/3152/1599 2635/3151/1599 2647/3283/1599 2646/3284/1599
f 2628/3285/1600 2631/3286/1600 2595/3287/1600 2592/3288/1600
f 2643/3289/1601 2628/3290/1601 2592/3291/1601 2579/3292/1601
f 2575/3111/1602 2628/3290/1602 2643/3289/1602 2607/3188/1602
f 2629/3199/1603 2642/3233/1603 2579/3292/1603 2592/3291/1603
f 2633/3114/1604 2638/3117/1604 2645/3293/1604 2644/3294/1604
f 2644/3295/1605 2646/3296/1605 2641/3125/1605 2633/3234/1605
f 2592/3288/1606 2595/3287/1606 2630/3200/1606 2629/3199/1606
f 2593/3282/1607 2645/3281/1607 2638/3117/1607 2637/3118/1607
f 2647/3297/1608 2579/3298/1608 2642/3197/1608 2634/3196/1608
f 2634/3122/1609 2641/3125/1609 2646/3284/1609 2647/3283/1609
f 2639/3160/1610 2632/3159/1610 2644/3294/1610 2645/3293/1610
f 2632/3299/1611 2640/3300/1611 2646/3296/1611 2644/3295/1611
f 2635/3301/1612 2643/3302/1612 2579/3298/1612 2647/3297/1612
f 2609/3223/1613 2586/3303/1613 2611/3304/1613 2623/3305/1613
f 2588/3306/1614 2596/3124/1614 2619/3254/1614 2578/3307/1614
o ColliderTower2_Cube.003_Cube.028
v -1.437375 1.472273 -0.287429
v 0.254569 7.931249 -1.291191
v 1.091755 7.931249 -0.732638
v -0.001889 8.511705 -0.001887
v 1.289761 7.931249 0.255036
v 0.730857 7.931249 1.094746
v -0.259260 7.931249 1.292002
v -1.097474 7.931249 0.730156
v -1.292395 7.931249 -0.258589
v -0.732321 7.931249 -1.095059
v 1.604635 8.133535 0.321974
v -0.289029 1.472273 1.441655
v 1.436815 1.472273 0.284286
v 0.283309 1.472273 -1.435679
v 0.801016 8.736829 1.205287
v -0.911620 8.133535 -1.357857
v -1.204830 8.736829 0.805367
v 0.909335 8.133535 1.367399
v 1.197137 8.736829 -0.799574
v -1.366465 8.133535 0.913366
v 0.316253 8.133535 -1.601975
v 1.199464 8.736829 0.805582
v -1.608623 8.133535 -0.317185
v -0.323257 8.133535 1.613044
v -0.829207 8.474139 0.829326
v 1.171683 8.474139 0.000086
v 0.827791 8.474139 -0.827675
v 0.000034 8.474139 1.173676
v -1.171367 8.474139 0.000083
v 0.278569 8.736829 -1.412532
v -0.827601 8.474139 -0.827548
v -0.284260 8.736829 -1.412564
v 0.000030 8.474139 -1.170076
v 0.829517 8.474139 0.829571
v 0.000013 9.475055 -1.159387
v 0.000016 10.528137 -1.655848
v 1.160695 9.475055 0.000068
v -0.820016 9.475055 -0.819964
v 0.000017 9.475055 1.162306
v 0.820141 9.475055 -0.820061
v -1.160447 9.475055 0.000065
v 0.821542 9.475055 0.821594
v -0.821330 9.475055 0.821413
v -1.173168 10.528137 1.173221
v 1.657600 10.528137 0.000035
v -1.171060 10.528137 -1.171047
v 0.000021 10.528137 1.660300
v 1.171209 10.528137 -1.171160
v -1.657326 10.528137 0.000032
v 1.173442 10.528137 1.173457
v 1.101213 12.608696 1.101228
v -0.000000 12.608696 -1.556099
v 1.556685 12.608696 0.000017
v -1.100417 12.608696 -1.100407
v 1.100449 12.608696 -1.100436
v -1.556625 12.608696 0.000014
v -1.101139 12.608696 1.101154
v 0.000000 12.608696 1.557648
v 1.357830 8.133535 -0.906947
v 0.798733 8.736829 -1.197419
v -1.418805 8.736829 -0.279427
v -0.285190 8.736829 1.421667
v -1.419697 8.736829 0.284055
v 1.414277 8.736829 0.284108
v 1.411104 8.969222 0.283477
v -0.804330 8.736829 -1.197288
v -1.405294 8.969222 0.939310
v 1.413306 8.736829 -0.279464
v 0.935196 8.969222 1.406100
v 0.799162 8.969222 1.202512
v -0.284536 8.969222 1.418379
v -1.415677 8.969222 -0.278805
v 1.194509 8.969222 -0.797818
v 1.396909 8.969222 -0.933060
v -1.204830 8.969222 0.805367
v 1.214733 1.472273 -0.814811
v -0.939792 8.969222 -1.400021
v 0.815396 1.472273 1.221266
v -1.222603 1.472273 0.813762
v -0.813700 1.472273 -1.216853
v -1.658284 8.969222 -0.327063
v 1.540734 0.912550 -1.032639
v 1.035658 0.912549 1.550911
v 1.043281 0.490758 1.562320
v 1.822959 0.912549 0.361094
v 1.840279 0.490757 0.364539
v -1.823227 0.912550 -0.364181
v -1.566117 0.490758 1.043290
v 0.363365 0.490758 -1.838148
v 1.554056 0.490758 -1.041540
v -1.840163 0.490757 -0.367550
v -1.611258 1.403307 -0.322017
v 1.611228 1.403307 0.318978
v 1.362285 1.403308 -0.913402
v 0.914924 1.403307 1.370220
v -0.324054 1.403307 1.617738
v 0.317900 1.403308 -1.609578
v -0.912303 1.403308 -1.364422
v -1.370404 1.403307 0.912519
v 1.169984 0.421792 1.751944
v 1.186173 -0.046237 1.776173
v 1.625690 0.981515 0.321855
v 0.923260 0.981515 1.382696
v -0.920543 0.981516 -1.376755
v -0.327001 0.981515 1.632555
v -1.626050 0.981515 -0.324959
v 1.374749 0.981516 -0.921731
v 0.320823 0.981516 -1.624274
v -1.168138 0.421792 -1.747307
v -1.382678 0.981515 0.920720
v -1.189950 -0.046237 -1.779951
v -0.413271 0.421792 2.066265
v -0.419081 -0.046237 2.095475
v 0.359961 0.912550 -1.821032
v -1.551401 0.912549 1.033457
v -1.041813 0.490758 -1.558248
v -1.032197 0.912550 -1.543857
v -0.369368 0.490758 1.845547
v -0.366589 0.912550 1.831576
v 2.095475 -0.046237 0.415300
v 2.063195 0.421792 0.408879
v -1.755510 0.421792 1.169837
v -1.779952 -0.046237 1.186169
v 0.407646 0.421792 -2.060761
v 0.415303 -0.046237 -2.099255
v 1.743490 0.421792 -1.168116
v 1.776170 -0.046237 -1.189952
v -2.060681 0.421792 -0.411414
v -2.099255 -0.046237 -0.419087
v 2.035908 12.833526 0.404978
v -1.390780 13.292763 0.929300
v 1.180740 12.696362 -1.130504
v -0.928709 13.292763 -1.389909
v 0.929420 13.292763 1.390982
v -1.152751 12.833526 -1.725211
v 1.153809 12.833526 1.726804
v 1.390433 13.292763 -0.929046
v -1.726276 12.833526 1.153472
v 0.404790 12.833526 -2.034986
v -2.035423 12.833526 -0.404864
v -0.405204 12.833526 2.037126
v -0.326385 13.292763 1.640862
v 1.640385 13.292763 0.326301
v -0.035643 12.696362 1.635698
v -1.634585 12.696362 -0.035537
v 0.035486 12.696362 -1.634141
v -1.181421 12.696362 1.131076
v 1.131284 12.696362 1.181682
v 0.326114 13.292763 -1.639474
v -1.130488 12.696362 -1.180681
v 1.634806 12.696362 0.035584
v 1.725367 12.833526 -1.152841
v -1.194665 13.850275 -1.787942
v -0.928449 13.850275 -1.389520
v 1.639339 13.850275 0.326092
v -1.788530 13.850275 1.195062
v -1.389873 13.850275 0.928692
v 0.326022 13.850275 -1.639015
v 1.195190 13.850275 1.788734
v 0.928766 13.850275 1.390004
v -0.326152 13.850275 1.639682
v -0.419720 13.850275 2.110080
v 2.109493 13.850275 0.419612
v 0.419507 13.850275 -2.108985
v -1.639203 13.850275 -0.326050
v -2.109265 13.850275 -0.419553
v 1.389573 13.850275 -0.928473
v 1.788023 13.850275 -1.194713
v -1.639667 13.292763 -0.326142
v -0.804330 8.969222 -1.197288
v 1.654239 8.969222 0.331840
v 0.278569 8.969222 -1.412531
v 0.326147 8.969222 -1.651717
v -0.333100 8.969222 1.662528
vt 0.912901 0.327888
vt 0.918399 0.323685
vt 0.919511 0.328920
vt 0.912730 0.334101
vt 0.246280 0.324386
vt 0.246281 0.506310
vt 0.991054 0.286092
vt 0.884860 0.456328
vt 0.908875 0.278819
vt 0.906165 0.296161
vt 0.904424 0.294973
vt 0.907764 0.273584
vt 0.921108 0.306342
vt 0.919438 0.286019
vt 0.920794 0.282464
vt 0.922851 0.307531
vt 0.907833 0.316486
vt 0.906481 0.320040
vt 0.937711 0.072058
vt 0.937676 0.067236
vt 0.943932 0.072057
vt 0.938103 0.406851
vt 0.938572 0.389918
vt 0.944325 0.406854
vt 0.937676 0.014064
vt 0.937711 0.009337
vt 0.943898 0.014063
vt 0.938084 0.442384
vt 0.938077 0.430856
vt 0.944306 0.442387
vt 0.149656 0.991379
vt 0.146218 0.991379
vt 0.149656 0.985155
vt 0.516013 0.991239
vt 0.512576 0.991238
vt 0.516013 0.985016
vt 0.937650 0.022850
vt 0.943871 0.022849
vt 0.938084 0.418378
vt 0.944299 0.430859
vt 0.938103 0.451208
vt 0.944325 0.451211
vt 0.937636 0.046833
vt 0.943857 0.046832
vt 0.943898 0.067235
vt 0.944306 0.418381
vt 0.938131 0.455984
vt 0.944353 0.455988
vt 0.806763 0.707184
vt 0.806795 0.689976
vt 0.835868 0.677060
vt 0.835812 0.707122
vt 0.978549 0.750629
vt 0.973557 0.750695
vt 0.973468 0.725149
vt 0.978549 0.723996
vt 0.780171 0.689964
vt 0.780170 0.678486
vt 0.805714 0.678756
vt 0.780151 0.724439
vt 0.780140 0.707172
vt 0.806774 0.724451
vt 0.987523 0.693822
vt 0.992517 0.693809
vt 0.992608 0.719368
vt 0.987526 0.720450
vt 0.007690 0.810556
vt 0.007671 0.793316
vt 0.034295 0.793316
vt 0.034314 0.810556
vt 0.007690 0.776077
vt 0.034314 0.776077
vt 0.007735 0.768047
vt 0.034146 0.768172
vt 0.970161 0.698016
vt 0.978461 0.694742
vt 0.832716 0.659325
vt 0.835832 0.737286
vt 0.995926 0.746062
vt 0.987626 0.749201
vt 0.063350 0.793313
vt 0.063383 0.823431
vt 0.063383 0.763198
vt 0.062731 0.749604
vt 0.726689 0.348723
vt 0.726997 0.331067
vt 0.825351 0.294624
vt 0.784197 0.351384
vt 0.204797 0.779447
vt 0.204532 0.810618
vt -0.219266 1.003456
vt 0.147286 0.779423
vt 0.983039 0.749211
vt 0.976738 0.763869
vt 0.983679 0.766908
vt 0.983061 0.691721
vt 0.204751 0.809508
vt 0.171339 0.847056
vt -0.442763 1.141894
vt 0.147244 0.806813
vt 0.204768 0.749283
vt 0.208317 0.781941
vt 0.136906 0.783300
vt 0.147260 0.751940
vt 0.983048 0.611115
vt 1.010222 0.598619
vt 1.323167 0.437166
vt 0.983251 0.668699
vt 0.726705 0.408955
vt 0.723142 0.376258
vt 0.794548 0.374869
vt 0.784212 0.406263
vt 0.726664 0.378837
vt 0.726915 0.347639
vt 0.784174 0.378822
vt 0.914374 0.274619
vt 0.914545 0.268402
vt 0.516013 0.995133
vt 0.509444 0.995211
vt 0.934202 0.406478
vt 0.934184 0.430854
vt 0.933777 0.068401
vt 0.923601 0.302474
vt 0.924266 0.290486
vt 0.925018 0.289974
vt 0.924236 0.303638
vt 0.411029 0.934430
vt 0.409818 0.950414
vt 0.408874 0.949074
vt 0.410278 0.930544
vt 0.551193 0.160995
vt 0.557418 0.162619
vt 0.557418 0.165298
vt 0.550218 0.163332
vt 0.016482 0.907156
vt 0.015526 0.930076
vt 0.014775 0.930588
vt 0.015892 0.904064
vt 0.680697 0.976725
vt 0.679228 0.994329
vt 0.678110 0.996346
vt 0.679804 0.975944
vt 0.556872 0.160948
vt 0.563116 0.162619
vt 0.563115 0.165298
vt 0.555902 0.163291
vt 0.918572 0.590395
vt 0.920036 0.572782
vt 0.921154 0.570766
vt 0.919443 0.591174
vt 0.070717 0.932795
vt 0.071960 0.916880
vt 0.072904 0.918220
vt 0.071461 0.936671
vt 0.545008 0.974234
vt 0.551933 0.973979
vt 0.552071 0.994499
vt 0.544948 0.994780
vt 0.933742 0.046833
vt 0.933701 0.034838
vt 0.460291 0.726845
vt 0.460311 0.701730
vt 0.480603 0.710693
vt 0.480854 0.727094
vt 0.149656 0.995274
vt 0.143078 0.995284
vt 0.934175 0.431435
vt 0.989972 0.702686
vt 0.996885 0.702434
vt 0.997021 0.723016
vt 0.989910 0.723270
vt 0.933806 0.008261
vt 0.925043 0.362328
vt 0.925006 0.387419
vt 0.904438 0.388489
vt 0.904481 0.362074
vt 0.934209 0.451206
vt 0.925192 0.405544
vt 0.904631 0.407633
vt 0.904441 0.388103
vt 0.933756 0.022850
vt 0.460323 0.748138
vt 0.460169 0.728833
vt 0.480858 0.727722
vt 0.480888 0.749183
vt 0.933783 0.067237
vt 0.933738 0.047424
vt 0.460371 0.687507
vt 0.480949 0.685111
vt 0.480875 0.701041
vt 0.934209 0.406849
vt 0.934237 0.388856
vt 0.934202 0.452385
vt 0.925020 0.340980
vt 0.904480 0.361467
vt 0.904456 0.339928
vt 0.485357 0.374313
vt 0.483376 0.556223
vt 0.468613 0.555944
vt 0.470900 0.374037
vt 0.447888 0.555668
vt 0.450175 0.373760
vt 0.284616 0.324365
vt 0.284617 0.506289
vt 0.263871 0.506278
vt 0.263870 0.324354
vt 0.432541 0.373571
vt 0.430254 0.555479
vt 0.921677 0.030776
vt 0.296366 0.324412
vt 0.275610 0.218293
vt 0.273831 0.493808
vt 0.450341 0.429983
vt 0.441051 0.776303
vt 0.296367 0.506337
vt 0.279491 0.567653
vt 0.278501 0.322016
vt 0.048907 0.284178
vt 0.884860 0.456328
vt 0.884860 0.456328
vt 0.246280 0.324386
vt 0.432541 0.373571
vt 0.296366 0.324412
vt 0.296366 0.324412
vt 0.432541 0.373571
vt 0.284616 0.324365
vt 0.263870 0.324354
vt 0.263870 0.324354
vt 0.284616 0.324365
vt 0.470900 0.374037
vt 0.485829 0.374271
vt 0.263870 0.324354
vt 0.284616 0.324365
vt 0.296366 0.324412
vt 0.432541 0.373571
vt 0.884860 0.456328
vt 0.246280 0.324386
vt 0.262576 0.324349
vt 0.448883 0.373739
vt 0.450175 0.373760
vt -0.045903 0.264852
vt 0.884860 0.456328
vt 0.884860 0.456328
vt 0.246280 0.324386
vt 0.432541 0.373571
vt 0.296366 0.324412
vt 0.296366 0.324412
vt 0.432541 0.373571
vt 0.284616 0.324365
vt 0.263870 0.324354
vt 0.263870 0.324354
vt 0.284616 0.324365
vt 0.450175 0.373760
vt 0.450175 0.373760
vt 0.470900 0.374037
vt 0.485335 0.374263
vt 0.470719 0.374031
vt 0.471132 0.374034
vt 0.246280 0.324386
vt 0.470900 0.374037
vt 0.485842 0.374271
vt 0.470900 0.374037
vt 0.485349 0.374263
vt 0.246280 0.324386
vt 0.450175 0.373760
vt 0.470722 0.374031
vt 0.263870 0.324354
vt 0.284662 0.324359
vt 0.485806 0.374271
vt 0.470900 0.374037
vt 0.470900 0.374037
vt 0.485593 0.374267
vt 0.284616 0.324365
vt 0.296366 0.324412
vt 0.432541 0.373571
vt 0.246280 0.324386
vt 0.450175 0.373760
vt 0.450175 0.373760
vt 0.884860 0.456328
vt 0.943857 0.034355
vt 0.516013 0.985016
vt 0.944325 0.451211
vt 0.938077 0.430856
vt 0.938103 0.406851
vt 0.149656 0.991379
vt 0.943898 0.067235
vt 0.943857 0.046832
vt 0.512576 0.985016
vt 0.516013 0.995133
vt 0.509436 0.995169
vt 0.938091 0.415734
vt 0.934184 0.430854
vt 0.934205 0.406494
vt 0.923681 0.312418
vt 0.924266 0.290486
vt 0.925018 0.289974
vt 0.924265 0.317421
vt 0.410553 0.934311
vt 0.409818 0.950414
vt 0.408874 0.949074
vt 0.409819 0.928971
vt 0.551380 0.162327
vt 0.557418 0.162619
vt 0.557418 0.165298
vt 0.549865 0.164857
vt 0.016110 0.908141
vt 0.015526 0.930076
vt 0.014775 0.930588
vt 0.015527 0.903140
vt 0.680098 0.978279
vt 0.679228 0.994329
vt 0.678110 0.996346
vt 0.679230 0.976214
vt 0.557075 0.162326
vt 0.563116 0.162619
vt 0.563115 0.165298
vt 0.555559 0.164858
vt 0.919166 0.588829
vt 0.920036 0.572782
vt 0.921154 0.570766
vt 0.920035 0.590892
vt 0.071226 0.932979
vt 0.071960 0.916880
vt 0.072904 0.918220
vt 0.071959 0.938318
vt 0.545008 0.974234
vt 0.551995 0.974078
vt 0.552081 0.994401
vt 0.544948 0.994780
vt 0.943864 0.028602
vt 0.943864 0.052605
vt 0.933742 0.046833
vt 0.933751 0.022492
vt 0.460291 0.726845
vt 0.460311 0.701730
vt 0.480695 0.700945
vt 0.480854 0.727094
vt 0.147934 0.991374
vt 0.149656 0.995274
vt 0.143094 0.995261
vt 0.989972 0.702686
vt 0.996956 0.702538
vt 0.997044 0.722941
vt 0.989910 0.723270
vt 0.925043 0.362328
vt 0.925006 0.387419
vt 0.904684 0.388126
vt 0.904481 0.362074
vt 0.944306 0.442387
vt 0.934209 0.451206
vt 0.934179 0.431431
vt 0.925088 0.405470
vt 0.904718 0.407620
vt 0.904441 0.388103
vt 0.943898 0.014063
vt 0.933756 0.022850
vt 0.933799 0.011301
vt 0.460323 0.748138
vt 0.460198 0.729470
vt 0.480515 0.737923
vt 0.480888 0.749183
vt 0.933783 0.067237
vt 0.933737 0.047406
vt 0.460371 0.687507
vt 0.480938 0.685116
vt 0.480875 0.701041
vt 0.938116 0.402006
vt 0.934209 0.406849
vt 0.934230 0.397777
vt 0.925020 0.340980
vt 0.925139 0.359708
vt 0.904828 0.351238
vt 0.904456 0.339928
vt 0.925043 0.362328
vt 0.925010 0.386218
vt 0.989972 0.702686
vt 0.995426 0.702686
vt 0.925006 0.387419
vt 0.318719 0.730302
vt 0.545008 0.974234
vt 0.893302 0.736059
vt 0.925020 0.340980
vt 0.460311 0.701730
vt 0.460371 0.687507
vt 0.460291 0.726845
vt 0.460323 0.748138
vt 0.577070 0.603268
vn 0.5540 -0.8250 -0.1112
vn -0.9811 0.0213 0.1923
vn -0.3098 -0.8309 0.4621
vn -0.1108 -0.8227 -0.5576
vn 0.1087 -0.8311 0.5454
vn 0.1448 0.9877 -0.0597
vn 0.1385 0.9860 0.0927
vn -0.1449 0.9876 -0.0597
vn -0.0602 0.9875 0.1456
vn 0.1569 0.9876 0.0002
vn -0.1570 0.9876 0.0003
vn -0.1108 0.9877 -0.1105
vn -0.0000 0.9875 0.1576
vn -0.1113 0.9875 0.1114
vn -0.0324 0.9862 -0.1624
vn 0.0922 0.9862 -0.1376
vn 0.0602 0.9875 0.1455
vn -0.1453 0.9876 0.0604
vn -0.3507 -0.3993 -0.8471
vn 0.9235 0.0101 -0.3836
vn -0.9235 0.0100 -0.3835
vn 0.3823 0.0099 -0.9240
vn -0.9243 0.0102 0.3815
vn -0.3834 0.0104 0.9235
vn 0.3831 0.0105 0.9236
vn 0.9243 0.0103 0.3814
vn -0.3824 0.0099 -0.9239
vn 0.8466 -0.3995 -0.3516
vn -0.8467 -0.3995 -0.3515
vn 0.3505 -0.3993 -0.8471
vn -0.8473 -0.3998 0.3497
vn -0.3514 -0.4002 0.8464
vn 0.3511 -0.4002 0.8465
vn 0.8473 -0.3999 0.3497
vn 0.9233 0.0450 0.3814
vn -0.3822 0.0443 -0.9230
vn 0.9227 0.0446 -0.3829
vn -0.9227 0.0445 -0.3829
vn 0.3821 0.0443 -0.9231
vn -0.9233 0.0449 0.3815
vn -0.3828 0.0454 0.9227
vn 0.3827 0.0454 0.9228
vn -0.5496 -0.8284 0.1082
vn 0.4661 -0.8286 0.3101
vn 0.3155 -0.8227 -0.4729
vn -0.4696 -0.8250 -0.3145
vn -0.9423 -0.3108 0.1246
vn 0.3825 0.0000 0.9240
vn 0.1237 -0.2997 0.9460
vn 0.9245 0.0000 -0.3811
vn 0.0000 1.0000 0.0000
vn -0.9795 -0.0537 0.1942
vn -0.1953 -0.0133 -0.9806
vn 0.1965 -0.0535 0.9790
vn 0.9439 -0.3076 -0.1203
vn -0.3822 -0.0000 0.9241
vn 0.9788 -0.0539 -0.1979
vn -0.9245 -0.0137 -0.3808
vn -0.1947 -0.0560 -0.9793
vn -0.5808 -0.3072 0.7539
vn -0.8296 -0.0559 -0.5556
vn -0.7541 -0.3121 -0.5778
vn -0.5573 -0.0536 0.8286
vn 0.5555 -0.0067 -0.8315
vn 0.8306 -0.0536 0.5542
vn 0.8317 -0.0063 0.5552
vn -0.9233 -0.0133 0.3838
vn 0.5554 -0.0539 -0.8298
vn -0.8305 0.0210 -0.5567
vn -0.1952 0.0210 -0.9805
vn 0.1955 0.0218 0.9805
vn 0.9801 0.0213 -0.1973
vn -0.5573 0.0217 0.8300
vn 0.5547 0.0211 -0.8318
vn 0.8328 0.0216 0.5532
vn -0.3075 0.9497 0.0595
vn 0.3055 0.9502 -0.0620
vn 0.0612 0.9498 0.3069
vn -0.3221 0.9217 -0.2161
vn 0.0752 0.9232 0.3768
vn 0.3797 0.9219 -0.0767
vn -0.3805 0.9218 0.0742
vn 0.3216 0.9226 0.2132
vn -0.2153 0.9227 0.3198
vn 0.2151 0.9217 -0.3227
vn -0.0758 0.9217 -0.3804
vn -0.3403 0.9380 0.0663
vn 0.3422 0.9371 -0.0692
vn 0.0678 0.9383 0.3390
vn 0.1958 0.0330 0.9801
vn 0.1940 0.9369 -0.2907
vn -0.8301 0.0327 -0.5567
vn 0.8333 0.0326 0.5519
vn -0.0681 0.9373 -0.3418
vn 0.9797 0.0325 -0.1978
vn 0.2894 0.9378 0.1916
vn -0.5587 0.0327 0.8287
vn -0.1929 0.9385 0.2863
vn -0.1954 0.0326 -0.9802
vn 0.5544 0.0328 -0.8316
vn -0.2891 0.9374 -0.1939
vn -0.9809 0.0327 0.1915
vn 0.1963 0.0306 0.9801
vn -0.8300 0.0378 -0.5565
vn 0.8328 0.0344 0.5526
vn 0.9793 0.0369 -0.1988
vn -0.5574 0.0350 0.8295
vn -0.1952 0.0380 -0.9800
vn 0.5553 0.0366 -0.8308
vn -0.9809 0.0383 0.1907
vn 0.1946 0.0581 0.9792
vn -0.8290 0.0773 -0.5539
vn 0.8305 0.0611 0.5536
vn 0.9779 0.0711 -0.1964
vn -0.5545 0.0583 0.8301
vn -0.1945 0.0773 -0.9779
vn 0.5539 0.0773 -0.8290
vn -0.9791 0.0677 0.1919
vn -0.2605 0.9496 -0.1744
vn -0.1741 0.9497 0.2602
vn 0.2594 0.9502 0.1726
vn -0.0609 0.9500 -0.3062
vn 0.1734 0.9501 -0.2593
vn -0.9807 -0.0017 0.1953
vn 0.1951 -0.0008 0.9808
vn -0.9786 -0.0681 0.1943
vn -0.1951 -0.0020 -0.9808
vn 0.1947 -0.0675 0.9785
vn 0.9809 -0.0013 -0.1947
vn 0.9784 -0.0682 -0.1949
vn -0.1946 -0.0684 -0.9785
vn -0.5553 -0.0012 0.8316
vn -0.8294 -0.0683 -0.5544
vn -0.8316 -0.0019 -0.5554
vn -0.5546 -0.0677 0.8294
vn 0.5557 -0.0019 -0.8314
vn 0.8298 -0.0678 0.5539
vn 0.8314 -0.0008 0.5557
vn 0.5542 -0.0684 -0.8296
vn -0.0859 -0.9479 -0.3066
vn 0.3066 -0.9480 -0.0860
vn -0.2775 -0.9480 -0.1561
vn -0.3065 -0.9480 0.0857
vn 0.1560 -0.9479 -0.2776
vn 0.2775 -0.9480 0.1558
vn 0.0859 -0.9481 0.3063
vn -0.1560 -0.9481 0.2772
vn 0.7087 -0.6374 0.3024
vn 0.2870 -0.6374 0.7151
vn -0.7157 -0.6368 0.2868
vn -0.7088 -0.6370 -0.3031
vn -0.2870 -0.6371 -0.7154
vn 0.3028 -0.6370 -0.7089
vn 0.7152 -0.6372 -0.2872
vn -0.3032 -0.6369 0.7088
usemtl COLLIDER
s off
f 2652/3308/1615 2650/3309/1615 2706/3310/1615 2658/3311/1615
f 2726/3312/1616 2655/3313/1616 2656/3314/1616 2648/3315/1616
f 2655/3316/1617 2654/3317/1617 2671/3318/1617 2667/3319/1617
f 2649/3320/1618 2657/3321/1618 2663/3322/1618 2668/3323/1618
f 2654/3317/1619 2653/3324/1619 2665/3325/1619 2671/3318/1619
f 2710/3326/1620 2664/3327/1620 2651/3328/1620
f 2713/3329/1621 2708/3330/1621 2651/3331/1621
f 2669/3332/1622 2711/3333/1622 2651/3334/1622
f 2707/3335/1623 2677/3336/1623 2651/3337/1623
f 2708/3338/1624 2710/3339/1624 2651/3340/1624
f 2711/3341/1625 2715/3342/1625 2651/3343/1625
f 2662/3344/1626 2669/3332/1626 2651/3345/1626
f 2677/3336/1627 2679/3346/1627 2651/3347/1627
f 2666/3348/1628 2707/3335/1628 2651/3349/1628
f 2709/3350/1629 2662/3344/1629 2651/3351/1629
f 2664/3327/1630 2709/3350/1630 2651/3352/1630
f 2679/3346/1631 2713/3329/1631 2651/3353/1631
f 2715/3354/1632 2666/3348/1632 2651/3355/1632
f 2682/3356/1633 2685/3357/1633 2693/3358/1633 2683/3359/1633
f 2673/3360/1634 2674/3361/1634 2687/3362/1634 2684/3363/1634
f 2678/3364/1635 2676/3365/1635 2688/3366/1635 2685/3357/1635
f 2674/3367/1636 2680/3368/1636 2682/3356/1636 2687/3369/1636
f 2676/3370/1637 2672/3371/1637 2690/3372/1637 2688/3373/1637
f 2672/3374/1638 2675/3375/1638 2686/3376/1638 2690/3377/1638
f 2675/3375/1639 2681/3378/1639 2689/3379/1639 2686/3376/1639
f 2681/3378/1640 2673/3380/1640 2684/3381/1640 2689/3379/1640
f 2680/3368/1641 2678/3364/1641 2685/3357/1641 2682/3356/1641
f 2684/3363/1642 2687/3362/1642 2695/3382/1642 2692/3383/1642
f 2685/3357/1643 2688/3366/1643 2696/3384/1643 2693/3358/1643
f 2687/3369/1644 2682/3356/1644 2683/3359/1644 2695/3385/1644
f 2688/3373/1645 2690/3372/1645 2691/3386/1645 2696/3387/1645
f 2690/3377/1646 2686/3376/1646 2694/3388/1646 2691/3389/1646
f 2686/3376/1647 2689/3379/1647 2697/3390/1647 2694/3388/1647
f 2689/3379/1648 2684/3381/1648 2692/3391/1648 2697/3390/1648
f 2697/3392/1649 2692/3393/1649 2700/3394/1649 2698/3395/1649
f 2683/3396/1650 2693/3397/1650 2701/3398/1650 2699/3399/1650
f 2692/3400/1651 2695/3401/1651 2702/3402/1651 2700/3403/1651
f 2693/3404/1652 2696/3405/1652 2703/3406/1652 2701/3407/1652
f 2695/3408/1653 2683/3409/1653 2699/3410/1653 2702/3411/1653
f 2696/3412/1654 2691/3413/1654 2704/3414/1654 2703/3415/1654
f 2691/3416/1655 2694/3417/1655 2705/3418/1655 2704/3419/1655
f 2694/3420/1656 2697/3421/1656 2698/3395/1656 2705/3422/1656
f 2656/3423/1657 2655/3316/1657 2667/3319/1657 2670/3424/1657
f 2653/3324/1658 2652/3308/1658 2658/3311/1658 2665/3325/1658
f 2650/3309/1659 2649/3320/1659 2668/3323/1659 2706/3310/1659
f 2657/3321/1660 2656/3423/1660 2670/3424/1660 2663/3322/1660
f 2715/3342/1661 2711/3341/1661 2712/3425/1661 2720/3426/1661
f 2713/3329/1662 2679/3346/1662 2817/3427/1662
f 2679/3346/1663 2677/3336/1663 2819/3428/1663 2817/3427/1663
f 2664/3327/1664 2710/3326/1664 2722/3429/1664
f 2717/3430/1665 2718/3431/1665 2821/3432/1665 2716/3433/1665
f 2719/3434/1665 2817/3435/1665 2724/3436/1665 2728/3437/1665
f 2720/3438/1665 2712/3439/1665 2818/3440/1665 2721/3441/1665
f 2817/3442/1665 2819/3443/1665 2820/3444/1665 2724/3445/1665
f 2718/3446/1665 2722/3447/1665 2714/3448/1665 2821/3449/1665
f 2722/3450/1665 2719/3451/1665 2728/3452/1665 2714/3453/1665
f 2819/3454/1665 2720/3455/1665 2721/3456/1665 2820/3457/1665
f 2712/3458/1665 2717/3459/1665 2716/3460/1665 2818/3461/1665
f 2670/3462/1666 2667/3463/1666 2714/3464/1666 2728/3465/1666
f 2662/3344/1667 2709/3350/1667 2718/3466/1667 2717/3467/1667
f 2671/3468/1668 2665/3469/1668 2716/3470/1668 2821/3471/1668
f 2710/3339/1669 2708/3338/1669 2719/3472/1669 2722/3473/1669
f 2677/3336/1670 2707/3335/1670 2819/3474/1670
f 2658/3475/1671 2706/3476/1671 2721/3477/1671 2818/3478/1671
f 2711/3333/1672 2669/3332/1672 2712/3479/1672
f 2668/3480/1673 2663/3481/1673 2724/3482/1673 2820/3483/1673
f 2707/3335/1674 2666/3348/1674 2720/3484/1674 2819/3474/1674
f 2663/3481/1675 2670/3485/1675 2728/3486/1675 2724/3487/1675
f 2669/3332/1676 2662/3344/1676 2717/3488/1676 2712/3479/1676
f 2667/3489/1677 2671/3490/1677 2821/3491/1677 2714/3492/1677
f 2709/3350/1678 2664/3327/1678 2722/3493/1678 2718/3494/1678
f 2665/3469/1679 2658/3495/1679 2818/3496/1679 2716/3497/1679
f 2708/3330/1680 2713/3329/1680 2817/3498/1680 2719/3499/1680
f 2666/3348/1681 2715/3354/1681 2720/3500/1681
f 2706/3501/1682 2668/3480/1682 2820/3502/1682 2721/3503/1682
f 2648/3504/1683 2656/3505/1683 2657/3506/1683 2727/3507/1683
f 2727/3507/1684 2657/3506/1684 2649/3508/1684 2661/3509/1684
f 2725/3510/1685 2653/3511/1685 2654/3512/1685 2659/3513/1685
f 2723/3514/1686 2650/3515/1686 2652/3516/1686 2660/3517/1686
f 2659/3518/1687 2654/3519/1687 2655/3313/1687 2726/3312/1687
f 2661/3520/1688 2649/3521/1688 2650/3515/1688 2723/3514/1688
f 2660/3517/1689 2652/3522/1689 2653/3523/1689 2725/3524/1689
f 2735/3525/1690 2738/3526/1690 2775/3527/1690 2769/3528/1690
f 2737/3529/1691 2733/3530/1691 2768/3531/1691 2773/3532/1691
f 2731/3533/1692 2765/3534/1692 2759/3535/1692 2747/3536/1692
f 2648/3504/1693 2727/3507/1693 2745/3537/1693 2739/3538/1693
f 2725/3510/1694 2659/3513/1694 2743/3539/1694 2742/3540/1694
f 2723/3514/1695 2660/3517/1695 2740/3541/1695 2741/3542/1695
f 2726/3312/1696 2648/3315/1696 2739/3543/1696 2746/3544/1696
f 2660/3517/1697 2725/3510/1697 2742/3540/1697 2740/3541/1697
f 2659/3513/1698 2726/3312/1698 2746/3544/1698 2743/3545/1698
f 2661/3509/1699 2723/3514/1699 2741/3542/1699 2744/3546/1699
f 2727/3507/1700 2661/3509/1700 2744/3547/1700 2745/3537/1700
f 2757/3548/1701 2753/3549/1701 2734/3550/1701 2762/3551/1701
f 2754/3552/1702 2749/3553/1702 2732/3554/1702 2729/3555/1702
f 2750/3556/1703 2752/3557/1703 2766/3558/1703 2730/3559/1703
f 2742/3540/1704 2743/3539/1704 2752/3557/1704 2750/3556/1704
f 2755/3560/1705 2754/3552/1705 2729/3555/1705 2761/3561/1705
f 2739/3538/1706 2745/3537/1706 2751/3562/1706 2753/3563/1706
f 2740/3541/1707 2742/3540/1707 2750/3556/1707 2749/3553/1707
f 2751/3564/1708 2755/3560/1708 2761/3561/1708 2764/3565/1708
f 2741/3542/1709 2740/3541/1709 2749/3553/1709 2754/3552/1709
f 2749/3553/1710 2750/3556/1710 2730/3559/1710 2732/3554/1710
f 2743/3545/1711 2746/3544/1711 2757/3566/1711 2752/3557/1711
f 2752/3557/1712 2757/3566/1712 2762/3551/1712 2766/3558/1712
f 2745/3537/1713 2744/3547/1713 2755/3560/1713 2751/3564/1713
f 2744/3546/1714 2741/3542/1714 2754/3552/1714 2755/3560/1714
f 2753/3563/1715 2751/3562/1715 2764/3567/1715 2734/3568/1715
f 2746/3544/1716 2739/3543/1716 2753/3549/1716 2757/3548/1716
f 2730/3559/1717 2766/3558/1717 2765/3534/1717 2731/3533/1717
f 2734/3568/1718 2764/3567/1718 2763/3569/1718 2738/3570/1718
f 2732/3554/1719 2730/3559/1719 2731/3533/1719 2733/3530/1719
f 2729/3555/1720 2732/3554/1720 2733/3530/1720 2737/3529/1720
f 2766/3558/1721 2762/3551/1721 2735/3571/1721 2765/3534/1721
f 2764/3565/1722 2761/3561/1722 2736/3572/1722 2763/3573/1722
f 2761/3561/1723 2729/3555/1723 2737/3529/1723 2736/3572/1723
f 2762/3551/1724 2734/3550/1724 2738/3526/1724 2735/3525/1724
f 2747/3536/1725 2759/3535/1725 2760/3574/1725 2748/3575/1725
f 2775/3576/1726 2756/3577/1726 2758/3578/1726 2776/3579/1726
f 2768/3531/1727 2747/3536/1727 2748/3580/1727 2767/3581/1727
f 2773/3532/1728 2768/3531/1728 2767/3581/1728 2774/3582/1728
f 2759/3535/1729 2769/3528/1729 2770/3583/1729 2760/3574/1729
f 2756/3577/1730 2771/3584/1730 2772/3585/1730 2758/3578/1730
f 2771/3584/1731 2773/3532/1731 2774/3582/1731 2772/3585/1731
f 2769/3528/1732 2775/3527/1732 2776/3586/1732 2770/3583/1732
f 2738/3570/1733 2763/3569/1733 2756/3577/1733 2775/3576/1733
f 2765/3534/1734 2735/3571/1734 2769/3528/1734 2759/3535/1734
f 2733/3530/1735 2731/3533/1735 2747/3536/1735 2768/3531/1735
f 2763/3573/1736 2736/3572/1736 2771/3584/1736 2756/3577/1736
f 2736/3572/1737 2737/3529/1737 2773/3532/1737 2771/3584/1737
f 2781/3587/1665 2790/3588/1665 2784/3589/1665 2796/3590/1665 2780/3591/1665 2816/3592/1665 2778/3593/1665 2789/3594/1665
f 2784/3595/1738 2790/3588/1738 2802/3596/1738 2814/3597/1738
f 2780/3598/1739 2796/3590/1739 2805/3599/1739 2801/3600/1739
f 2807/3601/1665 2808/3602/1665 2809/3603/1665 2806/3604/1665
f 2812/3605/1665 2801/3606/1665 2800/3607/1665 2813/3608/1665
f 2814/3609/1665 2802/3610/1665 2810/3611/1665 2815/3612/1665
f 2801/3613/1665 2805/3614/1665 2811/3615/1665 2800/3616/1665
f 2808/3617/1665 2804/3618/1665 2803/3619/1665 2809/3620/1665
f 2804/3621/1665 2812/3622/1665 2813/3623/1665 2803/3624/1665
f 2805/3625/1665 2814/3626/1665 2815/3627/1665 2811/3628/1665
f 2802/3629/1665 2807/3630/1665 2806/3631/1665 2810/3632/1665
f 2787/3633/1740 2785/3634/1740 2803/3635/1740 2813/3636/1740
f 2781/3637/1741 2789/3638/1741 2808/3639/1741 2807/3640/1741
f 2788/3641/1742 2783/3642/1742 2806/3643/1742 2809/3644/1742
f 2778/3645/1743 2816/3592/1743 2812/3646/1743 2804/3647/1743
f 2777/3648/1744 2799/3649/1744 2815/3650/1744 2810/3651/1744
f 2786/3652/1745 2782/3653/1745 2800/3654/1745 2811/3655/1745
f 2796/3656/1746 2784/3589/1746 2814/3657/1746 2805/3658/1746
f 2782/3653/1747 2787/3659/1747 2813/3660/1747 2800/3661/1747
f 2790/3662/1748 2781/3637/1748 2807/3663/1748 2802/3664/1748
f 2785/3665/1749 2788/3666/1749 2809/3667/1749 2803/3668/1749
f 2789/3638/1750 2778/3593/1750 2804/3669/1750 2808/3670/1750
f 2783/3642/1751 2777/3671/1751 2810/3672/1751 2806/3673/1751
f 2816/3674/1752 2780/3598/1752 2801/3675/1752 2812/3676/1752
f 2799/3677/1753 2786/3678/1753 2811/3679/1753 2815/3680/1753
f 2782/3653/1754 2786/3652/1754 2793/3681/1754 2797/3682/1754
f 2799/3649/1755 2777/3648/1755 2798/3683/1755 2779/3684/1755
f 2787/3659/1756 2782/3653/1756 2797/3685/1756 2792/3686/1756
f 2785/3634/1757 2787/3633/1757 2792/3687/1757 2794/3688/1757
f 2786/3678/1758 2799/3677/1758 2779/3689/1758 2793/3681/1758
f 2777/3671/1759 2783/3642/1759 2795/3690/1759 2798/3691/1759
f 2783/3642/1760 2788/3641/1760 2791/3692/1760 2795/3690/1760
f 2788/3666/1761 2785/3665/1761 2794/3693/1761 2791/3694/1761
f 2698/3395/1762 2700/3394/1762 2798/3691/1762 2795/3690/1762
f 2791/3692/1763 2705/3422/1763 2698/3395/1763 2795/3690/1763
f 2792/3687/1764 2703/3415/1764 2704/3414/1764 2794/3688/1764
f 2797/3685/1765 2701/3407/1765 2703/3406/1765 2792/3686/1765
f 2793/3681/1766 2699/3399/1766 2701/3398/1766 2797/3682/1766
f 2779/3689/1767 2702/3411/1767 2699/3410/1767 2793/3681/1767
f 2798/3683/1768 2700/3403/1768 2702/3402/1768 2779/3684/1768
f 2794/3693/1769 2704/3419/1769 2705/3418/1769 2791/3694/1769
o ColliderTower3_Cube.003_Cube.039
v 1.915861 9.978184 -8.027577
v 1.364544 9.978184 -6.652423
v 0.018767 9.978184 -6.080354
v -1.344204 9.978184 -6.628330
v -1.919612 9.978184 -7.973393
v -1.371922 9.978184 -9.340133
v -0.032665 9.978184 -9.915827
v 1.333277 9.978184 -9.375028
v 1.559693 9.004558 -8.022367
v 1.110717 9.004558 -6.902481
v 0.014754 9.004558 -6.436604
v -1.095210 9.004558 -6.882861
v -1.563806 9.004558 -7.978241
v -1.117783 9.004558 -9.091275
v -0.027131 9.004558 -9.560103
v 1.085254 9.004558 -9.119692
v 1.283894 8.774907 -8.018333
v 0.914165 8.774907 -7.096114
v 0.011647 8.774907 -6.712468
v -0.902401 8.774907 -7.079957
v -1.288286 8.774907 -7.981996
v -0.920990 8.774907 -8.898571
v -0.022845 8.774907 -9.284649
v 0.893196 8.774907 -8.921973
v 1.981055 10.566384 -8.028531
v 1.411005 10.566384 -6.606652
v 0.019502 10.566384 -6.015145
v -1.389781 10.566384 -6.581740
v -1.984739 10.566384 -7.972506
v -1.418440 10.566384 -9.385684
v -0.033679 10.566384 -9.980939
v 1.378676 10.566384 -9.421764
v 1.543466 10.566384 -8.022184
v 1.099175 10.566384 -6.913985
v 0.014651 10.566384 -6.452971
v -1.083730 10.566384 -6.894569
v -1.547435 10.566384 -7.978518
v -1.106067 10.566384 -9.079936
v -0.026798 10.566384 -9.543872
v 1.073978 10.566384 -9.108057
v 1.543466 9.966588 -8.022184
v 1.099175 9.966588 -6.913985
v 0.014651 9.966588 -6.452971
v -1.083730 9.966588 -6.894569
v -1.547435 9.966588 -7.978518
v -1.106067 9.966588 -9.079936
v -0.026798 9.966588 -9.543872
v 1.073977 9.966588 -9.108057
v -0.248768 1.472274 -6.756982
v -1.388291 9.274307 -8.273815
v -0.787199 9.274307 -9.173414
v 0.273950 9.274307 -9.384491
v 1.173553 9.274307 -8.783398
v 1.384628 9.274307 -7.722247
v 0.783532 9.274307 -6.822646
v -0.277620 9.274307 -6.611571
v -1.177217 9.274307 -7.212666
v 0.244986 1.472274 -9.239239
v -1.243017 1.472274 -8.244987
v -0.704932 1.472274 -9.050288
v 1.050290 1.472274 -8.701154
v 0.701152 1.472274 -6.945931
v -1.054068 1.472274 -7.295069
v -0.883787 0.912551 -9.317962
v 1.317964 0.912550 -8.880008
v 1.255630 0.490759 -8.942341
v 0.307790 0.912551 -9.554982
v 0.307790 0.490759 -9.554982
v -0.311575 0.912551 -6.441239
v 0.880005 0.490759 -6.678257
v -1.558761 0.490759 -8.307792
v -0.883787 0.490759 -9.317962
v -0.311575 0.490759 -6.441239
v -0.278394 1.403308 -6.608047
v 0.274610 1.403308 -9.388174
v -0.789297 1.403308 -9.176549
v 1.176551 1.403308 -8.785519
v 1.176549 1.403308 -7.210702
v -1.391953 1.403309 -8.274611
v -1.180329 1.403309 -7.210703
v 0.785517 1.403308 -6.819670
v 1.476346 0.421792 -8.985835
v 1.487987 -0.046236 -8.993613
v 0.274610 0.981516 -9.388174
v 1.131484 0.981516 -8.830586
v 1.115515 0.981516 -7.149668
v -1.180329 0.981516 -7.210703
v -0.278394 0.981516 -6.608047
v 1.476343 0.421792 -7.010386
v 1.487984 -0.046236 -7.002608
v -0.789297 0.981516 -9.176549
v -1.391953 0.981516 -8.274611
v -1.480125 0.421793 -7.010387
v 0.785517 0.981516 -6.819670
v -1.491765 -0.046237 -7.002609
v -1.558761 0.912551 -8.307792
v 0.880005 0.912551 -6.678257
v 1.249778 0.490759 -7.048030
v 1.317961 0.912550 -7.116213
v -1.321742 0.490759 -7.116215
v -1.321742 0.912551 -7.116215
v 0.347683 -0.046236 -9.755537
v 0.344952 0.421793 -9.741806
v 0.985832 0.421792 -6.519875
v 0.993611 -0.046236 -6.508234
v -1.745586 0.421793 -8.344954
v -1.759317 -0.046236 -8.347685
v -0.989615 0.421793 -9.476344
v -0.997392 -0.046237 -9.487985
v -0.348737 0.421793 -6.254414
v -0.351468 -0.046236 -6.240683
v 1.239240 1.930279 -7.751235
v -0.248767 5.779693 -6.756982
v -0.277620 6.162511 -6.611571
v -1.243017 5.779693 -8.244987
v -1.388292 6.162510 -8.273815
v -1.177217 6.162510 -7.212666
v -1.054067 5.779693 -7.295069
v 1.050291 5.779693 -8.701154
v 1.173552 6.162511 -8.783398
v 0.273950 6.162511 -9.384491
v 0.244986 5.779693 -9.239239
v -0.704931 5.779693 -9.050288
v -0.787199 6.162511 -9.173414
v 0.701153 5.779693 -6.945931
v 0.783532 6.162511 -6.822646
v 1.384627 6.162511 -7.722247
v 1.239241 5.779693 -7.751235
v -0.831399 12.553225 -8.158691
v -0.704213 9.876698 -7.519603
v -0.831951 9.876698 -8.171124
v -0.162036 9.876698 -7.156917
v 0.167414 9.876698 -8.894912
v 0.839188 9.876698 -7.838713
v 0.710549 9.876698 -8.510599
v -0.471127 9.876698 -8.745650
v 0.477463 9.876698 -7.284554
v 0.477482 12.553225 -7.284126
v 0.170373 12.553225 -8.828055
v -0.704191 12.553225 -7.519176
v 0.839742 12.553225 -7.826281
v -0.162036 12.553225 -7.156917
v 0.712531 12.553225 -8.465799
v -0.469142 12.553225 -8.700850
v 1.096730 12.553226 -8.722511
v 0.260520 12.553226 -9.281248
v -1.284591 12.553226 -8.248837
v 0.734196 12.553226 -6.899927
v -1.088390 12.553226 -7.262463
v 1.292934 12.553226 -7.736137
v -0.252180 12.553226 -6.703725
v -0.725856 12.553226 -9.085048
v 0.004172 14.375260 -7.992486
v 1.346032 -0.046236 -7.118717
v 1.346032 -0.046236 -8.797577
v 1.346032 1.351045 -7.118717
v 1.346032 1.351045 -8.797577
v 1.346032 -0.046236 -7.958147
v 1.346032 1.728399 -7.958147
v 1.698795 6.071155 -8.024242
v 1.209881 6.071155 -6.804739
v 0.016430 6.071155 -6.297421
v -1.192270 6.071155 -6.783373
v -1.702548 6.071156 -7.976191
v -1.216850 6.071155 -9.188232
v -0.029181 6.071155 -9.698765
v 1.182153 6.071155 -9.219177
v 1.382941 5.097528 -8.019622
v 0.984784 5.097528 -7.026493
v 0.012871 5.097528 -6.613348
v -0.971459 5.097528 -7.009093
v -1.387015 5.097528 -7.980491
v -0.991477 5.097528 -8.967542
v -0.024273 5.097528 -9.383305
v 0.962203 5.097528 -8.992743
v 1.138360 4.867877 -8.016045
v 0.810479 4.867877 -7.198209
v 0.010116 4.867877 -6.857987
v -0.800474 4.867877 -7.183881
v -1.142681 4.867877 -7.983820
v -0.816958 4.867877 -8.796650
v -0.020472 4.867877 -9.139029
v 0.791884 4.867877 -8.817403
v 1.756610 6.659354 -8.025088
v 1.251083 6.659354 -6.764148
v 0.017081 6.659354 -6.239593
v -1.232687 6.659354 -6.742057
v -1.760304 6.659355 -7.975404
v -1.258103 6.659354 -9.228628
v -0.030080 6.659354 -9.756507
v 1.222413 6.659354 -9.260624
v -0.003846 6.659354 -7.999098
v 1.512752 2.003024 -7.958148
v 1.512751 1.617243 -7.958148
v 0.502286 1.566853 -7.958148
v 1.512752 1.936572 -8.234386
v 1.512751 1.494280 -8.266206
v 0.502286 1.443890 -8.266206
v 1.512751 -0.046237 -8.698114
v 0.502286 -0.046238 -8.698114
v 1.512751 1.723036 -8.526186
v 1.512751 1.169746 -8.505145
v 0.502286 1.119355 -8.505145
v 1.512751 1.326377 -8.796176
v 1.512751 0.744908 -8.689876
v 0.502286 0.694519 -8.689876
v 1.512751 0.841244 -8.991266
v 1.512751 -0.046237 -9.003762
v 1.512752 1.936572 -7.681910
v 1.512751 1.494280 -7.650090
v 0.502286 1.443890 -7.650090
v 1.512751 -0.046237 -7.218181
v 0.502286 -0.046238 -7.218181
v 1.512752 1.723036 -7.390110
v 1.512751 1.169746 -7.411151
v 0.502286 1.119355 -7.411151
v 1.512751 1.326377 -7.120120
v 1.512751 0.744908 -7.226420
v 0.502286 0.694519 -7.226420
v 1.512751 0.841244 -6.925029
v 1.512751 -0.046237 -6.912534
v 0.502286 2.005715 -7.958148
v 0.502286 1.741343 -8.526186
v 0.502286 0.841245 -8.991266
v 0.502286 1.939563 -8.234386
v 0.502286 1.330412 -8.796176
v 0.502286 -0.046237 -9.003762
v 0.502286 1.741343 -7.390110
v 0.502286 0.841245 -6.925029
v 0.502286 1.939563 -7.681910
v 0.502286 1.330412 -7.120120
v 0.502286 -0.046237 -6.912534
vt 0.000000 0.000000
vt 0.000000 0.000000
vt 0.000000 0.000000
vt 0.000000 0.000000
vt 0.000000 0.000000
vt 0.000000 0.000000
vt 0.000000 0.000000
vt 0.000000 0.000000
vt 0.000000 0.000000
vt 0.000000 0.000000
vt 0.000000 0.000000
vt 0.000000 0.000000
vt 0.000000 0.000000
vt 0.000000 0.000000
vt 0.000000 0.000000
vt 0.000000 0.000000
vt 0.000000 0.000000
vt 0.000000 0.000000
vt 0.000000 0.000000
vt 0.000000 0.000000
vt 0.000000 0.000000
vt 0.000000 0.000000
vt 0.000000 0.000000
vt 0.000000 0.000000
vt 0.000000 0.000000
vt 0.000000 0.000000
vt 0.000000 0.000000
vt 0.000000 0.000000
vt 0.000000 0.000000
vt 0.000000 0.000000
vt 0.000000 0.000000
vt 0.000000 0.000000
vt 0.000000 0.000000
vt 0.000000 0.000000
vt 0.000000 0.000000
vt 0.000000 0.000000
vt 0.000000 0.000000
vt 0.000000 0.000000
vt 0.000000 0.000000
vt 0.000000 0.000000
vt 0.000000 0.000000
vt 0.000000 0.000000
vt 0.000000 0.000000
vt 0.000000 0.000000
vt 0.000000 0.000000
vt 0.000000 0.000000
vt 0.000000 0.000000
vt 0.000000 0.000000
vt 0.246280 0.324386
vt 0.884860 0.456328
vt 0.884860 0.456328
vt 0.246280 0.324386
vt 0.432541 0.373571
vt 0.296366 0.324412
vt 0.296366 0.324412
vt 0.432541 0.373571
vt 0.485307 0.374263
vt 0.470900 0.374037
vt 0.470900 0.374037
vt 0.485839 0.374271
vt 0.432541 0.373571
vt 0.296366 0.324412
vt 0.296366 0.324412
vt 0.432541 0.373571
vt 0.246280 0.324386
vt 0.884860 0.456328
vt 0.884860 0.456328
vt 0.246280 0.324386
vt 0.284616 0.324365
vt 0.284616 0.324365
vt 0.263870 0.341219
vt 0.253906 0.324365
vt 0.450175 0.373760
vt 0.448889 0.373739
vt 0.450175 0.373760
vt 0.246280 0.324386
vt 0.884860 0.456328
vt 0.884860 0.456328
vt 0.246280 0.324386
vt 0.432541 0.373571
vt 0.296366 0.324412
vt 0.296366 0.324412
vt 0.432541 0.373571
vt 0.450175 0.373760
vt 0.450175 0.373760
vt 0.470900 0.374037
vt 0.485310 0.374263
vt 0.285495 0.324367
vt 0.470900 0.374037
vt 0.284616 0.324365
vt 0.252716 0.324368
vt 0.253906 0.324365
vt 0.485842 0.374271
vt 0.470900 0.374037
vt 0.485312 0.374263
vt 0.285701 0.324368
vt 0.252719 0.324368
vt 0.450175 0.373760
vt 0.485826 0.374271
vt 0.470900 0.374037
vt 0.470900 0.374037
vt 0.485543 0.374266
vt 0.284616 0.324365
vt 0.284616 0.324365
vt 0.296366 0.324412
vt 0.432541 0.373571
vt 0.253906 0.324365
vt 0.246280 0.324386
vt 0.253906 0.324365
vt 0.450175 0.373760
vt 0.450175 0.373760
vt 0.884860 0.456328
vt 0.284617 0.461587
vt 0.296367 0.461635
vt 0.296367 0.506337
vt 0.284617 0.506289
vt 0.448450 0.510970
vt 0.447888 0.555668
vt 0.430254 0.555479
vt 0.430816 0.510781
vt 0.469175 0.511246
vt 0.468613 0.555944
vt 0.268620 0.343907
vt 0.284617 0.456299
vt 0.264523 0.461291
vt 0.483624 0.505836
vt 0.469241 0.505958
vt 0.430882 0.505493
vt 0.749849 0.111463
vt 0.448516 0.505682
vt 0.296367 0.456346
vt 0.246281 0.456320
vt 0.961873 0.332871
vt 0.264454 0.466050
vt 0.263871 0.506278
vt 0.921677 0.030776
vt 0.768027 0.102927
vt 0.246281 0.461608
vt 0.246281 0.506310
vt 0.991054 0.286092
vt 0.964960 0.327922
vt 0.484038 0.511107
vt 0.483221 0.556175
vt 0.763260 0.675474
vt 0.774598 0.675483
vt 0.774598 0.749005
vt 0.763260 0.748997
vt 0.728922 0.263531
vt 0.738544 0.263514
vt 0.738544 0.337038
vt 0.728922 0.337055
vt 0.781372 0.675371
vt 0.781497 0.749034
vt 0.749893 0.263520
vt 0.749893 0.337044
vt 0.753614 0.675492
vt 0.753614 0.749014
vt 0.993504 0.573530
vt 0.996630 0.573530
vt 0.996733 0.645961
vt 0.993570 0.646016
vt 0.756320 0.263546
vt 0.757118 0.337067
vt 0.316476 0.674748
vt 0.319601 0.674205
vt 0.319626 0.747420
vt 0.316465 0.747711
vt 0.544084 0.787665
vt 0.541608 0.781165
vt 0.542076 0.775376
vt 0.545407 0.784690
vt 0.538488 0.782951
vt 0.537640 0.778405
vt 0.542044 0.775861
vt 0.536389 0.792909
vt 0.536603 0.804068
vt 0.535260 0.807556
vt 0.534954 0.791813
vt 0.542366 0.808602
vt 0.544398 0.799030
vt 0.545963 0.800196
vt 0.543073 0.813127
vt 0.536703 0.804274
vt 0.539179 0.810774
vt 0.538711 0.816585
vt 0.535381 0.807249
vt 0.545833 0.800126
vt 0.538421 0.783337
vt 0.534825 0.791744
vt 0.537714 0.778812
vt 0.542300 0.808983
vt 0.543145 0.813525
vt 0.538744 0.816078
vt 0.314384 0.857514
vt 0.310183 0.854161
vt 0.314384 0.779329
vt 0.639394 0.775660
vt 0.647854 0.773505
vt 0.647854 0.853875
vt 0.830702 0.962939
vt 0.826458 0.959664
vt 0.829700 0.885301
vt 0.842599 0.825385
vt 0.827692 0.821516
vt 0.858293 0.749030
vt 0.611824 0.782817
vt 0.624470 0.779517
vt 0.818722 0.818954
vt 0.855290 0.828644
vt 0.500000 0.000000
vt 1.000000 0.000000
vt 1.000000 1.000000
vt 0.500000 1.000000
vt 0.000000 0.000000
vt 0.000000 1.000000
vt 0.000000 0.000000
vt 0.000000 0.000000
vt 0.000000 0.000000
vt 0.000000 0.000000
vt 0.000000 0.000000
vt 0.000000 0.000000
vt 0.000000 0.000000
vt 0.000000 0.000000
vt 0.000000 0.000000
vt 0.000000 0.000000
vt 0.000000 0.000000
vt 0.000000 0.000000
vt 0.000000 0.000000
vt 0.000000 0.000000
vt 0.000000 0.000000
vt 0.000000 0.000000
vt 0.000000 0.000000
vt 0.000000 0.000000
vt 0.000000 0.000000
vt 0.000000 0.000000
vt 0.000000 0.000000
vt 0.000000 0.000000
vt 0.000000 0.000000
vt 0.000000 0.000000
vt 0.000000 0.000000
vt 0.000000 0.000000
vt 0.000000 0.000000
vt 0.000000 0.000000
vt 0.000000 0.000000
vt 0.000000 0.000000
vt 0.000000 0.000000
vt 0.000000 0.000000
vt 0.000000 0.000000
vt 0.377904 0.770870
vt 0.386344 0.760828
vt 0.390615 0.769012
vt 0.377904 0.770870
vt 0.370542 0.784452
vt 0.380742 0.783096
vt 0.898458 0.684405
vt 0.907363 0.684408
vt 0.907364 0.697480
vt 0.898458 0.697477
vt 0.380742 0.783096
vt 0.370542 0.784452
vt 0.991745 0.386092
vt 0.991776 0.400723
vt 0.987253 0.399011
vt 0.987222 0.384381
vt 0.907370 0.711369
vt 0.898465 0.711365
vt 0.376163 0.799919
vt 0.366422 0.802177
vt 0.916606 0.650015
vt 0.925511 0.650004
vt 0.925489 0.665675
vt 0.916584 0.665686
vt 0.374900 0.817288
vt 0.366101 0.820075
vt 0.390615 0.848280
vt 0.382434 0.852553
vt 0.925531 0.702022
vt 0.916626 0.702034
vt 0.863491 0.230801
vt 0.863492 0.215451
vt 0.868018 0.215469
vt 0.868017 0.230819
vt 0.991785 0.351358
vt 0.987262 0.349646
vt 0.863501 0.243912
vt 0.868027 0.243931
vt 0.366422 0.802177
vt 0.376163 0.799919
vt 0.898458 0.684405
vt 0.898458 0.697477
vt 0.907364 0.697480
vt 0.907363 0.684408
vt 0.366101 0.820075
vt 0.374900 0.817288
vt 0.991745 0.386092
vt 0.987222 0.384381
vt 0.987253 0.399011
vt 0.991776 0.400723
vt 0.898465 0.711365
vt 0.907370 0.711369
vt 0.916606 0.650015
vt 0.916584 0.665686
vt 0.925489 0.665675
vt 0.925511 0.650004
vt 0.382434 0.852553
vt 0.390615 0.848280
vt 0.916626 0.702034
vt 0.925531 0.702022
vt 0.863491 0.230801
vt 0.868017 0.230819
vt 0.991785 0.351358
vt 0.987262 0.349646
vt 0.863501 0.243912
vt 0.868027 0.243931
vt 0.907365 0.672130
vt 0.898460 0.672124
vn 0.8710 0.3202 -0.3726
vn 0.3741 0.3201 0.8704
vn -0.3706 0.3205 -0.8718
vn -0.8696 0.3201 0.3760
vn -0.8794 0.3198 -0.3526
vn 0.3534 0.3202 -0.8790
vn -0.3488 0.3199 0.8809
vn 0.8795 0.3197 0.3525
vn -0.6146 0.7428 0.2657
vn -0.6218 0.7424 -0.2493
vn 0.2497 0.7428 -0.6212
vn -0.2466 0.7425 0.6228
vn 0.6221 0.7422 0.2493
vn 0.6156 0.7428 -0.2633
vn 0.2644 0.7428 0.6151
vn -0.2617 0.7432 -0.6157
vn 0.9131 -0.1018 -0.3948
vn -0.9234 0.1017 -0.3702
vn 0.3711 0.1019 -0.9230
vn -0.3662 0.1018 0.9250
vn 0.9234 0.1017 0.3700
vn 0.9146 0.1019 -0.3913
vn 0.3929 0.1018 0.9139
vn -0.3892 0.1020 -0.9155
vn 0.0000 -1.0000 -0.0000
vn 0.0000 1.0000 -0.0000
vn 0.3681 -0.0000 -0.9298
vn 0.9282 0.0000 0.3721
vn -0.9179 0.0000 0.3969
vn 0.3912 0.0000 0.9203
vn -0.3949 0.0000 -0.9187
vn -0.3730 0.0000 0.9278
vn -0.9194 0.0000 0.3933
vn -0.9282 0.0000 -0.3720
vn 0.0712 0.9311 0.3579
vn -0.0712 0.9311 -0.3579
vn -0.2451 0.8974 0.3668
vn -0.0861 0.8974 -0.4327
vn 0.0861 0.8974 0.4327
vn 0.2451 0.8974 -0.3668
vn 0.4295 0.6802 0.5940
vn -0.3668 0.8974 -0.2451
vn -0.4327 0.8974 0.0861
vn 0.0784 0.9157 0.3942
vn -0.0784 0.9157 -0.3942
vn -0.3342 0.9157 -0.2233
vn -0.5556 -0.0000 0.8315
vn 0.5506 0.0152 -0.8346
vn -0.3942 0.9157 0.0784
vn -0.1951 0.0000 -0.9808
vn 0.2292 0.9093 -0.3472
vn 0.7071 0.0000 0.7071
vn 0.2702 0.9241 0.2702
vn -0.9808 0.0000 0.1951
vn -0.8315 0.0000 -0.5556
vn -0.2233 0.9157 0.3342
vn 0.1951 -0.0000 0.9808
vn 0.5493 0.0211 -0.8353
vn -0.5554 0.0276 0.8312
vn 0.5554 0.0276 -0.8312
vn -0.1950 0.0276 -0.9804
vn 0.7068 0.0293 0.7068
vn -0.9804 0.0276 0.1950
vn -0.8312 0.0276 -0.5554
vn 0.1950 0.0276 0.9804
vn -0.2027 0.9311 0.3034
vn 0.2449 0.9381 0.2449
vn 0.2098 0.9244 -0.3187
vn -0.3579 0.9311 0.0712
vn -0.3034 0.9311 -0.2027
vn 0.5556 -0.0000 -0.8315
vn 0.9808 -0.0000 -0.1951
vn 0.8315 -0.0000 0.5556
vn -0.1837 -0.3365 -0.9236
vn 0.7829 -0.3369 0.5231
vn 0.1837 -0.3369 0.9234
vn -0.5231 -0.3368 0.7829
vn -0.9235 -0.3366 0.1837
vn -0.7830 -0.3365 -0.5232
vn 0.9235 -0.3368 -0.1837
vn 0.5231 -0.3366 -0.7829
vn -0.9811 -0.0004 0.1937
vn 0.8345 -0.0014 0.5511
vn -0.5558 -0.0001 0.8313
vn 0.9815 0.0016 -0.1915
vn -0.8394 0.0062 -0.5435
vn 0.1954 -0.0001 0.9807
vn 0.5667 0.0167 -0.8238
vn -0.2114 0.0206 -0.9772
vn 0.1624 0.5545 0.8162
vn 0.4623 0.5545 -0.6919
vn -0.1624 0.5545 -0.8162
vn -0.8162 0.5545 0.1624
vn 0.6919 0.5545 0.4623
vn -0.4623 0.5545 0.6919
vn 0.8162 0.5545 -0.1624
vn -0.6919 0.5545 -0.4623
vn 1.0000 -0.0000 0.0000
vn 0.8807 0.2871 -0.3768
vn 0.3783 0.2870 0.8801
vn -0.3747 0.2874 -0.8815
vn -0.8793 0.2870 0.3802
vn -0.8892 0.2868 -0.3565
vn 0.3573 0.2871 -0.8888
vn -0.3526 0.2868 0.8907
vn 0.8893 0.2866 0.3564
vn -0.6543 0.7013 0.2829
vn -0.6620 0.7009 -0.2654
vn 0.2659 0.7013 -0.6614
vn -0.2625 0.7010 0.6631
vn 0.6622 0.7007 0.2654
vn 0.6554 0.7013 -0.2804
vn 0.2815 0.7013 0.6549
vn -0.2787 0.7018 -0.6556
vn 0.9141 -0.0904 -0.3952
vn -0.9244 0.0903 -0.3706
vn 0.3715 0.0904 -0.9240
vn -0.3666 0.0903 0.9260
vn 0.9245 0.0903 0.3705
vn 0.9156 0.0904 -0.3917
vn 0.3933 0.0904 0.9150
vn -0.3896 0.0905 -0.9165
vn 0.0086 0.8171 -0.5765
vn 0.0199 -0.3987 0.9169
vn 0.0061 0.5558 -0.8313
vn 0.0007 0.3718 -0.9283
vn 0.0000 0.0141 -0.9999
vn 0.0463 -0.9278 0.3703
vn 0.0003 -0.0108 0.9999
vn 0.0296 -0.5926 0.8049
vn 0.0086 0.8171 0.5765
vn 0.0199 -0.3987 -0.9169
vn 0.0061 0.5558 0.8313
vn 0.0007 0.3718 0.9283
vn 0.0000 0.0141 0.9999
vn 0.0463 -0.9278 -0.3703
vn 0.0003 -0.0108 -0.9999
vn 0.0296 -0.5926 -0.8049
vn 0.0027 0.9724 0.2334
vn 0.0027 0.9724 -0.2334
usemtl COLLIDER
s off
f 2826/3695/1770 2825/3696/1770 2833/3697/1770 2834/3698/1770
f 2828/3699/1771 2827/3700/1771 2835/3701/1771 2836/3702/1771
f 2824/3703/1772 2823/3704/1772 2831/3705/1772 2832/3706/1772
f 2822/3707/1773 2829/3708/1773 2837/3709/1773 2830/3710/1773
f 2823/3704/1774 2822/3707/1774 2830/3710/1774 2831/3705/1774
f 2825/3696/1775 2824/3703/1775 2832/3706/1775 2833/3697/1775
f 2829/3708/1776 2828/3699/1776 2836/3702/1776 2837/3709/1776
f 2827/3700/1777 2826/3695/1777 2834/3698/1777 2835/3701/1777
f 2830/3710/1778 2837/3709/1778 2845/3711/1778 2838/3712/1778
f 2831/3705/1779 2830/3710/1779 2838/3712/1779 2839/3713/1779
f 2833/3697/1780 2832/3706/1780 2840/3714/1780 2841/3715/1780
f 2837/3709/1781 2836/3702/1781 2844/3716/1781 2845/3711/1781
f 2835/3701/1782 2834/3698/1782 2842/3717/1782 2843/3718/1782
f 2834/3698/1783 2833/3697/1783 2841/3715/1783 2842/3717/1783
f 2836/3702/1784 2835/3701/1784 2843/3718/1784 2844/3716/1784
f 2832/3706/1785 2831/3705/1785 2839/3713/1785 2840/3714/1785
f 2822/3707/1786 2829/3708/1786 2853/3719/1786 2846/3720/1786
f 2822/3707/1787 2823/3704/1787 2847/3721/1787 2846/3720/1787
f 2824/3703/1788 2825/3696/1788 2849/3722/1788 2848/3723/1788
f 2828/3699/1789 2829/3708/1789 2853/3719/1789 2852/3724/1789
f 2826/3695/1790 2827/3700/1790 2851/3725/1790 2850/3726/1790
f 2825/3696/1791 2826/3695/1791 2850/3726/1791 2849/3722/1791
f 2827/3700/1792 2828/3699/1792 2852/3724/1792 2851/3725/1792
f 2823/3704/1793 2824/3703/1793 2848/3723/1793 2847/3721/1793
f 2850/3726/1794 2851/3725/1794 2859/3727/1794 2858/3728/1794
f 2849/3722/1794 2850/3726/1794 2858/3728/1794 2857/3729/1794
f 2851/3725/1794 2852/3724/1794 2860/3730/1794 2859/3727/1794
f 2847/3721/1794 2848/3723/1794 2856/3731/1794 2855/3732/1794
f 2846/3720/1795 2853/3719/1795 2861/3733/1795 2854/3734/1795
f 2846/3720/1794 2847/3721/1794 2855/3732/1794 2854/3734/1794
f 2848/3723/1794 2849/3722/1794 2857/3729/1794 2856/3731/1794
f 2852/3724/1794 2853/3719/1794 2861/3733/1794 2860/3730/1794
f 2860/3730/1796 2861/3733/1796 2869/3735/1796 2868/3736/1796
f 2854/3734/1797 2855/3732/1797 2863/3737/1797 2862/3738/1797
f 2854/3734/1798 2861/3733/1798 2869/3735/1798 2862/3738/1798
f 2855/3732/1799 2856/3731/1799 2864/3739/1799 2863/3737/1799
f 2859/3727/1800 2860/3730/1800 2868/3736/1800 2867/3740/1800
f 2856/3731/1801 2857/3729/1801 2865/3741/1801 2864/3739/1801
f 2857/3729/1802 2858/3728/1802 2866/3742/1802 2865/3741/1802
f 2858/3728/1803 2859/3727/1803 2867/3740/1803 2866/3742/1803
f 2867/3740/1794 2868/3736/1794 2869/3735/1794 2862/3738/1794 2863/3737/1794 2864/3739/1794 2865/3741/1794 2866/3742/1794
f 2891/3743/1804 2894/3744/1804 2931/3745/1804 2925/3746/1804
f 2893/3747/1805 2889/3748/1805 2924/3749/1805 2929/3750/1805
f 2870/3751/1806 2884/3752/1806 2901/3753/1806 2895/3754/1806
f 2881/3755/1807 2879/3756/1807 2896/3757/1807 2897/3758/1807
f 2883/3759/1808 2870/3760/1808 2895/3761/1808 2902/3762/1808
f 2879/3756/1809 2882/3763/1809 2898/3764/1809 2896/3757/1809
f 2933/3765/1810 2883/3759/1810 2902/3762/1810 2899/3766/1810
f 2880/3767/1811 2881/3755/1811 2897/3758/1811 2900/3768/1811
f 2884/3752/1812 2880/3767/1812 2900/3769/1812 2901/3753/1812
f 2915/3770/1813 2909/3771/1813 2890/3772/1813 2918/3773/1813
f 2912/3774/1814 2905/3775/1814 2888/3776/1814 2885/3777/1814
f 2913/3778/1815 2912/3774/1815 2885/3777/1815 2917/3779/1815
f 2895/3754/1816 2901/3753/1816 2908/3780/1816 2909/3781/1816
f 2896/3757/1817 2898/3764/1817 2906/3782/1817 2905/3775/1817
f 2908/3780/1818 2913/3778/1818 2917/3779/1818 2922/3783/1818
f 2897/3758/1819 2896/3757/1819 2905/3775/1819 2912/3774/1819
f 2905/3775/1820 2906/3782/1820 2886/3784/1820 2888/3776/1820
f 2899/3766/1821 2902/3762/1821 2915/3770/1821 2907/3785/1821
f 2907/3785/1822 2915/3770/1822 2918/3773/1822 2920/3786/1822
f 2901/3753/1823 2900/3769/1823 2913/3778/1823 2908/3780/1823
f 2900/3768/1824 2897/3758/1824 2912/3774/1824 2913/3778/1824
f 2909/3781/1825 2908/3780/1825 2922/3783/1825 2890/3787/1825
f 2902/3762/1826 2895/3761/1826 2909/3771/1826 2915/3770/1826
f 2890/3787/1816 2922/3783/1816 2921/3788/1816 2894/3789/1816
f 2888/3776/1827 2886/3784/1827 2887/3790/1827 2889/3748/1827
f 2885/3777/1819 2888/3776/1819 2889/3748/1819 2893/3747/1819
f 2920/3786/1821 2918/3773/1821 2891/3743/1821 2919/3791/1821
f 2922/3783/1823 2917/3779/1823 2892/3792/1823 2921/3788/1823
f 2917/3779/1824 2885/3777/1824 2893/3747/1824 2892/3792/1824
f 2918/3773/1826 2890/3772/1826 2894/3744/1826 2891/3743/1826
f 2931/3793/1828 2914/3794/1828 2916/3795/1828 2932/3796/1828
f 2924/3749/1829 2903/3797/1829 2904/3798/1829 2923/3799/1829
f 2929/3750/1830 2924/3749/1830 2923/3799/1830 2930/3800/1830
f 2910/3801/1831 2925/3746/1831 2926/3802/1831 2911/3803/1831
f 2914/3794/1832 2927/3804/1832 2928/3805/1832 2916/3795/1832
f 2927/3804/1833 2929/3750/1833 2930/3800/1833 2928/3805/1833
f 2925/3746/1834 2931/3745/1834 2932/3806/1834 2926/3802/1834
f 2894/3789/1835 2921/3788/1835 2914/3794/1835 2931/3793/1835
f 2919/3791/1836 2891/3743/1836 2925/3746/1836 2910/3801/1836
f 2889/3748/1837 2887/3790/1837 2903/3797/1837 2924/3749/1837
f 2921/3788/1838 2892/3792/1838 2927/3804/1838 2914/3794/1838
f 2892/3792/1839 2893/3747/1839 2929/3750/1839 2927/3804/1839
f 2941/3807/1840 2942/3808/1840 2873/3809/1840 2874/3810/1840
f 2937/3811/1824 2871/3812/1824 2872/3813/1824 2945/3814/1824
f 2938/3815/1823 2878/3816/1823 2871/3812/1823 2937/3811/1823
f 2933/3817/1841 2882/3763/1841 2940/3818/1841 2949/3819/1841
f 2870/3751/1816 2934/3820/1816 2939/3821/1816 2884/3752/1816
f 2881/3755/1819 2944/3822/1819 2943/3823/1819 2879/3756/1819
f 2884/3752/1823 2939/3821/1823 2936/3824/1823 2880/3767/1823
f 2882/3763/1840 2879/3756/1840 2943/3825/1840 2940/3818/1840
f 2880/3767/1824 2936/3824/1824 2944/3822/1824 2881/3755/1824
f 2883/3759/1842 2933/3765/1842 2949/3819/1842 2946/3826/1842
f 2883/3759/1826 2946/3826/1826 2934/3827/1826 2870/3760/1826
f 2948/3828/1841 2941/3807/1841 2874/3810/1841 2875/3829/1841
f 2945/3814/1819 2872/3813/1819 2873/3830/1819 2942/3831/1819
f 2947/3832/1826 2876/3833/1826 2877/3834/1826 2935/3835/1826
f 2935/3836/1816 2877/3837/1816 2878/3816/1816 2938/3815/1816
f 2947/3832/1842 2948/3828/1842 2875/3829/1842 2876/3833/1842
f 2945/3814/1843 2942/3831/1843 2943/3823/1843 2944/3822/1843
f 2948/3828/1844 2947/3832/1844 2946/3826/1844 2949/3819/1844
f 2947/3832/1845 2935/3835/1845 2934/3827/1845 2946/3826/1845
f 2935/3836/1846 2938/3815/1846 2939/3821/1846 2934/3820/1846
f 2938/3815/1847 2937/3811/1847 2936/3824/1847 2939/3821/1847
f 2937/3811/1848 2945/3814/1848 2944/3822/1848 2936/3824/1848
f 2941/3807/1849 2948/3828/1849 2949/3819/1849 2940/3818/1849
f 2942/3808/1850 2941/3807/1850 2940/3818/1850 2943/3825/1850
f 2952/3838/1851 2951/3839/1851 2961/3840/1851 2950/3841/1851
f 2958/3842/1852 2955/3843/1852 2962/3844/1852 2959/3845/1852
f 2951/3839/1853 2953/3846/1853 2963/3847/1853 2961/3840/1853
f 2955/3843/1854 2956/3848/1854 2964/3849/1854 2962/3844/1854
f 2957/3850/1855 2952/3838/1855 2950/3841/1855 2965/3851/1855
f 2953/3852/1856 2958/3853/1856 2959/3854/1856 2963/3855/1856
f 2956/3848/1857 2954/3856/1857 2960/3857/1857 2964/3849/1857
f 2954/3858/1858 2957/3859/1858 2965/3860/1858 2960/3861/1858
f 2964/3862/1794 2960/3863/1794 2967/3864/1794 2966/3865/1794
f 2960/3863/1794 2965/3866/1794 2973/3867/1794 2967/3868/1794
f 2950/3869/1794 2961/3870/1794 2970/3871/1794 2968/3872/1794
f 2959/3873/1794 2962/3874/1794 2971/3875/1794 2969/3876/1794
f 2961/3877/1794 2963/3878/1794 2972/3879/1794 2970/3880/1794
f 2962/3874/1794 2964/3862/1794 2966/3865/1794 2971/3881/1794
f 2965/3882/1794 2950/3869/1794 2968/3883/1794 2973/3884/1794
f 2963/3878/1794 2959/3885/1794 2969/3886/1794 2972/3887/1794
f 2972/3888/1859 2969/3889/1859 2974/3890/1859
f 2966/3891/1860 2967/3892/1860 2974/3893/1860
f 2967/3894/1861 2973/3895/1861 2974/3896/1861
f 2968/3897/1862 2970/3898/1862 2974/3899/1862
f 2969/3900/1863 2971/3901/1863 2974/3893/1863
f 2970/3898/1864 2972/3902/1864 2974/3899/1864
f 2971/3901/1865 2966/3891/1865 2974/3893/1865
f 2973/3903/1866 2968/3897/1866 2974/3899/1866
f 2979/3904/1867 2976/3905/1867 2978/3906/1867 2980/3907/1867
f 2975/3908/1867 2979/3904/1867 2980/3907/1867 2977/3909/1867
f 2985/3910/1868 2984/3911/1868 2992/3912/1868 2993/3913/1868
f 2987/3914/1869 2986/3915/1869 2994/3916/1869 2995/3917/1869
f 2983/3918/1870 2982/3919/1870 2990/3920/1870 2991/3921/1870
f 2981/3922/1871 2988/3923/1871 2996/3924/1871 2989/3925/1871
f 2982/3919/1872 2981/3922/1872 2989/3925/1872 2990/3920/1872
f 2984/3911/1873 2983/3918/1873 2991/3921/1873 2992/3912/1873
f 2988/3923/1874 2987/3914/1874 2995/3917/1874 2996/3924/1874
f 2986/3915/1875 2985/3910/1875 2993/3913/1875 2994/3916/1875
f 2989/3925/1876 2996/3924/1876 3004/3926/1876 2997/3927/1876
f 2990/3920/1877 2989/3925/1877 2997/3927/1877 2998/3928/1877
f 2992/3912/1878 2991/3921/1878 2999/3929/1878 3000/3930/1878
f 2996/3924/1879 2995/3917/1879 3003/3931/1879 3004/3926/1879
f 2994/3916/1880 2993/3913/1880 3001/3932/1880 3002/3933/1880
f 2993/3913/1881 2992/3912/1881 3000/3930/1881 3001/3932/1881
f 2995/3917/1882 2994/3916/1882 3002/3933/1882 3003/3931/1882
f 2991/3921/1883 2990/3920/1883 2998/3928/1883 2999/3929/1883
f 2981/3922/1884 2988/3923/1884 3012/3934/1884 3005/3935/1884
f 2981/3922/1885 2982/3919/1885 3006/3936/1885 3005/3935/1885
f 2983/3918/1886 2984/3911/1886 3008/3937/1886 3007/3938/1886
f 2987/3914/1887 2988/3923/1887 3012/3934/1887 3011/3939/1887
f 2985/3910/1888 2986/3915/1888 3010/3940/1888 3009/3941/1888
f 2984/3911/1889 2985/3910/1889 3009/3941/1889 3008/3937/1889
f 2986/3915/1890 2987/3914/1890 3011/3939/1890 3010/3940/1890
f 2982/3919/1891 2983/3918/1891 3007/3938/1891 3006/3936/1891
f 3009/3941/1794 3010/3940/1794 3013/3942/1794
f 3008/3937/1794 3009/3941/1794 3013/3942/1794
f 3010/3940/1794 3011/3939/1794 3013/3942/1794
f 3006/3936/1794 3007/3938/1794 3013/3942/1794
f 3005/3935/1795 3012/3934/1795 3013/3942/1795
f 3005/3935/1794 3006/3936/1794 3013/3942/1794
f 3007/3938/1794 3008/3937/1794 3013/3942/1794
f 3011/3939/1794 3012/3934/1794 3013/3942/1794
f 3017/3943/1867 3014/3944/1867 3015/3945/1867
f 3030/3946/1867 3035/3947/1867 3031/3948/1867 3015/3945/1867
f 3046/3949/1892 3017/3950/1892 3022/3951/1892 3044/3952/1892
f 3018/3953/1867 3022/3954/1867 3017/3943/1867 3015/3945/1867
f 3026/3955/1893 3023/3956/1893 3024/3957/1893 3027/3958/1893
f 3044/3952/1894 3022/3951/1894 3025/3959/1894 3047/3960/1894
f 3023/3961/1867 3025/3962/1867 3022/3954/1867 3018/3953/1867
f 3047/3963/1895 3025/3964/1895 3028/3965/1895 3045/3966/1895
f 3026/3967/1867 3028/3968/1867 3025/3962/1867 3023/3961/1867
f 3028/3968/1867 3026/3967/1867 3020/3969/1867 3029/3970/1867
f 3045/3966/1896 3028/3965/1896 3029/3971/1896 3048/3972/1896
f 3018/3973/1897 3015/3974/1897 3016/3975/1897 3019/3976/1897
f 3020/3977/1898 3026/3955/1898 3027/3958/1898 3021/3978/1898
f 3023/3979/1899 3018/3973/1899 3019/3976/1899 3024/3980/1899
f 3030/3946/1867 3015/3945/1867 3014/3944/1867
f 3035/3947/1867 3038/3981/1867 3036/3982/1867 3031/3948/1867
f 3051/3983/1900 3049/3984/1900 3035/3985/1900 3030/3986/1900
f 3038/3981/1867 3041/3987/1867 3039/3988/1867 3036/3982/1867
f 3039/3989/1901 3040/3990/1901 3037/3991/1901 3036/3992/1901
f 3049/3984/1902 3052/3993/1902 3038/3994/1902 3035/3985/1902
f 3052/3995/1903 3050/3996/1903 3041/3997/1903 3038/3998/1903
f 3041/3987/1867 3042/3999/1867 3033/4000/1867 3039/3988/1867
f 3050/3996/1904 3053/4001/1904 3042/4002/1904 3041/3997/1904
f 3031/4003/1905 3032/4004/1905 3016/3975/1905 3015/3974/1905
f 3033/4005/1906 3034/4006/1906 3040/3990/1906 3039/3989/1906
f 3036/4007/1907 3037/4008/1907 3032/4004/1907 3031/4003/1907
f 3030/3986/1908 3014/4009/1908 3043/4010/1908 3051/3983/1908
f 3017/3950/1909 3046/3949/1909 3043/4010/1909 3014/4009/1909
